999
DXF data, created by potrace 1.16, written by Peter Selinger 2001-2019
  0
SECTION
  2
HEADER
  9
$ACADVER
  1
AC1006
  9
$EXTMIN
 10
0.000000
 20
0.000000
 30
0.000000
  9
$EXTMAX
 10
195.156667
 20
47.159333
 30
0.000000
  0
ENDSEC
  0
SECTION
  2
ENTITIES
  0
POLYLINE
  8
0
 66
1
 70
1
  0
VERTEX
  8
0
 10
77.004333
 20
46.180349
 42
0.006672
  0
VERTEX
  8
0
 10
76.562667
 20
46.071342
 42
0.009751
  0
VERTEX
  8
0
 10
76.177116
 20
45.962636
 42
0.006283
  0
VERTEX
  8
0
 10
75.860652
 20
45.862350
 42
0.127224
  0
VERTEX
  8
0
 10
75.776667
 20
45.808217
 42
-0.079733
  0
VERTEX
  8
0
 10
75.744157
 20
45.782646
 42
-0.004760
  0
VERTEX
  8
0
 10
75.634149
 20
45.722856
 42
-0.007054
  0
VERTEX
  8
0
 10
75.500887
 20
45.654455
 42
-0.005142
  0
VERTEX
  8
0
 10
75.350946
 20
45.582057
 42
0.047785
  0
VERTEX
  8
0
 10
74.649857
 20
45.166519
 42
0.021995
  0
VERTEX
  8
0
 10
73.820110
 20
44.503024
 42
0.021249
  0
VERTEX
  8
0
 10
72.987017
 20
43.709637
 42
0.024496
  0
VERTEX
  8
0
 10
72.265017
 20
42.883667
 42
-0.002020
  0
VERTEX
  8
0
 10
72.133175
 20
42.718408
 42
-0.002848
  0
VERTEX
  8
0
 10
72.014226
 20
42.572252
 42
-0.001657
  0
VERTEX
  8
0
 10
71.912847
 20
42.449952
 42
-0.039377
  0
VERTEX
  8
0
 10
71.881605
 20
42.418000
 42
0.073186
  0
VERTEX
  8
0
 10
71.766727
 20
42.283469
 42
0.002211
  0
VERTEX
  8
0
 10
71.377320
 20
41.657121
 42
0.001315
  0
VERTEX
  8
0
 10
70.978698
 20
41.005751
 42
0.137494
  0
VERTEX
  8
0
 10
70.950667
 20
40.905740
 42
-0.072465
  0
VERTEX
  8
0
 10
70.945776
 20
40.872170
 42
-0.061589
  0
VERTEX
  8
0
 10
70.931409
 20
40.839329
 42
-0.063817
  0
VERTEX
  8
0
 10
70.910180
 20
40.812136
 42
-0.093765
  0
VERTEX
  8
0
 10
70.885108
 20
40.795222
 42
0.175393
  0
VERTEX
  8
0
 10
70.817978
 20
40.732211
 42
0.001319
  0
VERTEX
  8
0
 10
70.472602
 20
40.047448
 42
0.005484
  0
VERTEX
  8
0
 10
70.144986
 20
39.375309
 42
0.010059
  0
VERTEX
  8
0
 10
69.895216
 20
38.819667
 42
-0.003307
  0
VERTEX
  8
0
 10
69.834351
 20
38.679224
 42
-0.003150
  0
VERTEX
  8
0
 10
69.770653
 20
38.537297
 42
-0.003124
  0
VERTEX
  8
0
 10
69.712794
 20
38.412595
 42
-0.011182
  0
VERTEX
  8
0
 10
69.673549
 20
38.333982
 42
0.023136
  0
VERTEX
  8
0
 10
69.643864
 20
38.270783
 42
0.020451
  0
VERTEX
  8
0
 10
69.618780
 20
38.202483
 42
0.020954
  0
VERTEX
  8
0
 10
69.601281
 20
38.139048
 42
0.056878
  0
VERTEX
  8
0
 10
69.596000
 20
38.092778
 42
-0.088151
  0
VERTEX
  8
0
 10
69.577609
 20
37.989275
 42
-0.007704
  0
VERTEX
  8
0
 10
69.481480
 20
37.739285
 42
-0.010904
  0
VERTEX
  8
0
 10
69.366408
 20
37.470357
 42
-0.014817
  0
VERTEX
  8
0
 10
69.250216
 20
37.233316
 42
0.037505
  0
VERTEX
  8
0
 10
69.220492
 20
37.165006
 42
0.023053
  0
VERTEX
  8
0
 10
69.195447
 20
37.080873
 42
0.023061
  0
VERTEX
  8
0
 10
69.178269
 20
36.994863
 42
0.037771
  0
VERTEX
  8
0
 10
69.172667
 20
36.920812
 42
-0.042700
  0
VERTEX
  8
0
 10
69.166948
 20
36.853964
 42
-0.044290
  0
VERTEX
  8
0
 10
69.149960
 20
36.789905
 42
-0.048434
  0
VERTEX
  8
0
 10
69.125044
 20
36.737595
 42
-0.119539
  0
VERTEX
  8
0
 10
69.095367
 20
36.707553
 42
0.153430
  0
VERTEX
  8
0
 10
69.061915
 20
36.668849
 42
0.021158
  0
VERTEX
  8
0
 10
69.023363
 20
36.568242
 42
0.022643
  0
VERTEX
  8
0
 10
68.987145
 20
36.441507
 42
0.017406
  0
VERTEX
  8
0
 10
68.958794
 20
36.300390
 42
-0.012303
  0
VERTEX
  8
0
 10
68.931427
 20
36.156587
 42
-0.014392
  0
VERTEX
  8
0
 10
68.898211
 20
36.021700
 42
-0.013394
  0
VERTEX
  8
0
 10
68.864003
 20
35.909933
 42
-0.080536
  0
VERTEX
  8
0
 10
68.835789
 20
35.856333
 42
0.054403
  0
VERTEX
  8
0
 10
68.808043
 20
35.809682
 42
0.016969
  0
VERTEX
  8
0
 10
68.776736
 20
35.734360
 42
0.016739
  0
VERTEX
  8
0
 10
68.747236
 20
35.647246
 42
0.017731
  0
VERTEX
  8
0
 10
68.724253
 20
35.560000
 42
-0.005007
  0
VERTEX
  8
0
 10
68.699532
 20
35.455427
 42
-0.001939
  0
VERTEX
  8
0
 10
68.663271
 20
35.311027
 42
-0.001919
  0
VERTEX
  8
0
 10
68.622765
 20
35.154836
 42
-0.002373
  0
VERTEX
  8
0
 10
68.583784
 20
35.009667
 42
0.007169
  0
VERTEX
  8
0
 10
68.515187
 20
34.744056
 42
0.003296
  0
VERTEX
  8
0
 10
68.433075
 20
34.396204
 42
0.002105
  0
VERTEX
  8
0
 10
68.321111
 20
33.897871
 42
0.000564
  0
VERTEX
  8
0
 10
68.147339
 20
33.104667
 42
0.011611
  0
VERTEX
  8
0
 10
68.027205
 20
32.484420
 42
0.002720
  0
VERTEX
  8
0
 10
67.855824
 20
31.440092
 42
0.002964
  0
VERTEX
  8
0
 10
67.687097
 20
30.333352
 42
0.005302
  0
VERTEX
  8
0
 10
67.563492
 20
29.421667
 42
0.019980
  0
VERTEX
  8
0
 10
67.409687
 20
27.599252
 42
0.006369
  0
VERTEX
  8
0
 10
67.323929
 20
24.877930
 42
0.006517
  0
VERTEX
  8
0
 10
67.308109
 20
22.117626
 42
0.016398
  0
VERTEX
  8
0
 10
67.388713
 20
20.108333
 42
-0.016207
  0
VERTEX
  8
0
 10
67.415591
 20
19.444634
 42
-0.072177
  0
VERTEX
  8
0
 10
67.362841
 20
19.059277
 42
-0.061206
  0
VERTEX
  8
0
 10
67.199593
 20
18.675732
 42
-0.009623
  0
VERTEX
  8
0
 10
66.774119
 20
17.972182
 42
0.005640
  0
VERTEX
  8
0
 10
66.687483
 20
17.831468
 42
0.008170
  0
VERTEX
  8
0
 10
66.614422
 20
17.705114
 42
0.004691
  0
VERTEX
  8
0
 10
66.555905
 20
17.597625
 42
0.122901
  0
VERTEX
  8
0
 10
66.548000
 20
17.565949
 42
-0.128925
  0
VERTEX
  8
0
 10
66.539436
 20
17.533289
 42
-0.003092
  0
VERTEX
  8
0
 10
66.460952
 20
17.395912
 42
-0.006571
  0
VERTEX
  8
0
 10
66.365223
 20
17.235624
 42
-0.004394
  0
VERTEX
  8
0
 10
66.251667
 20
17.054622
 42
0.007549
  0
VERTEX
  8
0
 10
66.138152
 20
16.871125
 42
0.010464
  0
VERTEX
  8
0
 10
66.042381
 20
16.703069
 42
0.007279
  0
VERTEX
  8
0
 10
65.967805
 20
16.560687
 42
0.117519
  0
VERTEX
  8
0
 10
65.955333
 20
16.508356
 42
-0.101060
  0
VERTEX
  8
0
 10
65.948864
 20
16.476674
 42
-0.098398
  0
VERTEX
  8
0
 10
65.930462
 20
16.449721
 42
-0.097456
  0
VERTEX
  8
0
 10
65.902981
 20
16.431665
 42
-0.097053
  0
VERTEX
  8
0
 10
65.870667
 20
16.425333
 42
0.114258
  0
VERTEX
  8
0
 10
65.838370
 20
16.417855
 42
0.100345
  0
VERTEX
  8
0
 10
65.810871
 20
16.396729
 42
0.093755
  0
VERTEX
  8
0
 10
65.792417
 20
16.365142
 42
0.085651
  0
VERTEX
  8
0
 10
65.786000
 20
16.327957
 42
-0.138780
  0
VERTEX
  8
0
 10
65.745076
 20
16.183356
 42
-0.002963
  0
VERTEX
  8
0
 10
65.350383
 20
15.550333
 42
-0.002730
  0
VERTEX
  8
0
 10
64.946193
 20
14.918222
 42
-0.154680
  0
VERTEX
  8
0
 10
64.840135
 20
14.830778
 42
0.085617
  0
VERTEX
  8
0
 10
64.813321
 20
14.814213
 42
0.065138
  0
VERTEX
  8
0
 10
64.790602
 20
14.788125
 42
0.064748
  0
VERTEX
  8
0
 10
64.775238
 20
14.756887
 42
0.082126
  0
VERTEX
  8
0
 10
64.770000
 20
14.725210
 42
-0.152205
  0
VERTEX
  8
0
 10
64.742846
 20
14.638075
 42
-0.000504
  0
VERTEX
  8
0
 10
64.095766
 20
13.702700
 42
-0.002624
  0
VERTEX
  8
0
 10
63.505927
 20
12.861370
 42
-0.017100
  0
VERTEX
  8
0
 10
63.192906
 20
12.450375
 42
0.001704
  0
VERTEX
  8
0
 10
63.128912
 20
12.371512
 42
0.000240
  0
VERTEX
  8
0
 10
62.997648
 20
12.208456
 42
0.000274
  0
VERTEX
  8
0
 10
62.842493
 20
12.015316
 42
0.000233
  0
VERTEX
  8
0
 10
62.678945
 20
11.811303
 42
-0.015332
  0
VERTEX
  8
0
 10
61.751743
 20
10.723686
 42
-0.014879
  0
VERTEX
  8
0
 10
60.750580
 20
9.683670
 42
-0.014312
  0
VERTEX
  8
0
 10
59.825612
 20
8.828765
 42
-0.064051
  0
VERTEX
  8
0
 10
59.213409
 20
8.419300
 42
0.003319
  0
VERTEX
  8
0
 10
59.019887
 20
8.321431
 42
0.004769
  0
VERTEX
  8
0
 10
58.849914
 20
8.231990
 42
0.002618
  0
VERTEX
  8
0
 10
58.707614
 20
8.154406
 42
0.072881
  0
VERTEX
  8
0
 10
58.674000
 20
8.128857
 42
-0.126959
  0
VERTEX
  8
0
 10
58.519893
 20
8.035883
 42
-0.030119
  0
VERTEX
  8
0
 10
58.225382
 20
7.966907
 42
-0.027042
  0
VERTEX
  8
0
 10
57.845870
 20
7.922774
 42
-0.017346
  0
VERTEX
  8
0
 10
57.402437
 20
7.910794
 42
-0.012276
  0
VERTEX
  8
0
 10
56.982134
 20
7.924346
 42
-0.040214
  0
VERTEX
  8
0
 10
56.706987
 20
7.962326
 42
-0.043593
  0
VERTEX
  8
0
 10
56.453270
 20
8.042113
 42
-0.016378
  0
VERTEX
  8
0
 10
56.113477
 20
8.195719
 42
-0.038200
  0
VERTEX
  8
0
 10
55.588898
 20
8.505677
 42
-0.031792
  0
VERTEX
  8
0
 10
55.082451
 20
8.909891
 42
-0.028186
  0
VERTEX
  8
0
 10
54.576972
 20
9.423652
 42
-0.018728
  0
VERTEX
  8
0
 10
54.054836
 20
10.064776
 42
-0.025737
  0
VERTEX
  8
0
 10
53.655622
 20
10.655184
 42
-0.010754
  0
VERTEX
  8
0
 10
53.176808
 20
11.488395
 42
-0.006213
  0
VERTEX
  8
0
 10
52.731703
 20
12.327628
 42
-0.119368
  0
VERTEX
  8
0
 10
52.662667
 20
12.612684
 42
0.060858
  0
VERTEX
  8
0
 10
52.657088
 20
12.658343
 42
0.018550
  0
VERTEX
  8
0
 10
52.637796
 20
12.725378
 42
0.018271
  0
VERTEX
  8
0
 10
52.610408
 20
12.799516
 42
0.018996
  0
VERTEX
  8
0
 10
52.578000
 20
12.870482
 42
0.000260
  0
VERTEX
  8
0
 10
52.539207
 20
12.947442
 42
0.000149
  0
VERTEX
  8
0
 10
52.492270
 20
13.040369
 42
0.000148
  0
VERTEX
  8
0
 10
52.444986
 20
13.133846
 42
0.000246
  0
VERTEX
  8
0
 10
52.405047
 20
13.212647
 42
-0.056344
  0
VERTEX
  8
0
 10
52.367802
 20
13.312499
 42
-0.012648
  0
VERTEX
  8
0
 10
52.328271
 20
13.489980
 42
-0.012964
  0
VERTEX
  8
0
 10
52.292941
 20
13.698381
 42
-0.012225
  0
VERTEX
  8
0
 10
52.267659
 20
13.912447
 42
-0.008439
  0
VERTEX
  8
0
 10
52.243133
 20
14.233543
 42
-0.074452
  0
VERTEX
  8
0
 10
52.255784
 20
14.374874
 42
-0.150835
  0
VERTEX
  8
0
 10
52.307914
 20
14.462372
 42
-0.068040
  0
VERTEX
  8
0
 10
52.419445
 20
14.538380
 42
-0.041632
  0
VERTEX
  8
0
 10
52.522725
 20
14.579524
 42
-0.015617
  0
VERTEX
  8
0
 10
52.673241
 20
14.620318
 42
-0.015345
  0
VERTEX
  8
0
 10
52.840733
 20
14.654749
 42
-0.018007
  0
VERTEX
  8
0
 10
53.001333
 20
14.676734
 42
0.017696
  0
VERTEX
  8
0
 10
53.383080
 20
14.728750
 42
0.013212
  0
VERTEX
  8
0
 10
53.799699
 20
14.812004
 42
0.012062
  0
VERTEX
  8
0
 10
54.173548
 20
14.906579
 42
0.058304
  0
VERTEX
  8
0
 10
54.376018
 20
14.989422
 42
-0.031457
  0
VERTEX
  8
0
 10
54.441770
 20
15.020534
 42
-0.023278
  0
VERTEX
  8
0
 10
54.517830
 20
15.046801
 42
-0.023700
  0
VERTEX
  8
0
 10
54.592283
 20
15.064909
 42
-0.047833
  0
VERTEX
  8
0
 10
54.652333
 20
15.070667
 42
0.044350
  0
VERTEX
  8
0
 10
54.712386
 20
15.076004
 42
0.022180
  0
VERTEX
  8
0
 10
54.786836
 20
15.092780
 42
0.021829
  0
VERTEX
  8
0
 10
54.862902
 20
15.117116
 42
0.029997
  0
VERTEX
  8
0
 10
54.928649
 20
15.145947
 42
-0.008335
  0
VERTEX
  8
0
 10
55.004941
 20
15.183420
 42
-0.002668
  0
VERTEX
  8
0
 10
55.119528
 20
15.236606
 42
-0.002661
  0
VERTEX
  8
0
 10
55.247765
 20
15.294475
 42
-0.002970
  0
VERTEX
  8
0
 10
55.372000
 20
15.348863
 42
0.009849
  0
VERTEX
  8
0
 10
55.951906
 20
15.612298
 42
0.007107
  0
VERTEX
  8
0
 10
56.588380
 20
15.927886
 42
0.003494
  0
VERTEX
  8
0
 10
57.183793
 20
16.239013
 42
0.097254
  0
VERTEX
  8
0
 10
57.319333
 20
16.349158
 42
-0.063311
  0
VERTEX
  8
0
 10
57.346739
 20
16.374681
 42
-0.011563
  0
VERTEX
  8
0
 10
57.404048
 20
16.413911
 42
-0.012272
  0
VERTEX
  8
0
 10
57.473729
 20
16.456883
 42
-0.010872
  0
VERTEX
  8
0
 10
57.548276
 20
16.498222
 42
0.040200
  0
VERTEX
  8
0
 10
57.943836
 20
16.748943
 42
0.012042
  0
VERTEX
  8
0
 10
58.503865
 20
17.192054
 42
0.011937
  0
VERTEX
  8
0
 10
59.113626
 20
17.723975
 42
0.012317
  0
VERTEX
  8
0
 10
59.690806
 20
18.278997
 42
0.002554
  0
VERTEX
  8
0
 10
60.206856
 20
18.805653
 42
0.011036
  0
VERTEX
  8
0
 10
60.504836
 20
19.126769
 42
0.014206
  0
VERTEX
  8
0
 10
60.751356
 20
19.420897
 42
0.006367
  0
VERTEX
  8
0
 10
61.059284
 20
19.820601
 42
0.026255
  0
VERTEX
  8
0
 10
61.365824
 20
20.277250
 42
0.010360
  0
VERTEX
  8
0
 10
61.740660
 20
20.935005
 42
0.005878
  0
VERTEX
  8
0
 10
62.092083
 20
21.601059
 42
0.118992
  0
VERTEX
  8
0
 10
62.145333
 20
21.821648
 42
-0.049685
  0
VERTEX
  8
0
 10
62.150538
 20
21.873897
 42
-0.021330
  0
VERTEX
  8
0
 10
62.167302
 20
21.942039
 42
-0.020854
  0
VERTEX
  8
0
 10
62.191488
 20
22.013680
 42
-0.025831
  0
VERTEX
  8
0
 10
62.220122
 20
22.077982
 42
0.044969
  0
VERTEX
  8
0
 10
62.509170
 20
22.800180
 42
0.032008
  0
VERTEX
  8
0
 10
62.705312
 20
23.649982
 42
0.026289
  0
VERTEX
  8
0
 10
62.819163
 20
24.678204
 42
0.014248
  0
VERTEX
  8
0
 10
62.856339
 20
25.950333
 42
0.010378
  0
VERTEX
  8
0
 10
62.838382
 20
26.846532
 42
0.015245
  0
VERTEX
  8
0
 10
62.782268
 20
27.632454
 42
0.016668
  0
VERTEX
  8
0
 10
62.695830
 20
28.268371
 42
0.060151
  0
VERTEX
  8
0
 10
62.579664
 20
28.659667
 42
0.013790
  0
VERTEX
  8
0
 10
62.297837
 20
29.264061
 42
0.031787
  0
VERTEX
  8
0
 10
62.045567
 20
29.697140
 42
0.033556
  0
VERTEX
  8
0
 10
61.749163
 20
30.080559
 42
0.017108
  0
VERTEX
  8
0
 10
61.329787
 20
30.522333
 42
0.012797
  0
VERTEX
  8
0
 10
60.976350
 20
30.852650
 42
0.020420
  0
VERTEX
  8
0
 10
60.656243
 20
31.114258
 42
0.022805
  0
VERTEX
  8
0
 10
60.344531
 20
31.326932
 42
0.023424
  0
VERTEX
  8
0
 10
60.017454
 20
31.508296
 42
0.011748
  0
VERTEX
  8
0
 10
59.309428
 20
31.838131
 42
0.052405
  0
VERTEX
  8
0
 10
58.873286
 20
31.976757
 42
0.044066
  0
VERTEX
  8
0
 10
58.384950
 20
32.033146
 42
0.006722
  0
VERTEX
  8
0
 10
57.404000
 20
32.046333
 42
0.006400
  0
VERTEX
  8
0
 10
56.532514
 20
32.035177
 42
0.026772
  0
VERTEX
  8
0
 10
56.009860
 20
31.993732
 42
0.038728
  0
VERTEX
  8
0
 10
55.595275
 20
31.905333
 42
0.026150
  0
VERTEX
  8
0
 10
55.139167
 20
31.744101
 42
-0.002538
  0
VERTEX
  8
0
 10
55.052438
 20
31.708755
 42
-0.001504
  0
VERTEX
  8
0
 10
54.948667
 20
31.667438
 42
-0.001505
  0
VERTEX
  8
0
 10
54.844881
 20
31.626838
 42
-0.002590
  0
VERTEX
  8
0
 10
54.758167
 20
31.593732
 42
0.019160
  0
VERTEX
  8
0
 10
54.477159
 20
31.475638
 42
0.005162
  0
VERTEX
  8
0
 10
54.040898
 20
31.266791
 42
0.002002
  0
VERTEX
  8
0
 10
53.585697
 20
31.040803
 42
0.104341
  0
VERTEX
  8
0
 10
53.509333
 20
30.979962
 42
-0.063872
  0
VERTEX
  8
0
 10
53.481908
 20
30.954254
 42
-0.011749
  0
VERTEX
  8
0
 10
53.424619
 20
30.914889
 42
-0.012448
  0
VERTEX
  8
0
 10
53.354938
 20
30.871817
 42
-0.011044
  0
VERTEX
  8
0
 10
53.280391
 20
30.830445
 42
0.049238
  0
VERTEX
  8
0
 10
52.663708
 20
30.423791
 42
0.016180
  0
VERTEX
  8
0
 10
51.840983
 20
29.711293
 42
0.016614
  0
VERTEX
  8
0
 10
51.031047
 20
28.911169
 42
0.029568
  0
VERTEX
  8
0
 10
50.428027
 20
28.194000
 42
-0.001870
  0
VERTEX
  8
0
 10
50.291836
 20
28.012514
 42
-0.002677
  0
VERTEX
  8
0
 10
50.169612
 20
27.852688
 42
-0.001450
  0
VERTEX
  8
0
 10
50.065145
 20
27.718394
 42
-0.040957
  0
VERTEX
  8
0
 10
50.035216
 20
27.686000
 42
0.079922
  0
VERTEX
  8
0
 10
49.739013
 20
27.310778
 42
0.004576
  0
VERTEX
  8
0
 10
49.032228
 20
26.015758
 42
0.005884
  0
VERTEX
  8
0
 10
48.364631
 20
24.729255
 42
0.051609
  0
VERTEX
  8
0
 10
48.136480
 20
24.130000
 42
-0.017755
  0
VERTEX
  8
0
 10
48.082452
 20
23.952938
 42
-0.011351
  0
VERTEX
  8
0
 10
48.007796
 20
23.751155
 42
-0.011000
  0
VERTEX
  8
0
 10
47.920219
 20
23.543478
 42
-0.012380
  0
VERTEX
  8
0
 10
47.826789
 20
23.347982
 42
0.025117
  0
VERTEX
  8
0
 10
47.798121
 20
23.283850
 42
0.020522
  0
VERTEX
  8
0
 10
47.773830
 20
23.212725
 42
0.020995
  0
VERTEX
  8
0
 10
47.756899
 20
23.145313
 42
0.049961
  0
VERTEX
  8
0
 10
47.751528
 20
23.093982
 42
-0.041625
  0
VERTEX
  8
0
 10
47.746276
 20
23.034188
 42
-0.008290
  0
VERTEX
  8
0
 10
47.726277
 20
22.928724
 42
-0.008719
  0
VERTEX
  8
0
 10
47.698739
 20
22.806388
 42
-0.008024
  0
VERTEX
  8
0
 10
47.666231
 20
22.681632
 42
0.000000
  0
VERTEX
  8
0
 10
47.581407
 20
22.376264
 42
0.000000
  0
VERTEX
  8
0
 10
46.544870
 20
22.407661
 42
-0.004072
  0
VERTEX
  8
0
 10
46.132462
 20
22.423515
 42
-0.005115
  0
VERTEX
  8
0
 10
45.750639
 20
22.445226
 42
-0.004133
  0
VERTEX
  8
0
 10
45.431068
 20
22.469333
 42
-0.039794
  0
VERTEX
  8
0
 10
45.296667
 20
22.491452
 42
0.011241
  0
VERTEX
  8
0
 10
45.176633
 20
22.518316
 42
0.002231
  0
VERTEX
  8
0
 10
44.960646
 20
22.560578
 42
0.002361
  0
VERTEX
  8
0
 10
44.708632
 20
22.607491
 42
0.002196
  0
VERTEX
  8
0
 10
44.450000
 20
22.653201
 42
-0.002541
  0
VERTEX
  8
0
 10
43.917889
 20
22.747624
 42
-0.008489
  0
VERTEX
  8
0
 10
43.570208
 20
22.817263
 42
-0.012762
  0
VERTEX
  8
0
 10
43.323773
 20
22.877617
 42
-0.027207
  0
VERTEX
  8
0
 10
43.137667
 20
22.939312
 42
0.015084
  0
VERTEX
  8
0
 10
42.913071
 20
23.019859
 42
0.008112
  0
VERTEX
  8
0
 10
42.631766
 20
23.106245
 42
0.008049
  0
VERTEX
  8
0
 10
42.340166
 20
23.185577
 42
0.011940
  0
VERTEX
  8
0
 10
42.082112
 20
23.244817
 42
-0.010786
  0
VERTEX
  8
0
 10
41.960205
 20
23.272506
 42
-0.010046
  0
VERTEX
  8
0
 10
41.836667
 20
23.306032
 42
-0.010079
  0
VERTEX
  8
0
 10
41.728107
 20
23.340240
 42
-0.033232
  0
VERTEX
  8
0
 10
41.658779
 20
23.368888
 42
0.013339
  0
VERTEX
  8
0
 10
41.468930
 20
23.456327
 42
0.008383
  0
VERTEX
  8
0
 10
41.242776
 20
23.548806
 42
0.007061
  0
VERTEX
  8
0
 10
40.972596
 20
23.649665
 42
0.004154
  0
VERTEX
  8
0
 10
40.646942
 20
23.762978
 42
-0.026385
  0
VERTEX
  8
0
 10
40.453740
 20
23.839989
 42
-0.020573
  0
VERTEX
  8
0
 10
40.252534
 20
23.943006
 42
-0.020997
  0
VERTEX
  8
0
 10
40.072681
 20
24.054846
 42
-0.046581
  0
VERTEX
  8
0
 10
39.948442
 20
24.157679
 42
-0.042934
  0
VERTEX
  8
0
 10
39.813224
 20
24.318060
 42
-0.088455
  0
VERTEX
  8
0
 10
39.743813
 20
24.466183
 42
-0.053728
  0
VERTEX
  8
0
 10
39.711654
 20
24.672797
 42
-0.008247
  0
VERTEX
  8
0
 10
39.698929
 20
25.089013
 42
0.003328
  0
VERTEX
  8
0
 10
39.661183
 20
26.909895
 42
0.002546
  0
VERTEX
  8
0
 10
39.596517
 20
28.900485
 42
0.001481
  0
VERTEX
  8
0
 10
39.521751
 20
30.744214
 42
0.027260
  0
VERTEX
  8
0
 10
39.464488
 20
31.326667
 42
0.004443
  0
VERTEX
  8
0
 10
39.278867
 20
32.466797
 42
0.007929
  0
VERTEX
  8
0
 10
39.103048
 20
33.400450
 42
0.009555
  0
VERTEX
  8
0
 10
38.934304
 20
34.151172
 42
0.021294
  0
VERTEX
  8
0
 10
38.770953
 20
34.713333
 42
-0.015823
  0
VERTEX
  8
0
 10
38.739660
 20
34.816790
 42
-0.006834
  0
VERTEX
  8
0
 10
38.704256
 20
34.956363
 42
-0.006754
  0
VERTEX
  8
0
 10
38.670593
 20
35.106027
 42
-0.008893
  0
VERTEX
  8
0
 10
38.644175
 20
35.243435
 42
0.018868
  0
VERTEX
  8
0
 10
38.617476
 20
35.368761
 42
0.023941
  0
VERTEX
  8
0
 10
38.583018
 20
35.481959
 42
0.023060
  0
VERTEX
  8
0
 10
38.546149
 20
35.571782
 42
0.146440
  0
VERTEX
  8
0
 10
38.513735
 20
35.608265
 42
-0.122001
  0
VERTEX
  8
0
 10
38.484906
 20
35.637734
 42
-0.047817
  0
VERTEX
  8
0
 10
38.460718
 20
35.689643
 42
-0.043659
  0
VERTEX
  8
0
 10
38.444219
 20
35.753399
 42
-0.041517
  0
VERTEX
  8
0
 10
38.438667
 20
35.820146
 42
0.037771
  0
VERTEX
  8
0
 10
38.433065
 20
35.894196
 42
0.023061
  0
VERTEX
  8
0
 10
38.415887
 20
35.980206
 42
0.023053
  0
VERTEX
  8
0
 10
38.390841
 20
36.064339
 42
0.037505
  0
VERTEX
  8
0
 10
38.361118
 20
36.132649
 42
-0.014659
  0
VERTEX
  8
0
 10
38.251358
 20
36.356389
 42
-0.009087
  0
VERTEX
  8
0
 10
38.135072
 20
36.624983
 42
-0.005290
  0
VERTEX
  8
0
 10
38.031983
 20
36.883214
 42
-0.097042
  0
VERTEX
  8
0
 10
38.016607
 20
36.969796
 42
0.120191
  0
VERTEX
  8
0
 10
37.986298
 20
37.104371
 42
0.002864
  0
VERTEX
  8
0
 10
37.694983
 20
37.682895
 42
0.002199
  0
VERTEX
  8
0
 10
37.392424
 20
38.268901
 42
0.169487
  0
VERTEX
  8
0
 10
37.316833
 20
38.339889
 42
-0.092308
  0
VERTEX
  8
0
 10
37.292548
 20
38.356586
 42
-0.062942
  0
VERTEX
  8
0
 10
37.271987
 20
38.383152
 42
-0.060914
  0
VERTEX
  8
0
 10
37.258068
 20
38.415064
 42
-0.072525
  0
VERTEX
  8
0
 10
37.253333
 20
38.447538
 42
0.133381
  0
VERTEX
  8
0
 10
37.229075
 20
38.536858
 42
0.005125
  0
VERTEX
  8
0
 10
37.050819
 20
38.833799
 42
0.010115
  0
VERTEX
  8
0
 10
36.858391
 20
39.133274
 42
0.018330
  0
VERTEX
  8
0
 10
36.687299
 20
39.368915
 42
0.007933
  0
VERTEX
  8
0
 10
36.286485
 20
39.864031
 42
0.011285
  0
VERTEX
  8
0
 10
35.913660
 20
40.290003
 42
0.012752
  0
VERTEX
  8
0
 10
35.567249
 20
40.649376
 42
0.019400
  0
VERTEX
  8
0
 10
35.246925
 20
40.941547
 42
-0.000943
  0
VERTEX
  8
0
 10
35.055623
 20
41.103515
 42
-0.001371
  0
VERTEX
  8
0
 10
34.887538
 20
41.247167
 42
-0.000676
  0
VERTEX
  8
0
 10
34.745226
 20
41.369804
 42
-0.023651
  0
VERTEX
  8
0
 10
34.713333
 20
41.400112
 42
0.059816
  0
VERTEX
  8
0
 10
34.536233
 20
41.545602
 42
0.004497
  0
VERTEX
  8
0
 10
34.007688
 20
41.876416
 42
0.004300
  0
VERTEX
  8
0
 10
33.471569
 20
42.198983
 42
0.064315
  0
VERTEX
  8
0
 10
33.271190
 20
42.284790
 42
-0.007102
  0
VERTEX
  8
0
 10
33.178885
 20
42.312369
 42
-0.004738
  0
VERTEX
  8
0
 10
33.073943
 20
42.346452
 42
-0.004771
  0
VERTEX
  8
0
 10
32.972786
 20
42.381445
 42
-0.009328
  0
VERTEX
  8
0
 10
32.893000
 20
42.411590
 42
0.024539
  0
VERTEX
  8
0
 10
32.513821
 20
42.541818
 42
0.032790
  0
VERTEX
  8
0
 10
32.158498
 20
42.619860
 42
0.026979
  0
VERTEX
  8
0
 10
31.746410
 20
42.659835
 42
0.010690
  0
VERTEX
  8
0
 10
31.177486
 20
42.672000
 42
0.007941
  0
VERTEX
  8
0
 10
30.804017
 20
42.666068
 42
0.013307
  0
VERTEX
  8
0
 10
30.490630
 20
42.647753
 42
0.008232
  0
VERTEX
  8
0
 10
30.238116
 20
42.622047
 42
0.228693
  0
VERTEX
  8
0
 10
30.183667
 20
42.587333
 42
-0.144823
  0
VERTEX
  8
0
 10
30.147169
 20
42.554699
 42
-0.040930
  0
VERTEX
  8
0
 10
30.075034
 20
42.527538
 42
-0.037579
  0
VERTEX
  8
0
 10
29.984576
 20
42.508901
 42
-0.032024
  0
VERTEX
  8
0
 10
29.887333
 20
42.502667
 42
0.029613
  0
VERTEX
  8
0
 10
29.790382
 20
42.496920
 42
0.035724
  0
VERTEX
  8
0
 10
29.700815
 20
42.479709
 42
0.038552
  0
VERTEX
  8
0
 10
29.629677
 20
42.454679
 42
0.151604
  0
VERTEX
  8
0
 10
29.595026
 20
42.424514
 42
-0.122871
  0
VERTEX
  8
0
 10
29.560411
 20
42.390767
 42
-0.027635
  0
VERTEX
  8
0
 10
29.486586
 20
42.352994
 42
-0.027053
  0
VERTEX
  8
0
 10
29.394103
 20
42.317804
 42
-0.023326
  0
VERTEX
  8
0
 10
29.293696
 20
42.290787
 42
0.027631
  0
VERTEX
  8
0
 10
29.196785
 20
42.263814
 42
0.039729
  0
VERTEX
  8
0
 10
29.114994
 20
42.228643
 42
0.045372
  0
VERTEX
  8
0
 10
29.057030
 20
42.190979
 42
0.229902
  0
VERTEX
  8
0
 10
29.040667
 20
42.157273
 42
-0.151297
  0
VERTEX
  8
0
 10
29.031462
 20
42.127549
 42
-0.098396
  0
VERTEX
  8
0
 10
29.005557
 20
42.102228
 42
-0.081356
  0
VERTEX
  8
0
 10
28.966842
 20
42.085148
 42
-0.063368
  0
VERTEX
  8
0
 10
28.921144
 20
42.079333
 42
0.195501
  0
VERTEX
  8
0
 10
28.698817
 20
41.988949
 42
0.005214
  0
VERTEX
  8
0
 10
27.932668
 20
41.226937
 42
0.005283
  0
VERTEX
  8
0
 10
27.183426
 20
40.449778
 42
0.191424
  0
VERTEX
  8
0
 10
27.093333
 20
40.223078
 42
-0.075152
  0
VERTEX
  8
0
 10
27.088567
 20
40.191545
 42
-0.061563
  0
VERTEX
  8
0
 10
27.074559
 20
40.160430
 42
-0.063055
  0
VERTEX
  8
0
 10
27.053862
 20
40.134409
 42
-0.089513
  0
VERTEX
  8
0
 10
27.029421
 20
40.117889
 42
0.179440
  0
VERTEX
  8
0
 10
26.911422
 20
40.003256
 42
0.005704
  0
VERTEX
  8
0
 10
26.626381
 20
39.387205
 42
0.011547
  0
VERTEX
  8
0
 10
26.368475
 20
38.775252
 42
0.037271
  0
VERTEX
  8
0
 10
26.237586
 20
38.354000
 42
0.051138
  0
VERTEX
  8
0
 10
26.152173
 20
37.671834
 42
0.005292
  0
VERTEX
  8
0
 10
26.133066
 20
36.050927
 42
0.006265
  0
VERTEX
  8
0
 10
26.151342
 20
34.437369
 42
0.034367
  0
VERTEX
  8
0
 10
26.231829
 20
33.570333
 42
0.006164
  0
VERTEX
  8
0
 10
26.328298
 20
33.020219
 42
0.009688
  0
VERTEX
  8
0
 10
26.426114
 20
32.550481
 42
0.009912
  0
VERTEX
  8
0
 10
26.518821
 20
32.178894
 42
0.052759
  0
VERTEX
  8
0
 10
26.594362
 20
31.983982
 42
-0.036897
  0
VERTEX
  8
0
 10
26.623354
 20
31.915677
 42
-0.022546
  0
VERTEX
  8
0
 10
26.647781
 20
31.831540
 42
-0.022545
  0
VERTEX
  8
0
 10
26.664536
 20
31.745529
 42
-0.036843
  0
VERTEX
  8
0
 10
26.670000
 20
31.671479
 42
0.041517
  0
VERTEX
  8
0
 10
26.675552
 20
31.604733
 42
0.043659
  0
VERTEX
  8
0
 10
26.692051
 20
31.540976
 42
0.047817
  0
VERTEX
  8
0
 10
26.716240
 20
31.489068
 42
0.122001
  0
VERTEX
  8
0
 10
26.745069
 20
31.459599
 42
-0.142149
  0
VERTEX
  8
0
 10
26.777636
 20
31.423558
 42
-0.023408
  0
VERTEX
  8
0
 10
26.815042
 20
31.336448
 42
-0.024117
  0
VERTEX
  8
0
 10
26.850259
 20
31.226721
 42
-0.019228
  0
VERTEX
  8
0
 10
26.877860
 20
31.105512
 42
0.012743
  0
VERTEX
  8
0
 10
26.905247
 20
30.977608
 42
0.011753
  0
VERTEX
  8
0
 10
26.939783
 20
30.847743
 42
0.011838
  0
VERTEX
  8
0
 10
26.976007
 20
30.733519
 42
0.037762
  0
VERTEX
  8
0
 10
27.007601
 20
30.660077
 42
-0.006070
  0
VERTEX
  8
0
 10
27.052449
 20
30.571703
 42
-0.000560
  0
VERTEX
  8
0
 10
27.160601
 20
30.351393
 42
-0.000723
  0
VERTEX
  8
0
 10
27.288903
 20
30.088335
 42
-0.000567
  0
VERTEX
  8
0
 10
27.427321
 20
29.802667
 42
0.008805
  0
VERTEX
  8
0
 10
27.827447
 20
29.010420
 42
0.010126
  0
VERTEX
  8
0
 10
28.237693
 20
28.269262
 42
0.009352
  0
VERTEX
  8
0
 10
28.608889
 20
27.656283
 42
0.055606
  0
VERTEX
  8
0
 10
28.842234
 20
27.364337
 42
-0.025118
  0
VERTEX
  8
0
 10
28.885779
 20
27.316183
 42
-0.028056
  0
VERTEX
  8
0
 10
28.922581
 20
27.265585
 42
-0.029017
  0
VERTEX
  8
0
 10
28.948669
 20
27.219461
 42
-0.114678
  0
VERTEX
  8
0
 10
28.956000
 20
27.187917
 42
0.124826
  0
VERTEX
  8
0
 10
28.964597
 20
27.154016
 42
0.020479
  0
VERTEX
  8
0
 10
28.999524
 20
27.095443
 42
0.021437
  0
VERTEX
  8
0
 10
29.047438
 20
27.028541
 42
0.017460
  0
VERTEX
  8
0
 10
29.104167
 20
26.961094
 42
-0.014825
  0
VERTEX
  8
0
 10
29.184328
 20
26.866799
 42
-0.003068
  0
VERTEX
  8
0
 10
29.319354
 20
26.695935
 42
-0.003222
  0
VERTEX
  8
0
 10
29.473714
 20
26.495473
 42
-0.003032
  0
VERTEX
  8
0
 10
29.628657
 20
26.288962
 42
0.021146
  0
VERTEX
  8
0
 10
29.848532
 20
26.017009
 42
0.004641
  0
VERTEX
  8
0
 10
30.250124
 20
25.569587
 42
0.004822
  0
VERTEX
  8
0
 10
30.724669
 20
25.060603
 42
0.004616
  0
VERTEX
  8
0
 10
31.215837
 20
24.553333
 42
0.005059
  0
VERTEX
  8
0
 10
31.996892
 20
23.777300
 42
0.011793
  0
VERTEX
  8
0
 10
32.601025
 20
23.216215
 42
0.012716
  0
VERTEX
  8
0
 10
33.202719
 20
22.709975
 42
0.006884
  0
VERTEX
  8
0
 10
33.966918
 20
22.116562
 42
-0.041297
  0
VERTEX
  8
0
 10
34.353415
 20
21.771350
 42
-0.111093
  0
VERTEX
  8
0
 10
34.541121
 20
21.456738
 42
-0.087661
  0
VERTEX
  8
0
 10
34.599551
 20
21.047399
 42
-0.019679
  0
VERTEX
  8
0
 10
34.548369
 20
20.342143
 42
-0.002077
  0
VERTEX
  8
0
 10
34.506821
 20
19.985431
 42
-0.001603
  0
VERTEX
  8
0
 10
34.458652
 20
19.596784
 42
-0.001620
  0
VERTEX
  8
0
 10
34.411313
 20
19.234001
 42
-0.003880
  0
VERTEX
  8
0
 10
34.373245
 20
18.965333
 42
0.002862
  0
VERTEX
  8
0
 10
34.338944
 20
18.726752
 42
0.002171
  0
VERTEX
  8
0
 10
34.303963
 20
18.464742
 42
0.002195
  0
VERTEX
  8
0
 10
34.273285
 20
18.218595
 42
0.005121
  0
VERTEX
  8
0
 10
34.253016
 20
18.034000
 42
-0.010118
  0
VERTEX
  8
0
 10
34.202032
 20
17.608864
 42
-0.005236
  0
VERTEX
  8
0
 10
34.122024
 20
17.079706
 42
-0.004844
  0
VERTEX
  8
0
 10
34.020615
 20
16.489725
 42
-0.004241
  0
VERTEX
  8
0
 10
33.903417
 20
15.875000
 42
0.001707
  0
VERTEX
  8
0
 10
33.848356
 20
15.593946
 42
0.001655
  0
VERTEX
  8
0
 10
33.794630
 20
15.309585
 42
0.001633
  0
VERTEX
  8
0
 10
33.749010
 20
15.059109
 42
0.006114
  0
VERTEX
  8
0
 10
33.722793
 20
14.901333
 42
-0.015203
  0
VERTEX
  8
0
 10
33.700667
 20
14.781676
 42
-0.016642
  0
VERTEX
  8
0
 10
33.671854
 20
14.667177
 42
-0.016276
  0
VERTEX
  8
0
 10
33.640900
 20
14.571324
 42
-0.075646
  0
VERTEX
  8
0
 10
33.613314
 20
14.520333
 42
0.088774
  0
VERTEX
  8
0
 10
33.585077
 20
14.464723
 42
0.012254
  0
VERTEX
  8
0
 10
33.550564
 20
14.339160
 42
0.013733
  0
VERTEX
  8
0
 10
33.517107
 20
14.186879
 42
0.011238
  0
VERTEX
  8
0
 10
33.489505
 20
14.022466
 42
-0.009003
  0
VERTEX
  8
0
 10
33.461523
 20
13.851109
 42
-0.008557
  0
VERTEX
  8
0
 10
33.426960
 20
13.677926
 42
-0.008535
  0
VERTEX
  8
0
 10
33.391178
 20
13.525901
 42
-0.029720
  0
VERTEX
  8
0
 10
33.360641
 20
13.429800
 42
0.013249
  0
VERTEX
  8
0
 10
33.327254
 20
13.335591
 42
0.004025
  0
VERTEX
  8
0
 10
33.281609
 20
13.191133
 42
0.004027
  0
VERTEX
  8
0
 10
33.233048
 20
13.028363
 42
0.004382
  0
VERTEX
  8
0
 10
33.188500
 20
12.869333
 42
-0.004655
  0
VERTEX
  8
0
 10
33.144067
 20
12.711047
 42
-0.004392
  0
VERTEX
  8
0
 10
33.095852
 20
12.550510
 42
-0.004369
  0
VERTEX
  8
0
 10
33.050656
 20
12.409069
 42
-0.015242
  0
VERTEX
  8
0
 10
33.017931
 20
12.319000
 42
0.013528
  0
VERTEX
  8
0
 10
32.983322
 20
12.224754
 42
0.003050
  0
VERTEX
  8
0
 10
32.929812
 20
12.062619
 42
0.003159
  0
VERTEX
  8
0
 10
32.870370
 20
11.874699
 42
0.003058
  0
VERTEX
  8
0
 10
32.812647
 20
11.684000
 42
-0.004361
  0
VERTEX
  8
0
 10
32.754382
 20
11.493302
 42
-0.004481
  0
VERTEX
  8
0
 10
32.693312
 20
11.305381
 42
-0.004342
  0
VERTEX
  8
0
 10
32.637480
 20
11.143364
 42
-0.018884
  0
VERTEX
  8
0
 10
32.599975
 20
11.049000
 42
0.011397
  0
VERTEX
  8
0
 10
32.561720
 20
10.956797
 42
0.002876
  0
VERTEX
  8
0
 10
32.503782
 20
10.805054
 42
0.002933
  0
VERTEX
  8
0
 10
32.439568
 20
10.630826
 42
0.002958
  0
VERTEX
  8
0
 10
32.377582
 20
10.456333
 42
-0.008235
  0
VERTEX
  8
0
 10
32.315903
 20
10.288348
 42
-0.010114
  0
VERTEX
  8
0
 10
32.252600
 20
10.133727
 42
-0.008718
  0
VERTEX
  8
0
 10
32.194777
 20
10.006387
 42
-0.069413
  0
VERTEX
  8
0
 10
32.159339
 20
9.952567
 42
0.072194
  0
VERTEX
  8
0
 10
32.132216
 20
9.910873
 42
0.034494
  0
VERTEX
  8
0
 10
32.109427
 20
9.850993
 42
0.033292
  0
VERTEX
  8
0
 10
32.093869
 20
9.783984
 42
0.040416
  0
VERTEX
  8
0
 10
32.088667
 20
9.719733
 42
-0.053595
  0
VERTEX
  8
0
 10
32.082399
 20
9.661429
 42
-0.073362
  0
VERTEX
  8
0
 10
32.063796
 20
9.612101
 42
-0.093122
  0
VERTEX
  8
0
 10
32.036308
 20
9.578986
 42
-0.174820
  0
VERTEX
  8
0
 10
32.004000
 20
9.567333
 42
0.145028
  0
VERTEX
  8
0
 10
31.971713
 20
9.557767
 42
0.099349
  0
VERTEX
  8
0
 10
31.944204
 20
9.530871
 42
0.083516
  0
VERTEX
  8
0
 10
31.925665
 20
9.490656
 42
0.066426
  0
VERTEX
  8
0
 10
31.919333
 20
9.443206
 42
-0.090198
  0
VERTEX
  8
0
 10
31.894692
 20
9.307721
 42
-0.010597
  0
VERTEX
  8
0
 10
31.780116
 20
9.021702
 42
-0.010140
  0
VERTEX
  8
0
 10
31.653506
 20
8.740069
 42
-0.099160
  0
VERTEX
  8
0
 10
31.575950
 20
8.636000
 42
0.080217
  0
VERTEX
  8
0
 10
31.549729
 20
8.603443
 42
0.004914
  0
VERTEX
  8
0
 10
31.488886
 20
8.494183
 42
0.007210
  0
VERTEX
  8
0
 10
31.419259
 20
8.361693
 42
0.005270
  0
VERTEX
  8
0
 10
31.345630
 20
8.212667
 42
-0.008522
  0
VERTEX
  8
0
 10
31.199133
 20
7.920951
 42
-0.008116
  0
VERTEX
  8
0
 10
31.040447
 20
7.629560
 42
-0.006175
  0
VERTEX
  8
0
 10
30.893690
 20
7.377502
 42
-0.061526
  0
VERTEX
  8
0
 10
30.818667
 20
7.281333
 42
0.042386
  0
VERTEX
  8
0
 10
30.791282
 20
7.248866
 42
0.001382
  0
VERTEX
  8
0
 10
30.693183
 20
7.109457
 42
0.002640
  0
VERTEX
  8
0
 10
30.578683
 20
6.943928
 42
0.001831
  0
VERTEX
  8
0
 10
30.450936
 20
6.755670
 42
-0.016728
  0
VERTEX
  8
0
 10
30.298594
 20
6.544960
 42
-0.010788
  0
VERTEX
  8
0
 10
30.108909
 20
6.310882
 42
-0.010845
  0
VERTEX
  8
0
 10
29.913290
 20
6.089763
 42
-0.020030
  0
VERTEX
  8
0
 10
29.743529
 20
5.920217
 42
-0.013964
  0
VERTEX
  8
0
 10
29.514157
 20
5.720342
 42
-0.070632
  0
VERTEX
  8
0
 10
29.369603
 20
5.632147
 42
-0.096741
  0
VERTEX
  8
0
 10
29.228288
 20
5.601448
 42
-0.038610
  0
VERTEX
  8
0
 10
29.029561
 20
5.612618
 42
-0.046378
  0
VERTEX
  8
0
 10
28.857975
 20
5.652075
 42
-0.049250
  0
VERTEX
  8
0
 10
28.700225
 20
5.721979
 42
-0.043626
  0
VERTEX
  8
0
 10
28.544164
 20
5.829377
 42
-0.025673
  0
VERTEX
  8
0
 10
28.377000
 20
5.982405
 42
-0.028319
  0
VERTEX
  8
0
 10
28.071065
 20
6.330124
 42
-0.012352
  0
VERTEX
  8
0
 10
27.703668
 20
6.823333
 42
-0.012204
  0
VERTEX
  8
0
 10
27.365294
 20
7.327473
 42
-0.033173
  0
VERTEX
  8
0
 10
27.159037
 20
7.704667
 42
-0.001077
  0
VERTEX
  8
0
 10
26.848176
 20
8.379058
 42
-0.006519
  0
VERTEX
  8
0
 10
26.692347
 20
8.731087
 42
-0.009240
  0
VERTEX
  8
0
 10
26.603359
 20
8.950557
 42
-0.091941
  0
VERTEX
  8
0
 10
26.585333
 20
9.047754
 42
0.057478
  0
VERTEX
  8
0
 10
26.579652
 20
9.097017
 42
0.019429
  0
VERTEX
  8
0
 10
26.560462
 20
9.166755
 42
0.019032
  0
VERTEX
  8
0
 10
26.533076
 20
9.242860
 42
0.020726
  0
VERTEX
  8
0
 10
26.500667
 20
9.314482
 42
0.000000
  0
VERTEX
  8
0
 10
26.462124
 20
9.391045
 42
-0.000000
  0
VERTEX
  8
0
 10
26.416000
 20
9.482667
 42
-0.000000
  0
VERTEX
  8
0
 10
26.369876
 20
9.574289
 42
-0.000000
  0
VERTEX
  8
0
 10
26.331333
 20
9.650851
 42
-0.031093
  0
VERTEX
  8
0
 10
26.298902
 20
9.726667
 42
-0.021719
  0
VERTEX
  8
0
 10
26.271538
 20
9.815566
 42
-0.021989
  0
VERTEX
  8
0
 10
26.252700
 20
9.903424
 42
-0.041834
  0
VERTEX
  8
0
 10
26.246667
 20
9.975407
 42
0.036225
  0
VERTEX
  8
0
 10
26.241986
 20
10.039927
 42
0.034050
  0
VERTEX
  8
0
 10
26.228030
 20
10.104480
 42
0.035892
  0
VERTEX
  8
0
 10
26.207609
 20
10.159952
 42
0.090472
  0
VERTEX
  8
0
 10
26.183224
 20
10.195221
 42
-0.100099
  0
VERTEX
  8
0
 10
26.153258
 20
10.240378
 42
-0.011229
  0
VERTEX
  8
0
 10
26.109185
 20
10.356108
 42
-0.013273
  0
VERTEX
  8
0
 10
26.063013
 20
10.497867
 42
-0.010407
  0
VERTEX
  8
0
 10
26.020265
 20
10.653832
 42
0.003009
  0
VERTEX
  8
0
 10
25.946726
 20
10.938603
 42
0.003091
  0
VERTEX
  8
0
 10
25.870403
 20
11.219927
 42
0.002447
  0
VERTEX
  8
0
 10
25.776476
 20
11.551561
 42
0.000999
  0
VERTEX
  8
0
 10
25.645687
 20
12.001500
 42
-0.011088
  0
VERTEX
  8
0
 10
25.603231
 20
12.159371
 42
-0.004331
  0
VERTEX
  8
0
 10
25.551340
 20
12.379138
 42
-0.004284
  0
VERTEX
  8
0
 10
25.499262
 20
12.618023
 42
-0.005313
  0
VERTEX
  8
0
 10
25.455074
 20
12.841224
 42
0.008838
  0
VERTEX
  8
0
 10
25.413057
 20
13.045874
 42
0.012040
  0
VERTEX
  8
0
 10
25.367501
 20
13.228665
 42
0.008975
  0
VERTEX
  8
0
 10
25.323442
 20
13.378340
 42
0.120876
  0
VERTEX
  8
0
 10
25.294054
 20
13.426835
 42
-0.124022
  0
VERTEX
  8
0
 10
25.269488
 20
13.467946
 42
-0.025730
  0
VERTEX
  8
0
 10
25.249287
 20
13.550360
 42
-0.025560
  0
VERTEX
  8
0
 10
25.235322
 20
13.651042
 42
-0.021683
  0
VERTEX
  8
0
 10
25.230667
 20
13.758333
 42
0.021356
  0
VERTEX
  8
0
 10
25.226085
 20
13.865553
 42
0.025305
  0
VERTEX
  8
0
 10
25.212336
 20
13.966018
 42
0.025385
  0
VERTEX
  8
0
 10
25.192456
 20
14.048191
 42
0.124963
  0
VERTEX
  8
0
 10
25.168264
 20
14.088847
 42
-0.126989
  0
VERTEX
  8
0
 10
25.139073
 20
14.138353
 42
-0.007168
  0
VERTEX
  8
0
 10
25.091938
 20
14.311483
 42
-0.010627
  0
VERTEX
  8
0
 10
25.042664
 20
14.521716
 42
-0.007567
  0
VERTEX
  8
0
 10
24.996060
 20
14.759125
 42
0.000211
  0
VERTEX
  8
0
 10
24.947763
 20
15.025866
 42
0.000149
  0
VERTEX
  8
0
 10
24.893336
 20
15.325226
 42
0.000151
  0
VERTEX
  8
0
 10
24.841172
 20
15.611165
 42
0.000319
  0
VERTEX
  8
0
 10
24.800548
 20
15.832667
 42
-0.001476
  0
VERTEX
  8
0
 10
24.665591
 20
16.578236
 42
-0.004297
  0
VERTEX
  8
0
 10
24.578321
 20
17.094287
 42
-0.004818
  0
VERTEX
  8
0
 10
24.505471
 20
17.578612
 42
-0.002292
  0
VERTEX
  8
0
 10
24.420569
 20
18.203333
 42
-0.004337
  0
VERTEX
  8
0
 10
24.166668
 20
20.277270
 42
-0.011306
  0
VERTEX
  8
0
 10
24.030793
 20
21.773997
 42
-0.009917
  0
VERTEX
  8
0
 10
23.953398
 20
23.382157
 42
-0.002702
  0
VERTEX
  8
0
 10
23.895279
 20
25.925014
 42
0.001403
  0
VERTEX
  8
0
 10
23.860236
 20
27.654935
 42
0.005739
  0
VERTEX
  8
0
 10
23.823969
 20
28.704610
 42
0.003568
  0
VERTEX
  8
0
 10
23.785159
 20
29.434119
 42
0.183389
  0
VERTEX
  8
0
 10
23.727833
 20
29.561448
 42
-0.045087
  0
VERTEX
  8
0
 10
23.687330
 20
29.609960
 42
-0.036980
  0
VERTEX
  8
0
 10
23.653088
 20
29.668183
 42
-0.038378
  0
VERTEX
  8
0
 10
23.629576
 20
29.726882
 42
-0.076213
  0
VERTEX
  8
0
 10
23.622000
 20
29.776299
 42
0.175249
  0
VERTEX
  8
0
 10
23.527763
 20
30.036907
 42
0.033855
  0
VERTEX
  8
0
 10
23.176189
 20
30.405602
 42
0.036482
  0
VERTEX
  8
0
 10
22.747563
 20
30.744173
 42
0.069990
  0
VERTEX
  8
0
 10
22.354946
 20
30.936677
 42
0.056618
  0
VERTEX
  8
0
 10
21.907124
 20
31.028855
 42
0.015526
  0
VERTEX
  8
0
 10
21.186779
 20
31.071286
 42
0.012450
  0
VERTEX
  8
0
 10
20.471166
 20
31.073352
 42
0.113287
  0
VERTEX
  8
0
 10
20.170684
 20
30.997387
 42
-0.002939
  0
VERTEX
  8
0
 10
20.092903
 20
30.958134
 42
-0.000832
  0
VERTEX
  8
0
 10
19.971351
 20
30.897939
 42
-0.000838
  0
VERTEX
  8
0
 10
19.833807
 20
30.830395
 42
-0.000886
  0
VERTEX
  8
0
 10
19.698554
 20
30.764553
 42
0.079336
  0
VERTEX
  8
0
 10
19.234571
 20
30.440542
 42
0.058535
  0
VERTEX
  8
0
 10
18.837117
 20
29.954950
 42
0.046126
  0
VERTEX
  8
0
 10
18.488190
 20
29.279443
 42
0.023314
  0
VERTEX
  8
0
 10
18.170223
 20
28.374777
 42
0.008471
  0
VERTEX
  8
0
 10
18.118073
 20
28.189540
 42
0.009342
  0
VERTEX
  8
0
 10
18.074015
 20
28.008565
 42
0.008824
  0
VERTEX
  8
0
 10
18.042058
 20
27.852891
 42
0.046239
  0
VERTEX
  8
0
 10
18.034000
 20
27.765941
 42
-0.049665
  0
VERTEX
  8
0
 10
18.027724
 20
27.702917
 42
-0.047500
  0
VERTEX
  8
0
 10
18.009129
 20
27.641374
 42
-0.051202
  0
VERTEX
  8
0
 10
17.981792
 20
27.590204
 42
-0.106459
  0
VERTEX
  8
0
 10
17.949333
 20
27.559000
 42
0.128561
  0
VERTEX
  8
0
 10
17.916789
 20
27.524861
 42
0.046040
  0
VERTEX
  8
0
 10
17.889537
 20
27.462803
 42
0.041947
  0
VERTEX
  8
0
 10
17.870921
 20
27.386033
 42
0.038534
  0
VERTEX
  8
0
 10
17.864667
 20
27.305000
 42
-0.038534
  0
VERTEX
  8
0
 10
17.858412
 20
27.223967
 42
-0.041947
  0
VERTEX
  8
0
 10
17.839796
 20
27.147197
 42
-0.046040
  0
VERTEX
  8
0
 10
17.812545
 20
27.085139
 42
-0.128561
  0
VERTEX
  8
0
 10
17.780000
 20
27.051000
 42
0.109927
  0
VERTEX
  8
0
 10
17.747531
 20
27.019355
 42
0.050558
  0
VERTEX
  8
0
 10
17.720204
 20
26.966639
 42
0.046678
  0
VERTEX
  8
0
 10
17.701606
 20
26.902907
 42
0.047696
  0
VERTEX
  8
0
 10
17.695333
 20
26.837295
 42
-0.062467
  0
VERTEX
  8
0
 10
17.674469
 20
26.670944
 42
-0.008902
  0
VERTEX
  8
0
 10
17.583425
 20
26.338552
 42
-0.010907
  0
VERTEX
  8
0
 10
17.471826
 20
25.986487
 42
-0.018234
  0
VERTEX
  8
0
 10
17.360871
 20
25.696333
 42
0.019783
  0
VERTEX
  8
0
 10
17.324391
 20
25.600044
 42
0.004082
  0
VERTEX
  8
0
 10
17.268284
 20
25.427517
 42
0.004286
  0
VERTEX
  8
0
 10
17.206430
 20
25.225905
 42
0.004025
  0
VERTEX
  8
0
 10
17.146695
 20
25.019000
 42
-0.003800
  0
VERTEX
  8
0
 10
17.040947
 20
24.652093
 42
-0.006035
  0
VERTEX
  8
0
 10
16.944265
 20
24.339858
 42
-0.006983
  0
VERTEX
  8
0
 10
16.853017
 20
24.070224
 42
-0.009955
  0
VERTEX
  8
0
 10
16.763924
 20
23.833667
 42
0.017033
  0
VERTEX
  8
0
 10
16.729233
 20
23.737449
 42
0.003478
  0
VERTEX
  8
0
 10
16.674892
 20
23.564850
 42
0.003660
  0
VERTEX
  8
0
 10
16.614566
 20
23.363238
 42
0.003429
  0
VERTEX
  8
0
 10
16.555839
 20
23.156333
 42
-0.006463
  0
VERTEX
  8
0
 10
16.496228
 20
22.951065
 42
-0.007165
  0
VERTEX
  8
0
 10
16.433246
 20
22.754372
 42
-0.006698
  0
VERTEX
  8
0
 10
16.374912
 20
22.588203
 42
-0.036460
  0
VERTEX
  8
0
 10
16.335703
 20
22.501316
 42
0.035915
  0
VERTEX
  8
0
 10
16.305165
 20
22.433837
 42
0.023498
  0
VERTEX
  8
0
 10
16.279413
 20
22.352379
 42
0.023645
  0
VERTEX
  8
0
 10
16.261730
 20
22.270195
 42
0.041185
  0
VERTEX
  8
0
 10
16.256000
 20
22.200749
 42
-0.039965
  0
VERTEX
  8
0
 10
16.250821
 20
22.136058
 42
-0.033089
  0
VERTEX
  8
0
 10
16.235333
 20
22.068678
 42
-0.034302
  0
VERTEX
  8
0
 10
16.212649
 20
22.008532
 42
-0.072481
  0
VERTEX
  8
0
 10
16.185646
 20
21.966767
 42
0.086347
  0
VERTEX
  8
0
 10
16.150633
 20
21.909194
 42
0.007527
  0
VERTEX
  8
0
 10
16.090243
 20
21.748300
 42
0.009711
  0
VERTEX
  8
0
 10
16.024405
 20
21.552642
 42
0.007397
  0
VERTEX
  8
0
 10
15.959667
 20
21.336000
 42
-0.007397
  0
VERTEX
  8
0
 10
15.894928
 20
21.119358
 42
-0.009711
  0
VERTEX
  8
0
 10
15.829090
 20
20.923700
 42
-0.007527
  0
VERTEX
  8
0
 10
15.768700
 20
20.762806
 42
-0.086347
  0
VERTEX
  8
0
 10
15.733688
 20
20.705233
 42
0.072481
  0
VERTEX
  8
0
 10
15.706684
 20
20.663468
 42
0.034302
  0
VERTEX
  8
0
 10
15.684000
 20
20.603322
 42
0.033089
  0
VERTEX
  8
0
 10
15.668512
 20
20.535942
 42
0.039965
  0
VERTEX
  8
0
 10
15.663333
 20
20.471251
 42
-0.041185
  0
VERTEX
  8
0
 10
15.657603
 20
20.401805
 42
-0.023645
  0
VERTEX
  8
0
 10
15.639920
 20
20.319621
 42
-0.023498
  0
VERTEX
  8
0
 10
15.614168
 20
20.238163
 42
-0.035915
  0
VERTEX
  8
0
 10
15.583630
 20
20.170684
 42
0.034913
  0
VERTEX
  8
0
 10
15.544112
 20
20.083829
 42
0.006388
  0
VERTEX
  8
0
 10
15.484494
 20
19.917628
 42
0.006841
  0
VERTEX
  8
0
 10
15.419758
 20
19.720935
 42
0.006169
  0
VERTEX
  8
0
 10
15.358071
 20
19.515667
 42
-0.005458
  0
VERTEX
  8
0
 10
15.298057
 20
19.314934
 42
-0.007042
  0
VERTEX
  8
0
 10
15.238351
 20
19.132021
 42
-0.005494
  0
VERTEX
  8
0
 10
15.184647
 20
18.980485
 42
-0.060071
  0
VERTEX
  8
0
 10
15.155333
 20
18.923000
 42
0.059555
  0
VERTEX
  8
0
 10
15.125951
 20
18.865527
 42
0.005440
  0
VERTEX
  8
0
 10
15.071874
 20
18.713979
 42
0.006977
  0
VERTEX
  8
0
 10
15.011681
 20
18.531066
 42
0.005408
  0
VERTEX
  8
0
 10
14.951091
 20
18.330333
 42
-0.006240
  0
VERTEX
  8
0
 10
14.846486
 20
17.985850
 42
-0.011633
  0
VERTEX
  8
0
 10
14.751821
 20
17.709976
 42
-0.013753
  0
VERTEX
  8
0
 10
14.657066
 20
17.473649
 42
-0.015441
  0
VERTEX
  8
0
 10
14.552789
 20
17.251982
 42
0.036621
  0
VERTEX
  8
0
 10
14.524121
 20
17.183679
 42
0.022320
  0
VERTEX
  8
0
 10
14.499969
 20
17.099540
 42
0.022315
  0
VERTEX
  8
0
 10
14.483403
 20
17.013529
 42
0.036431
  0
VERTEX
  8
0
 10
14.478000
 20
16.939479
 42
-0.041517
  0
VERTEX
  8
0
 10
14.472448
 20
16.872733
 42
-0.043659
  0
VERTEX
  8
0
 10
14.455949
 20
16.808976
 42
-0.047817
  0
VERTEX
  8
0
 10
14.431760
 20
16.757068
 42
-0.122001
  0
VERTEX
  8
0
 10
14.402931
 20
16.727599
 42
0.142149
  0
VERTEX
  8
0
 10
14.370364
 20
16.691558
 42
0.023408
  0
VERTEX
  8
0
 10
14.332958
 20
16.604448
 42
0.024117
  0
VERTEX
  8
0
 10
14.297741
 20
16.494721
 42
0.019228
  0
VERTEX
  8
0
 10
14.270140
 20
16.373512
 42
-0.015639
  0
VERTEX
  8
0
 10
14.241296
 20
16.242513
 42
-0.012502
  0
VERTEX
  8
0
 10
14.202320
 20
16.103307
 42
-0.012693
  0
VERTEX
  8
0
 10
14.159723
 20
15.976210
 42
-0.031002
  0
VERTEX
  8
0
 10
14.120323
 20
15.885744
 42
0.006352
  0
VERTEX
  8
0
 10
14.005365
 20
15.653735
 42
0.021118
  0
VERTEX
  8
0
 10
13.938300
 20
15.497338
 42
0.024902
  0
VERTEX
  8
0
 10
13.890529
 20
15.349771
 42
0.011770
  0
VERTEX
  8
0
 10
13.843000
 20
15.155333
 42
-0.010248
  0
VERTEX
  8
0
 10
13.813850
 20
15.034490
 42
-0.009504
  0
VERTEX
  8
0
 10
13.779089
 20
14.911851
 42
-0.009534
  0
VERTEX
  8
0
 10
13.744012
 20
14.803939
 42
-0.031247
  0
VERTEX
  8
0
 10
13.715112
 20
14.734779
 42
0.011367
  0
VERTEX
  8
0
 10
13.662647
 20
14.622039
 42
0.004143
  0
VERTEX
  8
0
 10
13.593320
 20
14.460116
 42
0.003172
  0
VERTEX
  8
0
 10
13.504141
 20
14.243105
 42
0.001317
  0
VERTEX
  8
0
 10
13.386289
 20
13.948833
 42
0.006719
  0
VERTEX
  8
0
 10
13.347736
 20
13.847898
 42
0.001908
  0
VERTEX
  8
0
 10
13.290506
 20
13.689938
 42
0.001921
  0
VERTEX
  8
0
 10
13.227238
 20
13.511047
 42
0.002033
  0
VERTEX
  8
0
 10
13.166537
 20
13.335000
 42
-0.006057
  0
VERTEX
  8
0
 10
13.100453
 20
13.148230
 42
-0.004078
  0
VERTEX
  8
0
 10
13.020686
 20
12.936538
 42
-0.004107
  0
VERTEX
  8
0
 10
12.940140
 20
12.732942
 42
-0.008128
  0
VERTEX
  8
0
 10
12.872293
 20
12.573000
 42
0.006126
  0
VERTEX
  8
0
 10
12.810023
 20
12.427826
 42
0.005060
  0
VERTEX
  8
0
 10
12.747129
 20
12.271640
 42
0.005112
  0
VERTEX
  8
0
 10
12.692338
 20
12.127162
 42
0.013617
  0
VERTEX
  8
0
 10
12.657126
 20
12.022667
 42
-0.018567
  0
VERTEX
  8
0
 10
12.617566
 20
11.909001
 42
-0.004478
  0
VERTEX
  8
0
 10
12.543439
 20
11.723952
 42
-0.004590
  0
VERTEX
  8
0
 10
12.454468
 20
11.513013
 42
-0.004542
  0
VERTEX
  8
0
 10
12.361333
 20
11.303000
 42
0.004153
  0
VERTEX
  8
0
 10
12.268334
 20
11.093732
 42
0.004279
  0
VERTEX
  8
0
 10
12.179768
 20
10.885026
 42
0.004141
  0
VERTEX
  8
0
 10
12.106064
 20
10.702872
 42
0.018165
  0
VERTEX
  8
0
 10
12.067381
 20
10.593473
 42
-0.038824
  0
VERTEX
  8
0
 10
11.971874
 20
10.355158
 42
-0.001620
  0
VERTEX
  8
0
 10
11.563459
 20
9.534977
 42
-0.002826
  0
VERTEX
  8
0
 10
11.160388
 20
8.743251
 42
-0.013697
  0
VERTEX
  8
0
 10
10.916868
 20
8.301644
 42
-0.014138
  0
VERTEX
  8
0
 10
10.859465
 20
8.210008
 42
-0.008796
  0
VERTEX
  8
0
 10
10.787275
 20
8.105719
 42
-0.008823
  0
VERTEX
  8
0
 10
10.712380
 20
8.005280
 42
-0.015771
  0
VERTEX
  8
0
 10
10.646833
 20
7.925846
 42
0.016967
  0
VERTEX
  8
0
 10
10.590104
 20
7.856762
 42
0.020868
  0
VERTEX
  8
0
 10
10.542191
 20
7.788479
 42
0.019804
  0
VERTEX
  8
0
 10
10.507208
 20
7.728844
 42
0.123349
  0
VERTEX
  8
0
 10
10.498667
 20
7.694749
 42
-0.107990
  0
VERTEX
  8
0
 10
10.491790
 20
7.663281
 42
-0.028708
  0
VERTEX
  8
0
 10
10.467578
 20
7.617635
 42
-0.027729
  0
VERTEX
  8
0
 10
10.433341
 20
7.567648
 42
-0.025418
  0
VERTEX
  8
0
 10
10.392833
 20
7.520214
 42
0.016929
  0
VERTEX
  8
0
 10
10.337121
 20
7.457175
 42
0.003982
  0
VERTEX
  8
0
 10
10.248428
 20
7.347933
 42
0.004097
  0
VERTEX
  8
0
 10
10.148411
 20
7.220593
 42
0.004021
  0
VERTEX
  8
0
 10
10.049858
 20
7.090833
 42
-0.029030
  0
VERTEX
  8
0
 10
9.947592
 20
6.969311
 42
-0.033551
  0
VERTEX
  8
0
 10
9.836477
 20
6.866599
 42
-0.035713
  0
VERTEX
  8
0
 10
9.732340
 20
6.794180
 42
-0.134872
  0
VERTEX
  8
0
 10
9.656462
 20
6.773333
 42
-0.194124
  0
VERTEX
  8
0
 10
9.463208
 20
6.851302
 42
-0.024304
  0
VERTEX
  8
0
 10
9.147301
 20
7.186860
 42
-0.026884
  0
VERTEX
  8
0
 10
8.811232
 20
7.626298
 42
-0.023743
  0
VERTEX
  8
0
 10
8.509000
 20
8.117425
 42
0.004409
  0
VERTEX
  8
0
 10
8.441046
 20
8.238061
 42
0.005836
  0
VERTEX
  8
0
 10
8.376933
 20
8.346614
 42
0.004268
  0
VERTEX
  8
0
 10
8.321506
 20
8.436274
 42
0.056249
  0
VERTEX
  8
0
 10
8.297198
 20
8.466667
 42
-0.060613
  0
VERTEX
  8
0
 10
8.275182
 20
8.494691
 42
-0.008392
  0
VERTEX
  8
0
 10
8.237821
 20
8.558742
 42
-0.009515
  0
VERTEX
  8
0
 10
8.196110
 20
8.636521
 42
-0.007932
  0
VERTEX
  8
0
 10
8.154699
 20
8.720667
 42
-0.002636
  0
VERTEX
  8
0
 10
7.828799
 20
9.419791
 42
-0.007002
  0
VERTEX
  8
0
 10
7.605640
 20
9.923656
 42
-0.008589
  0
VERTEX
  8
0
 10
7.456595
 20
10.290678
 42
-0.042819
  0
VERTEX
  8
0
 10
7.394572
 20
10.503975
 42
0.022620
  0
VERTEX
  8
0
 10
7.369847
 20
10.603872
 42
0.026809
  0
VERTEX
  8
0
 10
7.337288
 20
10.695488
 42
0.027203
  0
VERTEX
  8
0
 10
7.302093
 20
10.768447
 42
0.129051
  0
VERTEX
  8
0
 10
7.270398
 20
10.801759
 42
-0.135155
  0
VERTEX
  8
0
 10
7.242027
 20
10.832301
 42
-0.044080
  0
VERTEX
  8
0
 10
7.218325
 20
10.889676
 42
-0.040193
  0
VERTEX
  8
0
 10
7.202106
 20
10.961094
 42
-0.035757
  0
VERTEX
  8
0
 10
7.196667
 20
11.037063
 42
0.032188
  0
VERTEX
  8
0
 10
7.191605
 20
11.115605
 42
0.030068
  0
VERTEX
  8
0
 10
7.176491
 20
11.194692
 42
0.031424
  0
VERTEX
  8
0
 10
7.154404
 20
11.263227
 42
0.083230
  0
VERTEX
  8
0
 10
7.127985
 20
11.307233
 42
-0.099799
  0
VERTEX
  8
0
 10
7.094410
 20
11.367568
 42
-0.006283
  0
VERTEX
  8
0
 10
7.034744
 20
11.563006
 42
-0.009054
  0
VERTEX
  8
0
 10
6.970353
 20
11.799686
 42
-0.006592
  0
VERTEX
  8
0
 10
6.907015
 20
12.065000
 42
0.004038
  0
VERTEX
  8
0
 10
6.843608
 20
12.336743
 42
0.004748
  0
VERTEX
  8
0
 10
6.779019
 20
12.593108
 42
0.004190
  0
VERTEX
  8
0
 10
6.720620
 20
12.808567
 42
0.029229
  0
VERTEX
  8
0
 10
6.685133
 20
12.911667
 42
-0.033983
  0
VERTEX
  8
0
 10
6.632167
 20
13.070430
 42
-0.015676
  0
VERTEX
  8
0
 10
6.584037
 20
13.282949
 42
-0.006660
  0
VERTEX
  8
0
 10
6.519329
 20
13.642535
 42
-0.000715
  0
VERTEX
  8
0
 10
6.381675
 20
14.478000
 42
-0.015981
  0
VERTEX
  8
0
 10
5.968742
 20
17.638802
 42
-0.020320
  0
VERTEX
  8
0
 10
5.800244
 20
20.575604
 42
-0.019562
  0
VERTEX
  8
0
 10
5.868234
 20
23.604804
 42
-0.013176
  0
VERTEX
  8
0
 10
6.171973
 20
27.051000
 42
-0.000740
  0
VERTEX
  8
0
 10
6.318700
 20
28.313054
 42
-0.001510
  0
VERTEX
  8
0
 10
6.438354
 20
29.303373
 42
-0.001769
  0
VERTEX
  8
0
 10
6.534670
 20
30.058894
 42
-0.007002
  0
VERTEX
  8
0
 10
6.602031
 20
30.522333
 42
0.001099
  0
VERTEX
  8
0
 10
6.638893
 20
30.756487
 42
0.000607
  0
VERTEX
  8
0
 10
6.682961
 20
31.042769
 42
0.000605
  0
VERTEX
  8
0
 10
6.726928
 20
31.333075
 42
0.000973
  0
VERTEX
  8
0
 10
6.763628
 20
31.580667
 42
-0.004204
  0
VERTEX
  8
0
 10
6.851028
 20
32.145139
 42
-0.001864
  0
VERTEX
  8
0
 10
6.975411
 20
32.888680
 42
-0.001825
  0
VERTEX
  8
0
 10
7.102947
 20
33.617967
 42
-0.005307
  0
VERTEX
  8
0
 10
7.198269
 20
34.120667
 42
0.002355
  0
VERTEX
  8
0
 10
7.310924
 20
34.696195
 42
0.001681
  0
VERTEX
  8
0
 10
7.431838
 20
35.341497
 42
0.001492
  0
VERTEX
  8
0
 10
7.538662
 20
35.932286
 42
0.007774
  0
VERTEX
  8
0
 10
7.591510
 20
36.259031
 42
-0.019610
  0
VERTEX
  8
0
 10
7.614813
 20
36.384231
 42
-0.024936
  0
VERTEX
  8
0
 10
7.646508
 20
36.497387
 42
-0.024263
  0
VERTEX
  8
0
 10
7.681454
 20
36.587094
 42
-0.150427
  0
VERTEX
  8
0
 10
7.713610
 20
36.623861
 42
0.167385
  0
VERTEX
  8
0
 10
7.742949
 20
36.659735
 42
0.032593
  0
VERTEX
  8
0
 10
7.767090
 20
36.741025
 42
0.031360
  0
VERTEX
  8
0
 10
7.783783
 20
36.843939
 42
0.024531
  0
VERTEX
  8
0
 10
7.789333
 20
36.957000
 42
-0.024727
  0
VERTEX
  8
0
 10
7.794929
 20
37.070088
 42
-0.031540
  0
VERTEX
  8
0
 10
7.811757
 20
37.173086
 42
-0.032847
  0
VERTEX
  8
0
 10
7.836098
 20
37.254453
 42
-0.166739
  0
VERTEX
  8
0
 10
7.865669
 20
37.290518
 42
0.182158
  0
VERTEX
  8
0
 10
7.898486
 20
37.333078
 42
0.014381
  0
VERTEX
  8
0
 10
7.936911
 20
37.473152
 42
0.018058
  0
VERTEX
  8
0
 10
7.972844
 20
37.647847
 42
0.012801
  0
VERTEX
  8
0
 10
8.001000
 20
37.846000
 42
-0.012801
  0
VERTEX
  8
0
 10
8.029156
 20
38.044153
 42
-0.018058
  0
VERTEX
  8
0
 10
8.065089
 20
38.218848
 42
-0.014381
  0
VERTEX
  8
0
 10
8.103514
 20
38.358922
 42
-0.182158
  0
VERTEX
  8
0
 10
8.136331
 20
38.401482
 42
0.153581
  0
VERTEX
  8
0
 10
8.165808
 20
38.435607
 42
0.037836
  0
VERTEX
  8
0
 10
8.190243
 20
38.506478
 42
0.035181
  0
VERTEX
  8
0
 10
8.207055
 20
38.595797
 42
0.028938
  0
VERTEX
  8
0
 10
8.212667
 20
38.692667
 42
-0.032024
  0
VERTEX
  8
0
 10
8.218901
 20
38.789909
 42
-0.037579
  0
VERTEX
  8
0
 10
8.237538
 20
38.880367
 42
-0.040930
  0
VERTEX
  8
0
 10
8.264699
 20
38.952502
 42
-0.144823
  0
VERTEX
  8
0
 10
8.297333
 20
38.989000
 42
0.140547
  0
VERTEX
  8
0
 10
8.329942
 20
39.024859
 42
0.042361
  0
VERTEX
  8
0
 10
8.357129
 20
39.094126
 42
0.038741
  0
VERTEX
  8
0
 10
8.375760
 20
39.180726
 42
0.033629
  0
VERTEX
  8
0
 10
8.382000
 20
39.273397
 42
-0.037358
  0
VERTEX
  8
0
 10
8.389182
 20
39.369386
 42
-0.034506
  0
VERTEX
  8
0
 10
8.410595
 20
39.465891
 42
-0.036330
  0
VERTEX
  8
0
 10
8.441942
 20
39.549181
 42
-0.088432
  0
VERTEX
  8
0
 10
8.479345
 20
39.602812
 42
0.150043
  0
VERTEX
  8
0
 10
8.519710
 20
39.678939
 42
0.010847
  0
VERTEX
  8
0
 10
8.559999
 20
39.916529
 42
0.014369
  0
VERTEX
  8
0
 10
8.594437
 20
40.208149
 42
0.010174
  0
VERTEX
  8
0
 10
8.616988
 20
40.537021
 42
0.007757
  0
VERTEX
  8
0
 10
8.631670
 20
40.987201
 42
0.028068
  0
VERTEX
  8
0
 10
8.620486
 20
41.273579
 42
0.042291
  0
VERTEX
  8
0
 10
8.581324
 20
41.489173
 42
0.044742
  0
VERTEX
  8
0
 10
8.506859
 20
41.690886
 42
0.061006
  0
VERTEX
  8
0
 10
8.228185
 20
42.130549
 42
0.046366
  0
VERTEX
  8
0
 10
7.826801
 20
42.536734
 42
0.048142
  0
VERTEX
  8
0
 10
7.396018
 20
42.833010
 42
0.127244
  0
VERTEX
  8
0
 10
7.036535
 20
42.926000
 42
-0.045770
  0
VERTEX
  8
0
 10
6.968182
 20
42.932270
 42
-0.045809
  0
VERTEX
  8
0
 10
6.902131
 20
42.950871
 42
-0.049827
  0
VERTEX
  8
0
 10
6.847773
 20
42.978185
 42
-0.113489
  0
VERTEX
  8
0
 10
6.815667
 20
43.010667
 42
0.267688
  0
VERTEX
  8
0
 10
6.607112
 20
43.123011
 42
0.031417
  0
VERTEX
  8
0
 10
6.060430
 20
43.072675
 42
0.035284
  0
VERTEX
  8
0
 10
5.445658
 20
42.931859
 42
0.045417
  0
VERTEX
  8
0
 10
4.908981
 20
42.713462
 42
0.087581
  0
VERTEX
  8
0
 10
4.572238
 20
42.456422
 42
0.032443
  0
VERTEX
  8
0
 10
4.196148
 20
41.990633
 42
0.031436
  0
VERTEX
  8
0
 10
3.849419
 20
41.427053
 42
0.036587
  0
VERTEX
  8
0
 10
3.595534
 20
40.851667
 42
0.022491
  0
VERTEX
  8
0
 10
3.524538
 20
40.620050
 42
0.003872
  0
VERTEX
  8
0
 10
3.413226
 20
40.174303
 42
0.004380
  0
VERTEX
  8
0
 10
3.307662
 20
39.719787
 42
0.013771
  0
VERTEX
  8
0
 10
3.247924
 20
39.412333
 42
-0.014514
  0
VERTEX
  8
0
 10
3.226452
 20
39.302695
 42
-0.010850
  0
VERTEX
  8
0
 10
3.196689
 20
39.183204
 42
-0.010990
  0
VERTEX
  8
0
 10
3.163708
 20
39.071790
 42
-0.024477
  0
VERTEX
  8
0
 10
3.132667
 20
38.989000
 42
0.023398
  0
VERTEX
  8
0
 10
3.101423
 20
38.906216
 42
0.010479
  0
VERTEX
  8
0
 10
3.067794
 20
38.794796
 42
0.010347
  0
VERTEX
  8
0
 10
3.037094
 20
38.675305
 42
0.013837
  0
VERTEX
  8
0
 10
3.014513
 20
38.565667
 42
-0.004206
  0
VERTEX
  8
0
 10
2.940723
 20
38.168853
 42
-0.001274
  0
VERTEX
  8
0
 10
2.822171
 20
37.568031
 42
-0.001248
  0
VERTEX
  8
0
 10
2.701221
 20
36.970935
 42
-0.004686
  0
VERTEX
  8
0
 10
2.620881
 20
36.597167
 42
0.002526
  0
VERTEX
  8
0
 10
2.498655
 20
36.040259
 42
0.005641
  0
VERTEX
  8
0
 10
2.412645
 20
35.615335
 42
0.006514
  0
VERTEX
  8
0
 10
2.344077
 20
35.228449
 42
0.004788
  0
VERTEX
  8
0
 10
2.277786
 20
34.798000
 42
-0.006717
  0
VERTEX
  8
0
 10
2.237424
 20
34.542470
 42
-0.007724
  0
VERTEX
  8
0
 10
2.191872
 20
34.299790
 42
-0.007034
  0
VERTEX
  8
0
 10
2.147259
 20
34.095551
 42
-0.043630
  0
VERTEX
  8
0
 10
2.113910
 20
33.993667
 42
0.033427
  0
VERTEX
  8
0
 10
2.083128
 20
33.905726
 42
0.011416
  0
VERTEX
  8
0
 10
2.050056
 20
33.774592
 42
0.011291
  0
VERTEX
  8
0
 10
2.020040
 20
33.627746
 42
0.012792
  0
VERTEX
  8
0
 10
1.998062
 20
33.485667
 42
-0.003736
  0
VERTEX
  8
0
 10
1.935102
 20
33.023369
 42
-0.000747
  0
VERTEX
  8
0
 10
1.815371
 20
32.199524
 42
-0.000823
  0
VERTEX
  8
0
 10
1.690639
 20
31.359805
 42
-0.002353
  0
VERTEX
  8
0
 10
1.600177
 20
30.776333
 42
0.005710
  0
VERTEX
  8
0
 10
1.436711
 20
29.673121
 42
0.005824
  0
VERTEX
  8
0
 10
1.299642
 20
28.573723
 42
0.004540
  0
VERTEX
  8
0
 10
1.163272
 20
27.258400
 42
0.001781
  0
VERTEX
  8
0
 10
0.998162
 20
25.442333
 42
0.018116
  0
VERTEX
  8
0
 10
0.920209
 20
23.911460
 42
0.003750
  0
VERTEX
  8
0
 10
0.900933
 20
21.214369
 42
0.003442
  0
VERTEX
  8
0
 10
0.920423
 20
18.521162
 42
0.023142
  0
VERTEX
  8
0
 10
1.001080
 20
17.187333
 42
0.001182
  0
VERTEX
  8
0
 10
1.198316
 20
15.385600
 42
0.005792
  0
VERTEX
  8
0
 10
1.323979
 20
14.368975
 42
0.009164
  0
VERTEX
  8
0
 10
1.444084
 20
13.589577
 42
0.007022
  0
VERTEX
  8
0
 10
1.602872
 20
12.742333
 42
-0.002335
  0
VERTEX
  8
0
 10
1.643261
 20
12.537459
 42
-0.001017
  0
VERTEX
  8
0
 10
1.695080
 20
12.264987
 42
-0.001006
  0
VERTEX
  8
0
 10
1.748971
 20
11.975238
 42
-0.001341
  0
VERTEX
  8
0
 10
1.796692
 20
11.711792
 42
0.007746
  0
VERTEX
  8
0
 10
1.842804
 20
11.474591
 42
0.010857
  0
VERTEX
  8
0
 10
1.891838
 20
11.264424
 42
0.007400
  0
VERTEX
  8
0
 10
1.938902
 20
11.091494
 42
0.127757
  0
VERTEX
  8
0
 10
1.968500
 20
11.041514
 42
-0.106027
  0
VERTEX
  8
0
 10
1.992982
 20
11.003945
 42
-0.032083
  0
VERTEX
  8
0
 10
2.013347
 20
10.938602
 42
-0.030546
  0
VERTEX
  8
0
 10
2.027321
 20
10.860434
 42
-0.028966
  0
VERTEX
  8
0
 10
2.032000
 20
10.779740
 42
0.032930
  0
VERTEX
  8
0
 10
2.037725
 20
10.692915
 42
0.022943
  0
VERTEX
  8
0
 10
2.055076
 20
10.596219
 42
0.023228
  0
VERTEX
  8
0
 10
2.080419
 20
10.504604
 42
0.043630
  0
VERTEX
  8
0
 10
2.110556
 20
10.434018
 42
-0.031875
  0
VERTEX
  8
0
 10
2.149235
 20
10.349010
 42
-0.006471
  0
VERTEX
  8
0
 10
2.206098
 20
10.193397
 42
-0.006799
  0
VERTEX
  8
0
 10
2.267515
 20
10.010394
 42
-0.006325
  0
VERTEX
  8
0
 10
2.325491
 20
9.821333
 42
0.004100
  0
VERTEX
  8
0
 10
2.383042
 20
9.630635
 42
0.004218
  0
VERTEX
  8
0
 10
2.443183
 20
9.442715
 42
0.004084
  0
VERTEX
  8
0
 10
2.498025
 20
9.280670
 42
0.017841
  0
VERTEX
  8
0
 10
2.534635
 20
9.186333
 42
-0.001912
  0
VERTEX
  8
0
 10
2.608727
 20
9.012082
 42
-0.000461
  0
VERTEX
  8
0
 10
2.730113
 20
8.722798
 42
-0.000499
  0
VERTEX
  8
0
 10
2.857332
 20
8.417972
 42
-0.000927
  0
VERTEX
  8
0
 10
2.959857
 20
8.170333
 42
0.014608
  0
VERTEX
  8
0
 10
3.122095
 20
7.806922
 42
0.002881
  0
VERTEX
  8
0
 10
3.435794
 20
7.165491
 42
0.003137
  0
VERTEX
  8
0
 10
3.761374
 20
6.519580
 42
0.010172
  0
VERTEX
  8
0
 10
3.988738
 20
6.096894
 42
0.028246
  0
VERTEX
  8
0
 10
4.557446
 20
5.210273
 42
0.017578
  0
VERTEX
  8
0
 10
5.316975
 20
4.235581
 42
0.017637
  0
VERTEX
  8
0
 10
6.119688
 20
3.342904
 42
0.036928
  0
VERTEX
  8
0
 10
6.815667
 20
2.720914
 42
0.035484
  0
VERTEX
  8
0
 10
7.124940
 20
2.516266
 42
0.014432
  0
VERTEX
  8
0
 10
7.571808
 20
2.280912
 42
0.010869
  0
VERTEX
  8
0
 10
8.016607
 20
2.074675
 42
0.103472
  0
VERTEX
  8
0
 10
8.220615
 20
2.032000
 42
-0.063652
  0
VERTEX
  8
0
 10
8.279428
 20
2.024482
 42
-0.063560
  0
VERTEX
  8
0
 10
8.334490
 20
2.002412
 42
-0.069510
  0
VERTEX
  8
0
 10
8.377667
 20
1.969795
 42
-0.116342
  0
VERTEX
  8
0
 10
8.401464
 20
1.931276
 42
0.317742
  0
VERTEX
  8
0
 10
8.532493
 20
1.834988
 42
0.004608
  0
VERTEX
  8
0
 10
9.550746
 20
1.825604
 42
0.005936
  0
VERTEX
  8
0
 10
10.551434
 20
1.837484
 42
0.192749
  0
VERTEX
  8
0
 10
10.770476
 20
1.931276
 42
-0.075999
  0
VERTEX
  8
0
 10
10.823053
 20
1.969909
 42
-0.038377
  0
VERTEX
  8
0
 10
10.898815
 20
2.002412
 42
-0.036992
  0
VERTEX
  8
0
 10
10.983984
 20
2.024578
 42
-0.045194
  0
VERTEX
  8
0
 10
11.065933
 20
2.032000
 42
0.041555
  0
VERTEX
  8
0
 10
11.140490
 20
2.038207
 42
0.061077
  0
VERTEX
  8
0
 10
11.203464
 20
2.056871
 42
0.080277
  0
VERTEX
  8
0
 10
11.246201
 20
2.084284
 42
0.213207
  0
VERTEX
  8
0
 10
11.260667
 20
2.116667
 42
-0.148532
  0
VERTEX
  8
0
 10
11.270475
 20
2.148955
 42
-0.098843
  0
VERTEX
  8
0
 10
11.298063
 20
2.176462
 42
-0.082309
  0
VERTEX
  8
0
 10
11.339303
 20
2.195010
 42
-0.064689
  0
VERTEX
  8
0
 10
11.387973
 20
2.201333
 42
0.157381
  0
VERTEX
  8
0
 10
11.935301
 20
2.377986
 42
0.020212
  0
VERTEX
  8
0
 10
12.918603
 20
3.148754
 42
0.024714
  0
VERTEX
  8
0
 10
13.882549
 20
4.055181
 42
0.049830
  0
VERTEX
  8
0
 10
14.527292
 20
4.873779
 42
-0.006773
  0
VERTEX
  8
0
 10
14.591834
 20
4.972052
 42
-0.008370
  0
VERTEX
  8
0
 10
14.654716
 20
5.061756
 42
-0.007070
  0
VERTEX
  8
0
 10
14.709676
 20
5.135222
 42
-0.059708
  0
VERTEX
  8
0
 10
14.738554
 20
5.164667
 42
0.091684
  0
VERTEX
  8
0
 10
14.915200
 20
5.369306
 42
0.004533
  0
VERTEX
  8
0
 10
15.359610
 20
6.145147
 42
0.007556
  0
VERTEX
  8
0
 10
15.847892
 20
7.047480
 42
0.006696
  0
VERTEX
  8
0
 10
16.329261
 20
8.001000
 42
0.001843
  0
VERTEX
  8
0
 10
16.595551
 20
8.551660
 42
0.004607
  0
VERTEX
  8
0
 10
16.784820
 20
8.956286
 42
0.005161
  0
VERTEX
  8
0
 10
16.953727
 20
9.336564
 42
0.002928
  0
VERTEX
  8
0
 10
17.150726
 20
9.800167
 42
-0.000405
  0
VERTEX
  8
0
 10
17.208149
 20
9.937220
 42
-0.000312
  0
VERTEX
  8
0
 10
17.270980
 20
10.086578
 42
-0.000316
  0
VERTEX
  8
0
 10
17.329849
 20
10.226028
 42
-0.000756
  0
VERTEX
  8
0
 10
17.373721
 20
10.329333
 42
0.002476
  0
VERTEX
  8
0
 10
17.413006
 20
10.422730
 42
0.001723
  0
VERTEX
  8
0
 10
17.456480
 20
10.528565
 42
0.001737
  0
VERTEX
  8
0
 10
17.497497
 20
10.630415
 42
0.003592
  0
VERTEX
  8
0
 10
17.528695
 20
10.710333
 42
-0.005899
  0
VERTEX
  8
0
 10
17.562682
 20
10.796221
 42
-0.001984
  0
VERTEX
  8
0
 10
17.614236
 20
10.920732
 42
-0.001974
  0
VERTEX
  8
0
 10
17.672361
 20
11.058027
 42
-0.002259
  0
VERTEX
  8
0
 10
17.729034
 20
11.188796
 42
0.010231
  0
VERTEX
  8
0
 10
17.780963
 20
11.314055
 42
0.012033
  0
VERTEX
  8
0
 10
17.824825
 20
11.434785
 42
0.010984
  0
VERTEX
  8
0
 10
17.857027
 20
11.537991
 42
0.070235
  0
VERTEX
  8
0
 10
17.864667
 20
11.592111
 42
-0.054888
  0
VERTEX
  8
0
 10
17.869762
 20
11.638385
 42
-0.020336
  0
VERTEX
  8
0
 10
17.886636
 20
11.701817
 42
-0.019866
  0
VERTEX
  8
0
 10
17.910826
 20
11.770117
 42
-0.022622
  0
VERTEX
  8
0
 10
17.939455
 20
11.833316
 42
0.009137
  0
VERTEX
  8
0
 10
17.975344
 20
11.907175
 42
0.003443
  0
VERTEX
  8
0
 10
18.022949
 20
12.011759
 42
0.003409
  0
VERTEX
  8
0
 10
18.073207
 20
12.126312
 42
0.004145
  0
VERTEX
  8
0
 10
18.118667
 20
12.234333
 42
-0.003127
  0
VERTEX
  8
0
 10
18.163341
 20
12.341096
 42
-0.002760
  0
VERTEX
  8
0
 10
18.211222
 20
12.451843
 42
-0.002772
  0
VERTEX
  8
0
 10
18.255487
 20
12.551194
 42
-0.008402
  0
VERTEX
  8
0
 10
18.287112
 20
12.618112
 42
0.031247
  0
VERTEX
  8
0
 10
18.316012
 20
12.687273
 42
0.009534
  0
VERTEX
  8
0
 10
18.351089
 20
12.795184
 42
0.009504
  0
VERTEX
  8
0
 10
18.385850
 20
12.917824
 42
0.010248
  0
VERTEX
  8
0
 10
18.415000
 20
13.038667
 42
-0.010248
  0
VERTEX
  8
0
 10
18.444150
 20
13.159510
 42
-0.009504
  0
VERTEX
  8
0
 10
18.478911
 20
13.282149
 42
-0.009534
  0
VERTEX
  8
0
 10
18.513988
 20
13.390061
 42
-0.031247
  0
VERTEX
  8
0
 10
18.542888
 20
13.459221
 42
0.013133
  0
VERTEX
  8
0
 10
18.650322
 20
13.692229
 42
0.010892
  0
VERTEX
  8
0
 10
18.752640
 20
13.945472
 42
0.008363
  0
VERTEX
  8
0
 10
18.865746
 20
14.259741
 42
0.003431
  0
VERTEX
  8
0
 10
19.009117
 20
14.689667
 42
-0.001815
  0
VERTEX
  8
0
 10
19.098763
 20
14.961411
 42
-0.002144
  0
VERTEX
  8
0
 10
19.185591
 20
15.217775
 42
-0.001872
  0
VERTEX
  8
0
 10
19.260631
 20
15.433609
 42
-0.013528
  0
VERTEX
  8
0
 10
19.299931
 20
15.536333
 42
0.016719
  0
VERTEX
  8
0
 10
19.333653
 20
15.626194
 42
0.004884
  0
VERTEX
  8
0
 10
19.379515
 20
15.766550
 42
0.004901
  0
VERTEX
  8
0
 10
19.428081
 20
15.925661
 42
0.005233
  0
VERTEX
  8
0
 10
19.472431
 20
16.082262
 42
-0.006754
  0
VERTEX
  8
0
 10
19.535877
 20
16.303716
 42
-0.114155
  0
VERTEX
  8
0
 10
19.573395
 20
16.369263
 42
-0.435693
  0
VERTEX
  8
0
 10
19.613103
 20
16.369336
 42
-0.058650
  0
VERTEX
  8
0
 10
19.668509
 20
16.293928
 42
-0.064413
  0
VERTEX
  8
0
 10
19.710908
 20
16.190151
 42
-0.009152
  0
VERTEX
  8
0
 10
19.765965
 20
15.966046
 42
-0.010292
  0
VERTEX
  8
0
 10
19.821076
 20
15.696964
 42
-0.008608
  0
VERTEX
  8
0
 10
19.868740
 20
15.409333
 42
0.007297
  0
VERTEX
  8
0
 10
20.017865
 20
14.494576
 42
0.005958
  0
VERTEX
  8
0
 10
20.203325
 20
13.520309
 42
0.005808
  0
VERTEX
  8
0
 10
20.417759
 20
12.522276
 42
0.005919
  0
VERTEX
  8
0
 10
20.654034
 20
11.535833
 42
-0.000493
  0
VERTEX
  8
0
 10
20.826823
 20
10.847512
 42
-0.001656
  0
VERTEX
  8
0
 10
20.937991
 20
10.396458
 42
-0.002358
  0
VERTEX
  8
0
 10
21.012412
 20
10.083719
 42
-0.008547
  0
VERTEX
  8
0
 10
21.055402
 20
9.883797
 42
0.024789
  0
VERTEX
  8
0
 10
21.078563
 20
9.790873
 42
0.028489
  0
VERTEX
  8
0
 10
21.109978
 20
9.705028
 42
0.029424
  0
VERTEX
  8
0
 10
21.144520
 20
9.636453
 42
0.123570
  0
VERTEX
  8
0
 10
21.176428
 20
9.603634
 42
-0.139019
  0
VERTEX
  8
0
 10
21.205270
 20
9.572108
 42
-0.042858
  0
VERTEX
  8
0
 10
21.229330
 20
9.511697
 42
-0.039154
  0
VERTEX
  8
0
 10
21.245811
 20
9.436259
 42
-0.034220
  0
VERTEX
  8
0
 10
21.251333
 20
9.355667
 42
0.035283
  0
VERTEX
  8
0
 10
21.257035
 20
9.274966
 42
0.039878
  0
VERTEX
  8
0
 10
21.274040
 20
9.199201
 42
0.043714
  0
VERTEX
  8
0
 10
21.298884
 20
9.138396
 42
0.136329
  0
VERTEX
  8
0
 10
21.328633
 20
9.106220
 42
-0.152206
  0
VERTEX
  8
0
 10
21.362140
 20
9.067639
 42
-0.021250
  0
VERTEX
  8
0
 10
21.400900
 20
8.967865
 42
-0.022686
  0
VERTEX
  8
0
 10
21.437407
 20
8.842181
 42
-0.017489
  0
VERTEX
  8
0
 10
21.466101
 20
8.702312
 42
0.010321
  0
VERTEX
  8
0
 10
21.493859
 20
8.556414
 42
0.010479
  0
VERTEX
  8
0
 10
21.527489
 20
8.412530
 42
0.010312
  0
VERTEX
  8
0
 10
21.561910
 20
8.288732
 42
0.041740
  0
VERTEX
  8
0
 10
21.590590
 20
8.215923
 42
-0.012892
  0
VERTEX
  8
0
 10
21.662231
 20
8.060898
 42
-0.006113
  0
VERTEX
  8
0
 10
21.746904
 20
7.857737
 42
-0.005548
  0
VERTEX
  8
0
 10
21.838661
 20
7.622262
 42
-0.004405
  0
VERTEX
  8
0
 10
21.932686
 20
7.366000
 42
0.009763
  0
VERTEX
  8
0
 10
21.988922
 20
7.217663
 42
0.003456
  0
VERTEX
  8
0
 10
22.075023
 20
7.007490
 42
0.003429
  0
VERTEX
  8
0
 10
22.172799
 20
6.777883
 42
0.004026
  0
VERTEX
  8
0
 10
22.268705
 20
6.561667
 42
-0.001162
  0
VERTEX
  8
0
 10
22.365401
 20
6.346998
 42
-0.001016
  0
VERTEX
  8
0
 10
22.465545
 20
6.122062
 42
-0.001021
  0
VERTEX
  8
0
 10
22.555212
 20
5.918431
 42
-0.003043
  0
VERTEX
  8
0
 10
22.615476
 20
5.778500
 42
0.018433
  0
VERTEX
  8
0
 10
22.664773
 20
5.673089
 42
0.026586
  0
VERTEX
  8
0
 10
22.716573
 20
5.584164
 42
0.025019
  0
VERTEX
  8
0
 10
22.764680
 20
5.518273
 42
0.226278
  0
VERTEX
  8
0
 10
22.796001
 20
5.503333
 42
-0.138407
  0
VERTEX
  8
0
 10
22.820407
 20
5.496446
 42
-0.100110
  0
VERTEX
  8
0
 10
22.841200
 20
5.477086
 42
-0.085793
  0
VERTEX
  8
0
 10
22.855201
 20
5.448131
 42
-0.069918
  0
VERTEX
  8
0
 10
22.860000
 20
5.413982
 42
0.141114
  0
VERTEX
  8
0
 10
22.908314
 20
5.246203
 42
0.003708
  0
VERTEX
  8
0
 10
23.330303
 20
4.585184
 42
0.008612
  0
VERTEX
  8
0
 10
23.765014
 20
3.939861
 42
0.019548
  0
VERTEX
  8
0
 10
24.120545
 20
3.471333
 42
0.017072
  0
VERTEX
  8
0
 10
24.585283
 20
2.943969
 42
0.017128
  0
VERTEX
  8
0
 10
25.084431
 20
2.450135
 42
0.017368
  0
VERTEX
  8
0
 10
25.549686
 20
2.049375
 42
0.060033
  0
VERTEX
  8
0
 10
25.886833
 20
1.839686
 42
-0.022235
  0
VERTEX
  8
0
 10
25.959791
 20
1.801616
 42
-0.030592
  0
VERTEX
  8
0
 10
26.021374
 20
1.760687
 42
-0.031143
  0
VERTEX
  8
0
 10
26.066051
 20
1.722286
 42
-0.202327
  0
VERTEX
  8
0
 10
26.077333
 20
1.695546
 42
0.247335
  0
VERTEX
  8
0
 10
26.091756
 20
1.668174
 42
0.019043
  0
VERTEX
  8
0
 10
26.164381
 20
1.622354
 42
0.022596
  0
VERTEX
  8
0
 10
26.260122
 20
1.572562
 42
0.015120
  0
VERTEX
  8
0
 10
26.373667
 20
1.524000
 42
-0.014455
  0
VERTEX
  8
0
 10
26.487216
 20
1.475614
 42
-0.021718
  0
VERTEX
  8
0
 10
26.582952
 20
1.426361
 42
-0.017792
  0
VERTEX
  8
0
 10
26.655957
 20
1.381182
 42
-0.250302
  0
VERTEX
  8
0
 10
26.670000
 20
1.354887
 42
0.302618
  0
VERTEX
  8
0
 10
26.687310
 20
1.328906
 42
0.007622
  0
VERTEX
  8
0
 10
26.825443
 20
1.273714
 42
0.013814
  0
VERTEX
  8
0
 10
26.996321
 20
1.213795
 42
0.008662
  0
VERTEX
  8
0
 10
27.199167
 20
1.152754
 42
-0.003682
  0
VERTEX
  8
0
 10
27.416021
 20
1.089846
 42
-0.003781
  0
VERTEX
  8
0
 10
27.630020
 20
1.024287
 42
-0.003662
  0
VERTEX
  8
0
 10
27.814792
 20
0.964660
 42
-0.015926
  0
VERTEX
  8
0
 10
27.922817
 20
0.925064
 42
0.089417
  0
VERTEX
  8
0
 10
28.230155
 20
0.861220
 42
0.006158
  0
VERTEX
  8
0
 10
29.120744
 20
0.848621
 42
0.006337
  0
VERTEX
  8
0
 10
30.009446
 20
0.858258
 42
0.085218
  0
VERTEX
  8
0
 10
30.327850
 20
0.920664
 42
-0.006556
  0
VERTEX
  8
0
 10
30.432616
 20
0.958961
 42
-0.001708
  0
VERTEX
  8
0
 10
30.601993
 20
1.017722
 42
-0.001736
  0
VERTEX
  8
0
 10
30.795455
 20
1.083349
 42
-0.001773
  0
VERTEX
  8
0
 10
30.988000
 20
1.147161
 42
0.059539
  0
VERTEX
  8
0
 10
32.057286
 20
1.644586
 42
0.046955
  0
VERTEX
  8
0
 10
33.075774
 20
2.415948
 42
0.039832
  0
VERTEX
  8
0
 10
34.076295
 20
3.491790
 42
0.023907
  0
VERTEX
  8
0
 10
35.092913
 20
4.910667
 42
0.020681
  0
VERTEX
  8
0
 10
35.571386
 20
5.722537
 42
0.005889
  0
VERTEX
  8
0
 10
36.246693
 20
7.021540
 42
0.002328
  0
VERTEX
  8
0
 10
36.930829
 20
8.392097
 42
0.115085
  0
VERTEX
  8
0
 10
36.999333
 20
8.685782
 42
-0.084734
  0
VERTEX
  8
0
 10
37.005038
 20
8.719202
 42
-0.005373
  0
VERTEX
  8
0
 10
37.039175
 20
8.813050
 42
-0.007770
  0
VERTEX
  8
0
 10
37.083013
 20
8.924366
 42
-0.005692
  0
VERTEX
  8
0
 10
37.134966
 20
9.046538
 42
0.003556
  0
VERTEX
  8
0
 10
37.286484
 20
9.398657
 42
0.012385
  0
VERTEX
  8
0
 10
37.377042
 20
9.629077
 42
0.012952
  0
VERTEX
  8
0
 10
37.454028
 20
9.858465
 42
0.004171
  0
VERTEX
  8
0
 10
37.556477
 20
10.202333
 42
-0.008064
  0
VERTEX
  8
0
 10
37.617891
 20
10.402754
 42
-0.010383
  0
VERTEX
  8
0
 10
37.681087
 20
10.584736
 42
-0.008392
  0
VERTEX
  8
0
 10
37.739365
 20
10.734200
 42
-0.084533
  0
VERTEX
  8
0
 10
37.774611
 20
10.790767
 42
0.072838
  0
VERTEX
  8
0
 10
37.802009
 20
10.832542
 42
0.034745
  0
VERTEX
  8
0
 10
37.825030
 20
10.892678
 42
0.033514
  0
VERTEX
  8
0
 10
37.840744
 20
10.960058
 42
0.040554
  0
VERTEX
  8
0
 10
37.846000
 20
11.024749
 42
-0.041978
  0
VERTEX
  8
0
 10
37.851841
 20
11.094194
 42
-0.024051
  0
VERTEX
  8
0
 10
37.869866
 20
11.176379
 42
-0.023891
  0
VERTEX
  8
0
 10
37.896117
 20
11.257834
 42
-0.036344
  0
VERTEX
  8
0
 10
37.927245
 20
11.325316
 42
0.051546
  0
VERTEX
  8
0
 10
37.984718
 20
11.460553
 42
0.011548
  0
VERTEX
  8
0
 10
38.053018
 20
11.701924
 42
0.009043
  0
VERTEX
  8
0
 10
38.134651
 20
12.043520
 42
0.003285
  0
VERTEX
  8
0
 10
38.238443
 20
12.530667
 42
-0.013688
  0
VERTEX
  8
0
 10
38.260379
 20
12.624049
 42
-0.009096
  0
VERTEX
  8
0
 10
38.290391
 20
12.729898
 42
-0.009159
  0
VERTEX
  8
0
 10
38.323303
 20
12.831658
 42
-0.017621
  0
VERTEX
  8
0
 10
38.354000
 20
12.911667
 42
0.020973
  0
VERTEX
  8
0
 10
38.385122
 20
12.994435
 42
0.009323
  0
VERTEX
  8
0
 10
38.419479
 20
13.105871
 42
0.009209
  0
VERTEX
  8
0
 10
38.451523
 20
13.225362
 42
0.012293
  0
VERTEX
  8
0
 10
38.475926
 20
13.335000
 42
0.000599
  0
VERTEX
  8
0
 10
38.503329
 20
13.475050
 42
0.000135
  0
VERTEX
  8
0
 10
38.549593
 20
13.713354
 42
0.000140
  0
VERTEX
  8
0
 10
38.602831
 20
13.988388
 42
0.000136
  0
VERTEX
  8
0
 10
38.656473
 20
14.266333
 42
-0.000394
  0
VERTEX
  8
0
 10
38.712066
 20
14.553588
 42
-0.000335
  0
VERTEX
  8
0
 10
38.771170
 20
14.856619
 42
-0.000337
  0
VERTEX
  8
0
 10
38.825334
 20
15.132342
 42
-0.000956
  0
VERTEX
  8
0
 10
38.863631
 20
15.324667
 42
0.008094
  0
VERTEX
  8
0
 10
39.010846
 20
16.123335
 42
0.005851
  0
VERTEX
  8
0
 10
39.150057
 20
17.017855
 42
0.004987
  0
VERTEX
  8
0
 10
39.259278
 20
17.836014
 42
0.030694
  0
VERTEX
  8
0
 10
39.285333
 20
18.260057
 42
-0.044194
  0
VERTEX
  8
0
 10
39.313272
 20
18.575525
 42
-0.073779
  0
VERTEX
  8
0
 10
39.397950
 20
18.827707
 42
-0.100476
  0
VERTEX
  8
0
 10
39.527496
 20
18.990711
 42
-0.175654
  0
VERTEX
  8
0
 10
39.687500
 20
19.049339
 42
-0.042517
  0
VERTEX
  8
0
 10
39.760432
 20
19.043381
 42
-0.062287
  0
VERTEX
  8
0
 10
39.822041
 20
19.024935
 42
-0.081919
  0
VERTEX
  8
0
 10
39.863788
 20
18.997656
 42
-0.210146
  0
VERTEX
  8
0
 10
39.878000
 20
18.965333
 42
0.186414
  0
VERTEX
  8
0
 10
39.890485
 20
18.933009
 42
0.089706
  0
VERTEX
  8
0
 10
39.926274
 20
18.905537
 42
0.069539
  0
VERTEX
  8
0
 10
39.979449
 20
18.886914
 42
0.049547
  0
VERTEX
  8
0
 10
40.042337
 20
18.880667
 42
-0.046881
  0
VERTEX
  8
0
 10
40.109080
 20
18.874395
 42
-0.046318
  0
VERTEX
  8
0
 10
40.173770
 20
18.855796
 42
-0.050262
  0
VERTEX
  8
0
 10
40.227163
 20
18.828474
 42
-0.111412
  0
VERTEX
  8
0
 10
40.259000
 20
18.796000
 42
0.106459
  0
VERTEX
  8
0
 10
40.290204
 20
18.763542
 42
0.051202
  0
VERTEX
  8
0
 10
40.341374
 20
18.736204
 42
0.047500
  0
VERTEX
  8
0
 10
40.402917
 20
18.717609
 42
0.049665
  0
VERTEX
  8
0
 10
40.465941
 20
18.711333
 42
-0.060943
  0
VERTEX
  8
0
 10
40.636428
 20
18.690476
 42
-0.006715
  0
VERTEX
  8
0
 10
41.017752
 20
18.590300
 42
-0.008908
  0
VERTEX
  8
0
 10
41.408876
 20
18.474373
 42
-0.020331
  0
VERTEX
  8
0
 10
41.698333
 20
18.369821
 42
0.018086
  0
VERTEX
  8
0
 10
41.781081
 20
18.339512
 42
0.007958
  0
VERTEX
  8
0
 10
41.892538
 20
18.305154
 42
0.007864
  0
VERTEX
  8
0
 10
42.012028
 20
18.272421
 42
0.010459
  0
VERTEX
  8
0
 10
42.121667
 20
18.246665
 42
0.003213
  0
VERTEX
  8
0
 10
42.760136
 20
18.114987
 42
0.004823
  0
VERTEX
  8
0
 10
43.319106
 20
18.009039
 42
0.005548
  0
VERTEX
  8
0
 10
43.801199
 20
17.927983
 42
0.009656
  0
VERTEX
  8
0
 10
44.203002
 20
17.872929
 42
-0.006964
  0
VERTEX
  8
0
 10
44.422667
 20
17.844035
 42
-0.009234
  0
VERTEX
  8
0
 10
44.621601
 20
17.811282
 42
-0.006977
  0
VERTEX
  8
0
 10
44.786288
 20
17.778652
 42
-0.086218
  0
VERTEX
  8
0
 10
44.845380
 20
17.754943
 42
0.119844
  0
VERTEX
  8
0
 10
44.911040
 20
17.733546
 42
0.003819
  0
VERTEX
  8
0
 10
45.192352
 20
17.714151
 42
0.007193
  0
VERTEX
  8
0
 10
45.526722
 20
17.698487
 42
0.004907
  0
VERTEX
  8
0
 10
45.907138
 20
17.689885
 42
0.000000
  0
VERTEX
  8
0
 10
46.883853
 20
17.677386
 42
0.000000
  0
VERTEX
  8
0
 10
46.932094
 20
16.564526
 42
0.006261
  0
VERTEX
  8
0
 10
46.988572
 20
15.554218
 42
0.006688
  0
VERTEX
  8
0
 10
47.069395
 20
14.567646
 42
0.005592
  0
VERTEX
  8
0
 10
47.159647
 20
13.721820
 42
0.044070
  0
VERTEX
  8
0
 10
47.240123
 20
13.335867
 42
-0.003450
  0
VERTEX
  8
0
 10
47.275990
 20
13.214231
 42
-0.001617
  0
VERTEX
  8
0
 10
47.320802
 20
13.056384
 42
-0.001602
  0
VERTEX
  8
0
 10
47.366712
 20
12.890613
 42
-0.002250
  0
VERTEX
  8
0
 10
47.406551
 20
12.742333
 42
0.004059
  0
VERTEX
  8
0
 10
47.583227
 20
12.094113
 42
0.011167
  0
VERTEX
  8
0
 10
47.721687
 20
11.640968
 42
0.013792
  0
VERTEX
  8
0
 10
47.862128
 20
11.251961
 42
0.009856
  0
VERTEX
  8
0
 10
48.039701
 20
10.824538
 42
-0.006605
  0
VERTEX
  8
0
 10
48.091648
 20
10.701758
 42
-0.008744
  0
VERTEX
  8
0
 10
48.135491
 20
10.588572
 42
-0.006589
  0
VERTEX
  8
0
 10
48.169117
 20
10.493177
 42
-0.081609
  0
VERTEX
  8
0
 10
48.175333
 20
10.455346
 42
0.120090
  0
VERTEX
  8
0
 10
48.224768
 20
10.252490
 42
0.004442
  0
VERTEX
  8
0
 10
48.596366
 20
9.550679
 42
0.008753
  0
VERTEX
  8
0
 10
49.016351
 20
8.805707
 42
0.010843
  0
VERTEX
  8
0
 10
49.434224
 20
8.128000
 42
0.013393
  0
VERTEX
  8
0
 10
49.799917
 20
7.594619
 42
0.017414
  0
VERTEX
  8
0
 10
50.164313
 20
7.127624
 42
0.015340
  0
VERTEX
  8
0
 10
50.595450
 20
6.644029
 42
0.007494
  0
VERTEX
  8
0
 10
51.172897
 20
6.053002
 42
0.006082
  0
VERTEX
  8
0
 10
51.628438
 20
5.611395
 42
0.006699
  0
VERTEX
  8
0
 10
52.080320
 20
5.195206
 42
0.006282
  0
VERTEX
  8
0
 10
52.475274
 20
4.849961
 42
0.033567
  0
VERTEX
  8
0
 10
52.705000
 20
4.679395
 42
-0.002121
  0
VERTEX
  8
0
 10
52.873300
 20
4.570138
 42
-0.002635
  0
VERTEX
  8
0
 10
53.028850
 20
4.467041
 42
-0.002148
  0
VERTEX
  8
0
 10
53.158598
 20
4.379248
 42
-0.019889
  0
VERTEX
  8
0
 10
53.213000
 20
4.338832
 42
0.054577
  0
VERTEX
  8
0
 10
53.331255
 20
4.263089
 42
0.001283
  0
VERTEX
  8
0
 10
53.923143
 20
3.971269
 42
0.002921
  0
VERTEX
  8
0
 10
54.488678
 20
3.698328
 42
0.013415
  0
VERTEX
  8
0
 10
54.821667
 20
3.550830
 42
0.020193
  0
VERTEX
  8
0
 10
54.904427
 20
3.520642
 42
0.008937
  0
VERTEX
  8
0
 10
55.015871
 20
3.487202
 42
0.008829
  0
VERTEX
  8
0
 10
55.135362
 20
3.455928
 42
0.011762
  0
VERTEX
  8
0
 10
55.245000
 20
3.432009
 42
-0.003697
  0
VERTEX
  8
0
 10
55.360622
 20
3.408731
 42
-0.002153
  0
VERTEX
  8
0
 10
55.499000
 20
3.379182
 42
-0.002152
  0
VERTEX
  8
0
 10
55.637364
 20
3.348389
 42
-0.003639
  0
VERTEX
  8
0
 10
55.753000
 20
3.321244
 42
0.055737
  0
VERTEX
  8
0
 10
56.144073
 20
3.271514
 42
0.003490
  0
VERTEX
  8
0
 10
57.309561
 20
3.262018
 42
0.003247
  0
VERTEX
  8
0
 10
58.481835
 20
3.268262
 42
0.062037
  0
VERTEX
  8
0
 10
58.843333
 20
3.317635
 42
-0.013704
  0
VERTEX
  8
0
 10
58.951875
 20
3.343306
 42
-0.004609
  0
VERTEX
  8
0
 10
59.111518
 20
3.374941
 42
-0.004581
  0
VERTEX
  8
0
 10
59.288846
 20
3.406704
 42
-0.005231
  0
VERTEX
  8
0
 10
59.459067
 20
3.433758
 42
0.015010
  0
VERTEX
  8
0
 10
59.617140
 20
3.462062
 42
0.020330
  0
VERTEX
  8
0
 10
59.757784
 20
3.497651
 42
0.017758
  0
VERTEX
  8
0
 10
59.869799
 20
3.535271
 42
0.165922
  0
VERTEX
  8
0
 10
59.908564
 20
3.567160
 42
-0.123775
  0
VERTEX
  8
0
 10
59.937629
 20
3.595396
 42
-0.047355
  0
VERTEX
  8
0
 10
59.989260
 20
3.619074
 42
-0.043200
  0
VERTEX
  8
0
 10
60.052803
 20
3.635232
 42
-0.040687
  0
VERTEX
  8
0
 10
60.119479
 20
3.640667
 42
0.037771
  0
VERTEX
  8
0
 10
60.193529
 20
3.646269
 42
0.023061
  0
VERTEX
  8
0
 10
60.279540
 20
3.663447
 42
0.023053
  0
VERTEX
  8
0
 10
60.363672
 20
3.688492
 42
0.037505
  0
VERTEX
  8
0
 10
60.431982
 20
3.718216
 42
-0.011512
  0
VERTEX
  8
0
 10
60.508314
 20
3.756259
 42
-0.003734
  0
VERTEX
  8
0
 10
60.622861
 20
3.809053
 42
-0.003720
  0
VERTEX
  8
0
 10
60.751099
 20
3.865854
 42
-0.004176
  0
VERTEX
  8
0
 10
60.875333
 20
3.918551
 42
0.001757
  0
VERTEX
  8
0
 10
61.347344
 20
4.116075
 42
0.012840
  0
VERTEX
  8
0
 10
61.570633
 20
4.217273
 42
0.019995
  0
VERTEX
  8
0
 10
61.696800
 20
4.284762
 42
0.265921
  0
VERTEX
  8
0
 10
61.722000
 20
4.328793
 42
-0.192660
  0
VERTEX
  8
0
 10
61.731770
 20
4.353208
 42
-0.045283
  0
VERTEX
  8
0
 10
61.765524
 20
4.382752
 42
-0.040206
  0
VERTEX
  8
0
 10
61.813439
 20
4.412004
 42
-0.030225
  0
VERTEX
  8
0
 10
61.870167
 20
4.436478
 42
0.082161
  0
VERTEX
  8
0
 10
62.473895
 20
4.774837
 42
0.011995
  0
VERTEX
  8
0
 10
63.553682
 20
5.682065
 42
0.014451
  0
VERTEX
  8
0
 10
64.672786
 20
6.728098
 42
0.021944
  0
VERTEX
  8
0
 10
65.576736
 20
7.705546
 42
0.000093
  0
VERTEX
  8
0
 10
65.702630
 20
7.854320
 42
0.000034
  0
VERTEX
  8
0
 10
65.880324
 20
8.064419
 42
0.000034
  0
VERTEX
  8
0
 10
66.074391
 20
8.293939
 42
0.000041
  0
VERTEX
  8
0
 10
66.256919
 20
8.509879
 42
0.005577
  0
VERTEX
  8
0
 10
66.567201
 20
8.885435
 42
0.003234
  0
VERTEX
  8
0
 10
66.932010
 20
9.343185
 42
0.002828
  0
VERTEX
  8
0
 10
67.347879
 20
9.878185
 42
0.001925
  0
VERTEX
  8
0
 10
67.815163
 20
10.491268
 42
0.004422
  0
VERTEX
  8
0
 10
67.989304
 20
10.725861
 42
0.006091
  0
VERTEX
  8
0
 10
68.141280
 20
10.939853
 42
0.004656
  0
VERTEX
  8
0
 10
68.315537
 20
11.196741
 42
0.001465
  0
VERTEX
  8
0
 10
68.571489
 20
11.584188
 42
-0.012129
  0
VERTEX
  8
0
 10
68.784943
 20
11.892788
 42
-0.112666
  0
VERTEX
  8
0
 10
68.906347
 20
11.998630
 42
-0.459348
  0
VERTEX
  8
0
 10
68.976554
 20
11.971516
 42
-0.085467
  0
VERTEX
  8
0
 10
69.003333
 20
11.815997
 42
0.037634
  0
VERTEX
  8
0
 10
69.009585
 20
11.733051
 42
0.041396
  0
VERTEX
  8
0
 10
69.028204
 20
11.654665
 42
0.045439
  0
VERTEX
  8
0
 10
69.055445
 20
11.591431
 42
0.130646
  0
VERTEX
  8
0
 10
69.088000
 20
11.557000
 42
-0.128561
  0
VERTEX
  8
0
 10
69.120545
 20
11.522861
 42
-0.046040
  0
VERTEX
  8
0
 10
69.147796
 20
11.460803
 42
-0.041947
  0
VERTEX
  8
0
 10
69.166412
 20
11.384033
 42
-0.038534
  0
VERTEX
  8
0
 10
69.172667
 20
11.303000
 42
0.038534
  0
VERTEX
  8
0
 10
69.178921
 20
11.221967
 42
0.041947
  0
VERTEX
  8
0
 10
69.197538
 20
11.145197
 42
0.046040
  0
VERTEX
  8
0
 10
69.224789
 20
11.083139
 42
0.128561
  0
VERTEX
  8
0
 10
69.257333
 20
11.049000
 42
-0.128561
  0
VERTEX
  8
0
 10
69.289878
 20
11.014861
 42
-0.046040
  0
VERTEX
  8
0
 10
69.317129
 20
10.952803
 42
-0.041947
  0
VERTEX
  8
0
 10
69.335746
 20
10.876033
 42
-0.038534
  0
VERTEX
  8
0
 10
69.342000
 20
10.795000
 42
0.034293
  0
VERTEX
  8
0
 10
69.347534
 20
10.714400
 42
0.039204
  0
VERTEX
  8
0
 10
69.364051
 20
10.638940
 42
0.042918
  0
VERTEX
  8
0
 10
69.388165
 20
10.578502
 42
0.138832
  0
VERTEX
  8
0
 10
69.417069
 20
10.546932
 42
-0.142149
  0
VERTEX
  8
0
 10
69.449636
 20
10.510891
 42
-0.023408
  0
VERTEX
  8
0
 10
69.487042
 20
10.423781
 42
-0.024117
  0
VERTEX
  8
0
 10
69.522259
 20
10.314054
 42
-0.019228
  0
VERTEX
  8
0
 10
69.549860
 20
10.192845
 42
0.011913
  0
VERTEX
  8
0
 10
69.577025
 20
10.064942
 42
0.011017
  0
VERTEX
  8
0
 10
69.610895
 20
9.935076
 42
0.011080
  0
VERTEX
  8
0
 10
69.646156
 20
9.820813
 42
0.035738
  0
VERTEX
  8
0
 10
69.676580
 20
9.747410
 42
-0.013376
  0
VERTEX
  8
0
 10
69.749695
 20
9.591142
 42
-0.006601
  0
VERTEX
  8
0
 10
69.834604
 20
9.389001
 42
-0.005900
  0
VERTEX
  8
0
 10
69.926987
 20
9.152687
 42
-0.004402
  0
VERTEX
  8
0
 10
70.023489
 20
8.890000
 42
0.007094
  0
VERTEX
  8
0
 10
70.142078
 20
8.572486
 42
0.006968
  0
VERTEX
  8
0
 10
70.270316
 20
8.256542
 42
0.006609
  0
VERTEX
  8
0
 10
70.413737
 20
7.929004
 42
0.005137
  0
VERTEX
  8
0
 10
70.578086
 20
7.576451
 42
-0.008246
  0
VERTEX
  8
0
 10
70.655921
 20
7.406738
 42
-0.010570
  0
VERTEX
  8
0
 10
70.721630
 20
7.247955
 42
-0.008621
  0
VERTEX
  8
0
 10
70.771242
 20
7.113705
 42
-0.084386
  0
VERTEX
  8
0
 10
70.781333
 20
7.054340
 42
0.059757
  0
VERTEX
  8
0
 10
70.786060
 20
7.014931
 42
0.057253
  0
VERTEX
  8
0
 10
70.799986
 20
6.977146
 42
0.061907
  0
VERTEX
  8
0
 10
70.820530
 20
6.946541
 42
0.109878
  0
VERTEX
  8
0
 10
70.844833
 20
6.928556
 42
-0.150334
  0
VERTEX
  8
0
 10
70.879379
 20
6.898460
 42
-0.006514
  0
VERTEX
  8
0
 10
70.963244
 20
6.759399
 42
-0.010599
  0
VERTEX
  8
0
 10
71.058202
 20
6.589019
 42
-0.007311
  0
VERTEX
  8
0
 10
71.158764
 20
6.392333
 42
0.018218
  0
VERTEX
  8
0
 10
71.400569
 20
5.943804
 42
0.003897
  0
VERTEX
  8
0
 10
71.854546
 20
5.184160
 42
0.001825
  0
VERTEX
  8
0
 10
72.338665
 20
4.394735
 42
0.068388
  0
VERTEX
  8
0
 10
72.471963
 20
4.233333
 42
-0.038879
  0
VERTEX
  8
0
 10
72.500462
 20
4.202690
 42
-0.002350
  0
VERTEX
  8
0
 10
72.578167
 20
4.103952
 42
-0.003503
  0
VERTEX
  8
0
 10
72.669437
 20
3.985141
 42
-0.002581
  0
VERTEX
  8
0
 10
72.768913
 20
3.852333
 42
0.040138
  0
VERTEX
  8
0
 10
73.342217
 20
3.195957
 42
0.018109
  0
VERTEX
  8
0
 10
74.189664
 20
2.427731
 42
0.012320
  0
VERTEX
  8
0
 10
75.051848
 20
1.736837
 42
0.164180
  0
VERTEX
  8
0
 10
75.431659
 20
1.608667
 42
-0.077776
  0
VERTEX
  8
0
 10
75.466425
 20
1.603226
 42
-0.090218
  0
VERTEX
  8
0
 10
75.495933
 20
1.587470
 42
-0.100780
  0
VERTEX
  8
0
 10
75.515660
 20
1.564028
 42
-0.125314
  0
VERTEX
  8
0
 10
75.522667
 20
1.536509
 42
0.319633
  0
VERTEX
  8
0
 10
75.570402
 20
1.469466
 42
0.003251
  0
VERTEX
  8
0
 10
76.151758
 20
1.272405
 42
0.010287
  0
VERTEX
  8
0
 10
76.759239
 20
1.084662
 42
0.013385
  0
VERTEX
  8
0
 10
77.323048
 20
0.939258
 42
0.038188
  0
VERTEX
  8
0
 10
77.773500
 20
0.871506
 42
0.018240
  0
VERTEX
  8
0
 10
78.359000
 20
0.850140
 42
0.018240
  0
VERTEX
  8
0
 10
78.944500
 20
0.871506
 42
0.038188
  0
VERTEX
  8
0
 10
79.394952
 20
0.939258
 42
0.013385
  0
VERTEX
  8
0
 10
79.958761
 20
1.084662
 42
0.010287
  0
VERTEX
  8
0
 10
80.566242
 20
1.272405
 42
0.003251
  0
VERTEX
  8
0
 10
81.147598
 20
1.469466
 42
0.319633
  0
VERTEX
  8
0
 10
81.195333
 20
1.536509
 42
-0.122201
  0
VERTEX
  8
0
 10
81.202161
 20
1.564030
 42
-0.100757
  0
VERTEX
  8
0
 10
81.221399
 20
1.587470
 42
-0.091240
  0
VERTEX
  8
0
 10
81.250173
 20
1.603218
 42
-0.079864
  0
VERTEX
  8
0
 10
81.284067
 20
1.608667
 42
0.142017
  0
VERTEX
  8
0
 10
81.459915
 20
1.659641
 42
0.008308
  0
VERTEX
  8
0
 10
81.930958
 20
1.968865
 42
0.013357
  0
VERTEX
  8
0
 10
82.431662
 20
2.329533
 42
0.016766
  0
VERTEX
  8
0
 10
82.874765
 20
2.691146
 42
0.019290
  0
VERTEX
  8
0
 10
83.251839
 20
3.047089
 42
0.007245
  0
VERTEX
  8
0
 10
83.752992
 20
3.573154
 42
0.007340
  0
VERTEX
  8
0
 10
84.261031
 20
4.138588
 42
0.012034
  0
VERTEX
  8
0
 10
84.672362
 20
4.633696
 42
0.028965
  0
VERTEX
  8
0
 10
84.979134
 20
5.071448
 42
0.005735
  0
VERTEX
  8
0
 10
85.473117
 20
5.892049
 42
0.006432
  0
VERTEX
  8
0
 10
85.987050
 20
6.794796
 42
0.009605
  0
VERTEX
  8
0
 10
86.410776
 20
7.597953
 42
0.000000
  0
VERTEX
  8
0
 10
87.017519
 20
8.803572
 42
0.000000
  0
VERTEX
  8
0
 10
87.122084
 20
8.529286
 42
0.019969
  0
VERTEX
  8
0
 10
87.517819
 20
7.604013
 42
0.011650
  0
VERTEX
  8
0
 10
88.061543
 20
6.526640
 42
0.009663
  0
VERTEX
  8
0
 10
88.612609
 20
5.541478
 42
0.064105
  0
VERTEX
  8
0
 10
88.956122
 20
5.096450
 42
-0.026701
  0
VERTEX
  8
0
 10
89.006562
 20
5.040314
 42
-0.013623
  0
VERTEX
  8
0
 10
89.064048
 20
4.964910
 42
-0.013496
  0
VERTEX
  8
0
 10
89.119230
 20
4.883754
 42
-0.019692
  0
VERTEX
  8
0
 10
89.162996
 20
4.809190
 42
0.075189
  0
VERTEX
  8
0
 10
89.720385
 20
4.062886
 42
0.025888
  0
VERTEX
  8
0
 10
90.729384
 20
3.164545
 42
0.022615
  0
VERTEX
  8
0
 10
91.790932
 20
2.389808
 42
0.147362
  0
VERTEX
  8
0
 10
92.416539
 20
2.201333
 42
-0.058554
  0
VERTEX
  8
0
 10
92.464012
 20
2.195755
 42
-0.077631
  0
VERTEX
  8
0
 10
92.504204
 20
2.179285
 42
-0.096267
  0
VERTEX
  8
0
 10
92.531130
 20
2.154906
 42
-0.162165
  0
VERTEX
  8
0
 10
92.540667
 20
2.126276
 42
0.310410
  0
VERTEX
  8
0
 10
92.583109
 20
2.064499
 42
0.033563
  0
VERTEX
  8
0
 10
92.757566
 20
2.010576
 42
0.015441
  0
VERTEX
  8
0
 10
93.090087
 20
1.942548
 42
0.001582
  0
VERTEX
  8
0
 10
93.881734
 20
1.808486
 42
0.008977
  0
VERTEX
  8
0
 10
94.387911
 20
1.733725
 42
0.026223
  0
VERTEX
  8
0
 10
94.739769
 20
1.706843
 42
0.028189
  0
VERTEX
  8
0
 10
95.078394
 20
1.717868
 42
0.011752
  0
VERTEX
  8
0
 10
95.532734
 20
1.769158
 42
0.008116
  0
VERTEX
  8
0
 10
96.057588
 20
1.849634
 42
0.015893
  0
VERTEX
  8
0
 10
96.471990
 20
1.933707
 42
0.019858
  0
VERTEX
  8
0
 10
96.798783
 20
2.024732
 42
0.039128
  0
VERTEX
  8
0
 10
97.048018
 20
2.127060
 42
-0.023456
  0
VERTEX
  8
0
 10
97.111535
 20
2.155493
 42
-0.020072
  0
VERTEX
  8
0
 10
97.180796
 20
2.179515
 42
-0.020551
  0
VERTEX
  8
0
 10
97.245576
 20
2.196237
 42
-0.052930
  0
VERTEX
  8
0
 10
97.293579
 20
2.201333
 42
0.105275
  0
VERTEX
  8
0
 10
97.425455
 20
2.229411
 42
0.004634
  0
VERTEX
  8
0
 10
97.854281
 20
2.425469
 42
0.004511
  0
VERTEX
  8
0
 10
98.280372
 20
2.629781
 42
0.109445
  0
VERTEX
  8
0
 10
98.382667
 20
2.711519
 42
-0.058064
  0
VERTEX
  8
0
 10
98.407372
 20
2.735773
 42
-0.017788
  0
VERTEX
  8
0
 10
98.449871
 20
2.766411
 42
-0.017540
  0
VERTEX
  8
0
 10
98.500275
 20
2.797590
 42
-0.018349
  0
VERTEX
  8
0
 10
98.552000
 20
2.824663
 42
0.054049
  0
VERTEX
  8
0
 10
99.581248
 20
3.460661
 42
0.020352
  0
VERTEX
  8
0
 10
100.875853
 20
4.555938
 42
0.020379
  0
VERTEX
  8
0
 10
102.154205
 20
5.829793
 42
0.029570
  0
VERTEX
  8
0
 10
103.164675
 20
7.060900
 42
-0.004436
  0
VERTEX
  8
0
 10
103.269169
 20
7.202119
 42
-0.004660
  0
VERTEX
  8
0
 10
103.374468
 20
7.339140
 42
-0.004472
  0
VERTEX
  8
0
 10
103.467469
 20
7.455691
 42
-0.020743
  0
VERTEX
  8
0
 10
103.524509
 20
7.520214
 42
0.025455
  0
VERTEX
  8
0
 10
103.565651
 20
7.567648
 42
0.027903
  0
VERTEX
  8
0
 10
103.600424
 20
7.617635
 42
0.028899
  0
VERTEX
  8
0
 10
103.625023
 20
7.663287
 42
0.109547
  0
VERTEX
  8
0
 10
103.632000
 20
7.694749
 42
-0.127212
  0
VERTEX
  8
0
 10
103.640761
 20
7.728628
 42
-0.020612
  0
VERTEX
  8
0
 10
103.676466
 20
7.787213
 42
-0.021602
  0
VERTEX
  8
0
 10
103.725417
 20
7.854102
 42
-0.017509
  0
VERTEX
  8
0
 10
103.783374
 20
7.921535
 42
0.035764
  0
VERTEX
  8
0
 10
103.956142
 20
8.138051
 42
0.002246
  0
VERTEX
  8
0
 10
104.415824
 20
8.813585
 42
0.001730
  0
VERTEX
  8
0
 10
104.879761
 20
9.507167
 42
0.051206
  0
VERTEX
  8
0
 10
104.978099
 20
9.694333
 42
-0.029963
  0
VERTEX
  8
0
 10
104.994879
 20
9.729852
 42
-0.022898
  0
VERTEX
  8
0
 10
105.017239
 20
9.766565
 42
-0.023371
  0
VERTEX
  8
0
 10
105.041447
 20
9.799108
 42
-0.049391
  0
VERTEX
  8
0
 10
105.063654
 20
9.821333
 42
0.077917
  0
VERTEX
  8
0
 10
105.138791
 20
9.905600
 42
0.004025
  0
VERTEX
  8
0
 10
105.334305
 20
10.214275
 42
0.007123
  0
VERTEX
  8
0
 10
105.526840
 20
10.533791
 42
0.014894
  0
VERTEX
  8
0
 10
105.665589
 20
10.788806
 42
0.000000
  0
VERTEX
  8
0
 10
105.791000
 20
11.036613
 42
0.000000
  0
VERTEX
  8
0
 10
105.814757
 20
10.746473
 42
0.016928
  0
VERTEX
  8
0
 10
105.829090
 20
10.622979
 42
0.013759
  0
VERTEX
  8
0
 10
105.852540
 20
10.491820
 42
0.013985
  0
VERTEX
  8
0
 10
105.880878
 20
10.372090
 42
0.034813
  0
VERTEX
  8
0
 10
105.910020
 20
10.287000
 42
-0.027790
  0
VERTEX
  8
0
 10
105.946408
 20
10.185426
 42
-0.004353
  0
VERTEX
  8
0
 10
106.005168
 20
9.980877
 42
-0.004829
  0
VERTEX
  8
0
 10
106.070081
 20
9.738198
 42
-0.004195
  0
VERTEX
  8
0
 10
106.133513
 20
9.482667
 42
0.004730
  0
VERTEX
  8
0
 10
106.196467
 20
9.230217
 42
0.005889
  0
VERTEX
  8
0
 10
106.259944
 20
8.996892
 42
0.004846
  0
VERTEX
  8
0
 10
106.317338
 20
8.802503
 42
0.044078
  0
VERTEX
  8
0
 10
106.350490
 20
8.720667
 42
-0.022746
  0
VERTEX
  8
0
 10
106.387354
 20
8.639752
 42
-0.002446
  0
VERTEX
  8
0
 10
106.463196
 20
8.448276
 42
-0.003003
  0
VERTEX
  8
0
 10
106.551065
 20
8.219172
 42
-0.002414
  0
VERTEX
  8
0
 10
106.642908
 20
7.971720
 42
0.026358
  0
VERTEX
  8
0
 10
107.071000
 20
6.968357
 42
0.026847
  0
VERTEX
  8
0
 10
107.599954
 20
6.021956
 42
0.027150
  0
VERTEX
  8
0
 10
108.220896
 20
5.147797
 42
0.028450
  0
VERTEX
  8
0
 10
108.923906
 20
4.360333
 42
0.009388
  0
VERTEX
  8
0
 10
109.267162
 20
4.029919
 42
0.016467
  0
VERTEX
  8
0
 10
109.564906
 20
3.771592
 42
0.019895
  0
VERTEX
  8
0
 10
109.823728
 20
3.578115
 42
0.039469
  0
VERTEX
  8
0
 10
110.045500
 20
3.450182
 42
-0.028326
  0
VERTEX
  8
0
 10
110.118433
 20
3.410246
 42
-0.036620
  0
VERTEX
  8
0
 10
110.180041
 20
3.365249
 42
-0.039904
  0
VERTEX
  8
0
 10
110.223701
 20
3.321729
 42
-0.178675
  0
VERTEX
  8
0
 10
110.236000
 20
3.288410
 42
0.218815
  0
VERTEX
  8
0
 10
110.248501
 20
3.261212
 42
0.078085
  0
VERTEX
  8
0
 10
110.285742
 20
3.238212
 42
0.059372
  0
VERTEX
  8
0
 10
110.340496
 20
3.222538
 42
0.040072
  0
VERTEX
  8
0
 10
110.405333
 20
3.217333
 42
-0.035971
  0
VERTEX
  8
0
 10
110.470186
 20
3.212662
 42
-0.054436
  0
VERTEX
  8
0
 10
110.524925
 20
3.198534
 42
-0.071241
  0
VERTEX
  8
0
 10
110.562437
 20
3.177866
 42
-0.235453
  0
VERTEX
  8
0
 10
110.574667
 20
3.153335
 42
0.272572
  0
VERTEX
  8
0
 10
110.613077
 20
3.088110
 42
0.020855
  0
VERTEX
  8
0
 10
110.802814
 20
2.993001
 42
0.025887
  0
VERTEX
  8
0
 10
111.039778
 20
2.900765
 42
0.023042
  0
VERTEX
  8
0
 10
111.294333
 20
2.829395
 42
-0.014324
  0
VERTEX
  8
0
 10
111.397784
 20
2.802326
 42
-0.014710
  0
VERTEX
  8
0
 10
111.498592
 20
2.769590
 42
-0.014596
  0
VERTEX
  8
0
 10
111.584180
 20
2.736138
 42
-0.058317
  0
VERTEX
  8
0
 10
111.633000
 20
2.708296
 42
0.136764
  0
VERTEX
  8
0
 10
111.987666
 20
2.573603
 42
0.008119
  0
VERTEX
  8
0
 10
113.143226
 20
2.486923
 42
0.006331
  0
VERTEX
  8
0
 10
114.323395
 20
2.432630
 42
0.207584
  0
VERTEX
  8
0
 10
114.582996
 20
2.535129
 42
-0.104052
  0
VERTEX
  8
0
 10
114.635893
 20
2.569638
 42
-0.032374
  0
VERTEX
  8
0
 10
114.726838
 20
2.598365
 42
-0.030793
  0
VERTEX
  8
0
 10
114.835322
 20
2.618068
 42
-0.029533
  0
VERTEX
  8
0
 10
114.946937
 20
2.624667
 42
0.028549
  0
VERTEX
  8
0
 10
115.055821
 20
2.630889
 42
0.034862
  0
VERTEX
  8
0
 10
115.156105
 20
2.649538
 42
0.037412
  0
VERTEX
  8
0
 10
115.235634
 20
2.676631
 42
0.154739
  0
VERTEX
  8
0
 10
115.273667
 20
2.709333
 42
-0.095656
  0
VERTEX
  8
0
 10
115.303534
 20
2.741762
 42
-0.052730
  0
VERTEX
  8
0
 10
115.350200
 20
2.769129
 42
-0.049876
  0
VERTEX
  8
0
 10
115.405307
 20
2.787720
 42
-0.056483
  0
VERTEX
  8
0
 10
115.460725
 20
2.794000
 42
0.101861
  0
VERTEX
  8
0
 10
115.639578
 20
2.830818
 42
0.009030
  0
VERTEX
  8
0
 10
116.061485
 20
3.021311
 42
0.006527
  0
VERTEX
  8
0
 10
116.487641
 20
3.229916
 42
0.177267
  0
VERTEX
  8
0
 10
116.571889
 20
3.320054
 42
-0.093980
  0
VERTEX
  8
0
 10
116.588877
 20
3.345528
 42
-0.064247
  0
VERTEX
  8
0
 10
116.616278
 20
3.367099
 42
-0.062010
  0
VERTEX
  8
0
 10
116.649432
 20
3.381696
 42
-0.072846
  0
VERTEX
  8
0
 10
116.683371
 20
3.386667
 42
0.182963
  0
VERTEX
  8
0
 10
116.925125
 20
3.478195
 42
0.004897
  0
VERTEX
  8
0
 10
117.785963
 20
4.254238
 42
0.010985
  0
VERTEX
  8
0
 10
118.611854
 20
5.047750
 42
0.027320
  0
VERTEX
  8
0
 10
119.169747
 20
5.672667
 42
0.028708
  0
VERTEX
  8
0
 10
119.650664
 20
6.350934
 42
0.012218
  0
VERTEX
  8
0
 10
120.218484
 20
7.309183
 42
0.012290
  0
VERTEX
  8
0
 10
120.748276
 20
8.312279
 42
0.023673
  0
VERTEX
  8
0
 10
121.113733
 20
9.144000
 42
-0.003975
  0
VERTEX
  8
0
 10
121.175325
 20
9.300648
 42
-0.003977
  0
VERTEX
  8
0
 10
121.239387
 20
9.456268
 42
-0.003891
  0
VERTEX
  8
0
 10
121.297435
 20
9.591205
 42
-0.015737
  0
VERTEX
  8
0
 10
121.336025
 20
9.672018
 42
0.035352
  0
VERTEX
  8
0
 10
121.365139
 20
9.739687
 42
0.022567
  0
VERTEX
  8
0
 10
121.389682
 20
9.821783
 42
0.022657
  0
VERTEX
  8
0
 10
121.406531
 20
9.904871
 42
0.038710
  0
VERTEX
  8
0
 10
121.412000
 20
9.975407
 42
-0.036225
  0
VERTEX
  8
0
 10
121.416681
 20
10.039927
 42
-0.034050
  0
VERTEX
  8
0
 10
121.430636
 20
10.104480
 42
-0.035892
  0
VERTEX
  8
0
 10
121.451058
 20
10.159952
 42
-0.090472
  0
VERTEX
  8
0
 10
121.475443
 20
10.195221
 42
0.103471
  0
VERTEX
  8
0
 10
121.505736
 20
10.241540
 42
0.009950
  0
VERTEX
  8
0
 10
121.552540
 20
10.368543
 42
0.012325
  0
VERTEX
  8
0
 10
121.602079
 20
10.523979
 42
0.009430
  0
VERTEX
  8
0
 10
121.648811
 20
10.696165
 42
-0.000030
  0
VERTEX
  8
0
 10
121.697123
 20
10.888395
 42
-0.000021
  0
VERTEX
  8
0
 10
121.751492
 20
11.104634
 42
-0.000021
  0
VERTEX
  8
0
 10
121.803533
 20
11.311541
 42
-0.000045
  0
VERTEX
  8
0
 10
121.843998
 20
11.472333
 42
0.005298
  0
VERTEX
  8
0
 10
121.968804
 20
11.991238
 42
0.010316
  0
VERTEX
  8
0
 10
122.055417
 20
12.408208
 42
0.010888
  0
VERTEX
  8
0
 10
122.121806
 20
12.813400
 42
0.006710
  0
VERTEX
  8
0
 10
122.183104
 20
13.292667
 42
-0.003034
  0
VERTEX
  8
0
 10
122.221128
 20
13.608389
 42
-0.002143
  0
VERTEX
  8
0
 10
122.267512
 20
13.962592
 42
-0.002163
  0
VERTEX
  8
0
 10
122.314765
 20
14.300784
 42
-0.004563
  0
VERTEX
  8
0
 10
122.354955
 20
14.562667
 42
0.037857
  0
VERTEX
  8
0
 10
122.403057
 20
15.122425
 42
0.005855
  0
VERTEX
  8
0
 10
122.401202
 20
16.236888
 42
0.006309
  0
VERTEX
  8
0
 10
122.366092
 20
17.587346
 42
0.004749
  0
VERTEX
  8
0
 10
122.294653
 20
19.071167
 42
-0.003508
  0
VERTEX
  8
0
 10
122.268407
 20
19.589529
 42
-0.047619
  0
VERTEX
  8
0
 10
122.278161
 20
19.778434
 42
-0.181928
  0
VERTEX
  8
0
 10
122.325108
 20
19.863023
 42
-0.177892
  0
VERTEX
  8
0
 10
122.416678
 20
19.896667
 42
-0.038322
  0
VERTEX
  8
0
 10
122.498392
 20
19.890395
 42
-0.016296
  0
VERTEX
  8
0
 10
122.606352
 20
19.870102
 42
-0.016012
  0
VERTEX
  8
0
 10
122.720674
 20
19.840860
 42
-0.020226
  0
VERTEX
  8
0
 10
122.824170
 20
19.806233
 42
0.051161
  0
VERTEX
  8
0
 10
123.316342
 20
19.674731
 42
0.020256
  0
VERTEX
  8
0
 10
124.012450
 20
19.591961
 42
0.014345
  0
VERTEX
  8
0
 10
124.976747
 20
19.544524
 42
0.005019
  0
VERTEX
  8
0
 10
126.365000
 20
19.530049
 42
0.005286
  0
VERTEX
  8
0
 10
127.789401
 20
19.544556
 42
0.011026
  0
VERTEX
  8
0
 10
128.898017
 20
19.592042
 42
0.009824
  0
VERTEX
  8
0
 10
129.736141
 20
19.663037
 42
0.112830
  0
VERTEX
  8
0
 10
130.047256
 20
19.769207
 42
-0.382399
  0
VERTEX
  8
0
 10
130.098266
 20
19.760087
 42
-0.144353
  0
VERTEX
  8
0
 10
130.127248
 20
19.686821
 42
-0.036571
  0
VERTEX
  8
0
 10
130.130312
 20
19.504905
 42
-0.005039
  0
VERTEX
  8
0
 10
130.105193
 20
19.126851
 42
0.027469
  0
VERTEX
  8
0
 10
130.082432
 20
18.068232
 42
0.004175
  0
VERTEX
  8
0
 10
130.170762
 20
15.955126
 42
0.005057
  0
VERTEX
  8
0
 10
130.305721
 20
13.717540
 42
0.009235
  0
VERTEX
  8
0
 10
130.467977
 20
11.895667
 42
0.002726
  0
VERTEX
  8
0
 10
130.616490
 20
10.584039
 42
0.004068
  0
VERTEX
  8
0
 10
130.761910
 20
9.439102
 42
0.004625
  0
VERTEX
  8
0
 10
130.907840
 20
8.430735
 42
0.006527
  0
VERTEX
  8
0
 10
131.057878
 20
7.535333
 42
-0.002886
  0
VERTEX
  8
0
 10
131.096963
 20
7.312066
 42
-0.001316
  0
VERTEX
  8
0
 10
131.145579
 20
7.019925
 42
-0.001303
  0
VERTEX
  8
0
 10
131.195193
 20
6.711820
 42
-0.001793
  0
VERTEX
  8
0
 10
131.238064
 20
6.434667
 42
0.009208
  0
VERTEX
  8
0
 10
131.280384
 20
6.185580
 42
0.012499
  0
VERTEX
  8
0
 10
131.328315
 20
5.962571
 42
0.009462
  0
VERTEX
  8
0
 10
131.376047
 20
5.779933
 42
0.122359
  0
VERTEX
  8
0
 10
131.410645
 20
5.719233
 42
-0.066746
  0
VERTEX
  8
0
 10
131.439939
 20
5.678909
 42
-0.038249
  0
VERTEX
  8
0
 10
131.464417
 20
5.623877
 42
-0.037481
  0
VERTEX
  8
0
 10
131.480883
 20
5.563712
 42
-0.050616
  0
VERTEX
  8
0
 10
131.486009
 20
5.507567
 42
0.116645
  0
VERTEX
  8
0
 10
131.542589
 20
5.257082
 42
0.020223
  0
VERTEX
  8
0
 10
131.774775
 20
4.826800
 42
0.022630
  0
VERTEX
  8
0
 10
132.073453
 20
4.371443
 42
0.029644
  0
VERTEX
  8
0
 10
132.388218
 20
3.986196
 42
0.022680
  0
VERTEX
  8
0
 10
132.587977
 20
3.788137
 42
0.016035
  0
VERTEX
  8
0
 10
132.828889
 20
3.583688
 42
0.016228
  0
VERTEX
  8
0
 10
133.072230
 20
3.402819
 42
0.032601
  0
VERTEX
  8
0
 10
133.277218
 20
3.279509
 42
0.023282
  0
VERTEX
  8
0
 10
133.547853
 20
3.155449
 42
0.045877
  0
VERTEX
  8
0
 10
133.774261
 20
3.087498
 42
0.038438
  0
VERTEX
  8
0
 10
134.034024
 20
3.055372
 42
0.012029
  0
VERTEX
  8
0
 10
134.426496
 20
3.046676
 42
0.011591
  0
VERTEX
  8
0
 10
134.814714
 20
3.056417
 42
0.038019
  0
VERTEX
  8
0
 10
135.069133
 20
3.088197
 42
0.047776
  0
VERTEX
  8
0
 10
135.283564
 20
3.153531
 42
0.027559
  0
VERTEX
  8
0
 10
135.527162
 20
3.270103
 42
0.026759
  0
VERTEX
  8
0
 10
135.911329
 20
3.508258
 42
0.045247
  0
VERTEX
  8
0
 10
136.201060
 20
3.751741
 42
0.048218
  0
VERTEX
  8
0
 10
136.429746
 20
4.031592
 42
0.035707
  0
VERTEX
  8
0
 10
136.627503
 20
4.379093
 42
0.027558
  0
VERTEX
  8
0
 10
136.748211
 20
4.672004
 42
0.058468
  0
VERTEX
  8
0
 10
136.801424
 20
4.911110
 42
0.033909
  0
VERTEX
  8
0
 10
136.812288
 20
5.226891
 42
0.004372
  0
VERTEX
  8
0
 10
136.783770
 20
5.903093
 42
-0.002746
  0
VERTEX
  8
0
 10
136.739199
 20
6.884157
 42
-0.012567
  0
VERTEX
  8
0
 10
136.730771
 20
7.454462
 42
-0.016098
  0
VERTEX
  8
0
 10
136.752165
 20
7.956944
 42
-0.006626
  0
VERTEX
  8
0
 10
136.812073
 20
8.636000
 42
-0.004229
  0
VERTEX
  8
0
 10
136.952961
 20
9.915089
 42
-0.006428
  0
VERTEX
  8
0
 10
137.099043
 20
11.023677
 42
-0.007012
  0
VERTEX
  8
0
 10
137.262597
 20
12.050883
 42
-0.006853
  0
VERTEX
  8
0
 10
137.456039
 20
13.081000
 42
0.002215
  0
VERTEX
  8
0
 10
137.511835
 20
13.363646
 42
0.002080
  0
VERTEX
  8
0
 10
137.566338
 20
13.652788
 42
0.002068
  0
VERTEX
  8
0
 10
137.612550
 20
13.909641
 42
0.007167
  0
VERTEX
  8
0
 10
137.639378
 20
14.076364
 42
-0.019602
  0
VERTEX
  8
0
 10
137.662732
 20
14.201564
 42
-0.024924
  0
VERTEX
  8
0
 10
137.694469
 20
14.314721
 42
-0.024249
  0
VERTEX
  8
0
 10
137.729446
 20
14.404429
 42
-0.150358
  0
VERTEX
  8
0
 10
137.761610
 20
14.441194
 42
0.167385
  0
VERTEX
  8
0
 10
137.790949
 20
14.477068
 42
0.032593
  0
VERTEX
  8
0
 10
137.815090
 20
14.558358
 42
0.031360
  0
VERTEX
  8
0
 10
137.831783
 20
14.661273
 42
0.024531
  0
VERTEX
  8
0
 10
137.837333
 20
14.774333
 42
-0.023823
  0
VERTEX
  8
0
 10
137.842719
 20
14.887296
 42
-0.030700
  0
VERTEX
  8
0
 10
137.858926
 20
14.989906
 42
-0.031659
  0
VERTEX
  8
0
 10
137.882341
 20
15.070927
 42
-0.169751
  0
VERTEX
  8
0
 10
137.910840
 20
15.106103
 42
0.172059
  0
VERTEX
  8
0
 10
137.942534
 20
15.145583
 42
0.016825
  0
VERTEX
  8
0
 10
137.979458
 20
15.264101
 42
0.019748
  0
VERTEX
  8
0
 10
138.014070
 20
15.412682
 42
0.014375
  0
VERTEX
  8
0
 10
138.041209
 20
15.580175
 42
-0.009647
  0
VERTEX
  8
0
 10
138.068299
 20
15.758005
 42
-0.009146
  0
VERTEX
  8
0
 10
138.102658
 20
15.937862
 42
-0.009135
  0
VERTEX
  8
0
 10
138.138863
 20
16.095815
 42
-0.031514
  0
VERTEX
  8
0
 10
138.170551
 20
16.195909
 42
0.013662
  0
VERTEX
  8
0
 10
138.205230
 20
16.293237
 42
0.004349
  0
VERTEX
  8
0
 10
138.251626
 20
16.439961
 42
0.004337
  0
VERTEX
  8
0
 10
138.300502
 20
16.604411
 42
0.004821
  0
VERTEX
  8
0
 10
138.344768
 20
16.764000
 42
-0.008096
  0
VERTEX
  8
0
 10
138.389326
 20
16.920648
 42
-0.008020
  0
VERTEX
  8
0
 10
138.439066
 20
17.076268
 42
-0.007913
  0
VERTEX
  8
0
 10
138.486905
 20
17.210980
 42
-0.030579
  0
VERTEX
  8
0
 10
138.522919
 20
17.292018
 42
0.029462
  0
VERTEX
  8
0
 10
138.552181
 20
17.357470
 42
0.021965
  0
VERTEX
  8
0
 10
138.576887
 20
17.432624
 42
0.022363
  0
VERTEX
  8
0
 10
138.593933
 20
17.505772
 42
0.046092
  0
VERTEX
  8
0
 10
138.599333
 20
17.564226
 42
-0.066751
  0
VERTEX
  8
0
 10
138.617848
 20
17.702295
 42
-0.006198
  0
VERTEX
  8
0
 10
138.712832
 20
18.033853
 42
-0.008746
  0
VERTEX
  8
0
 10
138.824100
 20
18.382540
 42
-0.014931
  0
VERTEX
  8
0
 10
138.930697
 20
18.669000
 42
0.012290
  0
VERTEX
  8
0
 10
138.966330
 20
18.763231
 42
0.002764
  0
VERTEX
  8
0
 10
139.022128
 20
18.925381
 42
0.002865
  0
VERTEX
  8
0
 10
139.084436
 20
19.113301
 42
0.002772
  0
VERTEX
  8
0
 10
139.145288
 20
19.304000
 42
-0.005548
  0
VERTEX
  8
0
 10
139.252720
 20
19.634324
 42
-0.009734
  0
VERTEX
  8
0
 10
139.349911
 20
19.904767
 42
-0.011503
  0
VERTEX
  8
0
 10
139.443725
 20
20.134643
 42
-0.015028
  0
VERTEX
  8
0
 10
139.540545
 20
20.340018
 42
0.022622
  0
VERTEX
  8
0
 10
139.569174
 20
20.403216
 42
0.019866
  0
VERTEX
  8
0
 10
139.593364
 20
20.471517
 42
0.020336
  0
VERTEX
  8
0
 10
139.610238
 20
20.534948
 42
0.054888
  0
VERTEX
  8
0
 10
139.615333
 20
20.581222
 42
-0.070970
  0
VERTEX
  8
0
 10
139.623053
 20
20.635335
 42
-0.011075
  0
VERTEX
  8
0
 10
139.655610
 20
20.738548
 42
-0.012135
  0
VERTEX
  8
0
 10
139.699950
 20
20.859279
 42
-0.010308
  0
VERTEX
  8
0
 10
139.752445
 20
20.984538
 42
-0.000369
  0
VERTEX
  8
0
 10
140.058487
 20
21.673166
 42
-0.002256
  0
VERTEX
  8
0
 10
140.218354
 20
22.027854
 42
-0.004187
  0
VERTEX
  8
0
 10
140.320429
 20
22.246749
 42
-0.014031
  0
VERTEX
  8
0
 10
140.392500
 20
22.387661
 42
-0.002187
  0
VERTEX
  8
0
 10
140.673429
 20
22.895590
 42
-0.007635
  0
VERTEX
  8
0
 10
140.861122
 20
23.219744
 42
-0.010608
  0
VERTEX
  8
0
 10
141.023500
 20
23.477973
 42
-0.008514
  0
VERTEX
  8
0
 10
141.208753
 20
23.749000
 42
-0.032096
  0
VERTEX
  8
0
 10
141.582327
 20
24.210230
 42
-0.011625
  0
VERTEX
  8
0
 10
142.168109
 20
24.816516
 42
-0.005358
  0
VERTEX
  8
0
 10
142.784491
 20
25.412568
 42
-0.191779
  0
VERTEX
  8
0
 10
142.965550
 20
25.484667
 42
0.068159
  0
VERTEX
  8
0
 10
143.011844
 20
25.491007
 42
0.084671
  0
VERTEX
  8
0
 10
143.051089
 20
25.509538
 42
0.099767
  0
VERTEX
  8
0
 10
143.077331
 20
25.537047
 42
0.141675
  0
VERTEX
  8
0
 10
143.086667
 20
25.569333
 42
-0.293620
  0
VERTEX
  8
0
 10
143.107720
 20
25.602094
 42
-0.044873
  0
VERTEX
  8
0
 10
143.184456
 20
25.629129
 42
-0.038273
  0
VERTEX
  8
0
 10
143.291991
 20
25.647870
 42
-0.024013
  0
VERTEX
  8
0
 10
143.419568
 20
25.654000
 42
-0.031544
  0
VERTEX
  8
0
 10
143.598188
 20
25.642720
 42
-0.081349
  0
VERTEX
  8
0
 10
143.721708
 20
25.606065
 42
-0.086499
  0
VERTEX
  8
0
 10
143.822617
 20
25.533508
 42
-0.039037
  0
VERTEX
  8
0
 10
143.927568
 20
25.408097
 42
-0.016294
  0
VERTEX
  8
0
 10
143.994602
 20
25.307149
 42
-0.019110
  0
VERTEX
  8
0
 10
144.051231
 20
25.207178
 42
-0.018361
  0
VERTEX
  8
0
 10
144.092314
 20
25.120017
 42
-0.101278
  0
VERTEX
  8
0
 10
144.102667
 20
25.069430
 42
0.070681
  0
VERTEX
  8
0
 10
144.107703
 20
25.033979
 42
0.086264
  0
VERTEX
  8
0
 10
144.122387
 20
25.003916
 42
0.100235
  0
VERTEX
  8
0
 10
144.144199
 20
24.983817
 42
0.137031
  0
VERTEX
  8
0
 10
144.169800
 20
24.976667
 42
-0.276938
  0
VERTEX
  8
0
 10
144.202998
 20
24.956752
 42
-0.012675
  0
VERTEX
  8
0
 10
144.264718
 20
24.833659
 42
-0.018054
  0
VERTEX
  8
0
 10
144.331817
 20
24.676417
 42
-0.011627
  0
VERTEX
  8
0
 10
144.398653
 20
24.489833
 42
0.002509
  0
VERTEX
  8
0
 10
144.464755
 20
24.294131
 42
0.002916
  0
VERTEX
  8
0
 10
144.529637
 20
24.108701
 42
0.002593
  0
VERTEX
  8
0
 10
144.586263
 20
23.952411
 42
0.017414
  0
VERTEX
  8
0
 10
144.617460
 20
23.876000
 42
-0.026406
  0
VERTEX
  8
0
 10
144.702371
 20
23.656845
 42
-0.013159
  0
VERTEX
  8
0
 10
144.787656
 20
23.371597
 42
-0.012847
  0
VERTEX
  8
0
 10
144.862310
 20
23.064562
 42
-0.015936
  0
VERTEX
  8
0
 10
144.915225
 20
22.775333
 42
0.011943
  0
VERTEX
  8
0
 10
144.941796
 20
22.623254
 42
0.014247
  0
VERTEX
  8
0
 10
144.974319
 20
22.481381
 42
0.013047
  0
VERTEX
  8
0
 10
145.008033
 20
22.364106
 42
0.084731
  0
VERTEX
  8
0
 10
145.036035
 20
22.309667
 42
-0.081700
  0
VERTEX
  8
0
 10
145.063606
 20
22.256850
 42
-0.014787
  0
VERTEX
  8
0
 10
145.095202
 20
22.150387
 42
-0.015583
  0
VERTEX
  8
0
 10
145.124914
 20
22.022200
 42
-0.013559
  0
VERTEX
  8
0
 10
145.148164
 20
21.886333
 42
0.003812
  0
VERTEX
  8
0
 10
145.173140
 20
21.721073
 42
0.001578
  0
VERTEX
  8
0
 10
145.209328
 20
21.497925
 42
0.001561
  0
VERTEX
  8
0
 10
145.249624
 20
21.258954
 42
0.002012
  0
VERTEX
  8
0
 10
145.288215
 20
21.039667
 42
-0.013753
  0
VERTEX
  8
0
 10
145.536491
 20
19.404847
 42
-0.007787
  0
VERTEX
  8
0
 10
145.751712
 20
17.413095
 42
-0.007155
  0
VERTEX
  8
0
 10
145.925220
 20
15.186131
 42
-0.006051
  0
VERTEX
  8
0
 10
146.046455
 20
12.827000
 42
0.001544
  0
VERTEX
  8
0
 10
146.087078
 20
11.867965
 42
0.001398
  0
VERTEX
  8
0
 10
146.134907
 20
10.876756
 42
0.001399
  0
VERTEX
  8
0
 10
146.182699
 20
9.989427
 42
0.004474
  0
VERTEX
  8
0
 10
146.221524
 20
9.398000
 42
-0.007834
  0
VERTEX
  8
0
 10
146.254231
 20
8.842706
 42
-0.003346
  0
VERTEX
  8
0
 10
146.281359
 20
8.099220
 42
-0.003310
  0
VERTEX
  8
0
 10
146.299734
 20
7.305980
 42
-0.004347
  0
VERTEX
  8
0
 10
146.305418
 20
6.581684
 42
0.004326
  0
VERTEX
  8
0
 10
146.310505
 20
5.929855
 42
0.006343
  0
VERTEX
  8
0
 10
146.327213
 20
5.356719
 42
0.003280
  0
VERTEX
  8
0
 10
146.350631
 20
4.873127
 42
0.108102
  0
VERTEX
  8
0
 10
146.381604
 20
4.761351
 42
-0.015744
  0
VERTEX
  8
0
 10
146.418842
 20
4.685083
 42
-0.005225
  0
VERTEX
  8
0
 10
146.468710
 20
4.571052
 42
-0.005196
  0
VERTEX
  8
0
 10
146.521372
 20
4.443454
 42
-0.005888
  0
VERTEX
  8
0
 10
146.569158
 20
4.319976
 42
0.066868
  0
VERTEX
  8
0
 10
146.715636
 20
4.046028
 42
0.040860
  0
VERTEX
  8
0
 10
146.953926
 20
3.766669
 42
0.036746
  0
VERTEX
  8
0
 10
147.266449
 20
3.498353
 42
0.029762
  0
VERTEX
  8
0
 10
147.637064
 20
3.257403
 42
0.027073
  0
VERTEX
  8
0
 10
147.879171
 20
3.136596
 42
0.049372
  0
VERTEX
  8
0
 10
148.089330
 20
3.069268
 42
0.039755
  0
VERTEX
  8
0
 10
148.337432
 20
3.036351
 42
0.012021
  0
VERTEX
  8
0
 10
148.717560
 20
3.025554
 42
0.013140
  0
VERTEX
  8
0
 10
149.099959
 20
3.033937
 42
0.038201
  0
VERTEX
  8
0
 10
149.362074
 20
3.066757
 42
0.043050
  0
VERTEX
  8
0
 10
149.598447
 20
3.136516
 42
0.020581
  0
VERTEX
  8
0
 10
149.888586
 20
3.264064
 42
0.067560
  0
VERTEX
  8
0
 10
150.491772
 20
3.668148
 42
0.079873
  0
VERTEX
  8
0
 10
150.926359
 20
4.198773
 42
0.065566
  0
VERTEX
  8
0
 10
151.229340
 20
4.923719
 42
0.030251
  0
VERTEX
  8
0
 10
151.437291
 20
5.926667
 42
-0.009736
  0
VERTEX
  8
0
 10
151.457536
 20
6.049433
 42
-0.009291
  0
VERTEX
  8
0
 10
151.482828
 20
6.173258
 42
-0.009270
  0
VERTEX
  8
0
 10
151.509218
 20
6.281750
 42
-0.032439
  0
VERTEX
  8
0
 10
151.531987
 20
6.350000
 42
0.039109
  0
VERTEX
  8
0
 10
151.557955
 20
6.431436
 42
0.004128
  0
VERTEX
  8
0
 10
151.601973
 20
6.626225
 42
0.005084
  0
VERTEX
  8
0
 10
151.650199
 20
6.859548
 42
0.004059
  0
VERTEX
  8
0
 10
151.697584
 20
7.112000
 42
-0.000021
  0
VERTEX
  8
0
 10
151.744815
 20
7.375351
 42
-0.000020
  0
VERTEX
  8
0
 10
151.792576
 20
7.641529
 42
-0.000020
  0
VERTEX
  8
0
 10
151.834622
 20
7.875750
 42
-0.000074
  0
VERTEX
  8
0
 10
151.861076
 20
8.022951
 42
-0.021633
  0
VERTEX
  8
0
 10
151.885603
 20
8.132011
 42
-0.026293
  0
VERTEX
  8
0
 10
151.918252
 20
8.231515
 42
-0.026381
  0
VERTEX
  8
0
 10
151.953786
 20
8.310579
 42
-0.136360
  0
VERTEX
  8
0
 10
151.986021
 20
8.345448
 42
0.154712
  0
VERTEX
  8
0
 10
152.015110
 20
8.379275
 42
0.037422
  0
VERTEX
  8
0
 10
152.039210
 20
8.449998
 42
0.034870
  0
VERTEX
  8
0
 10
152.055799
 20
8.539176
 42
0.028558
  0
VERTEX
  8
0
 10
152.061333
 20
8.636000
 42
-0.029087
  0
VERTEX
  8
0
 10
152.066974
 20
8.732888
 42
-0.035301
  0
VERTEX
  8
0
 10
152.083874
 20
8.822261
 42
-0.037995
  0
VERTEX
  8
0
 10
152.108440
 20
8.893190
 42
-0.153144
  0
VERTEX
  8
0
 10
152.138068
 20
8.927431
 42
0.168100
  0
VERTEX
  8
0
 10
152.171133
 20
8.967975
 42
0.017952
  0
VERTEX
  8
0
 10
152.209357
 20
9.085223
 42
0.020527
  0
VERTEX
  8
0
 10
152.245111
 20
9.232474
 42
0.015120
  0
VERTEX
  8
0
 10
152.273000
 20
9.398000
 42
-0.015120
  0
VERTEX
  8
0
 10
152.300889
 20
9.563526
 42
-0.020527
  0
VERTEX
  8
0
 10
152.336643
 20
9.710777
 42
-0.017952
  0
VERTEX
  8
0
 10
152.374867
 20
9.828025
 42
-0.168100
  0
VERTEX
  8
0
 10
152.407932
 20
9.868569
 42
0.131745
  0
VERTEX
  8
0
 10
152.437442
 20
9.899915
 42
0.045115
  0
VERTEX
  8
0
 10
152.462126
 20
9.957798
 42
0.041104
  0
VERTEX
  8
0
 10
152.479002
 20
10.029625
 42
0.037167
  0
VERTEX
  8
0
 10
152.484667
 20
10.105730
 42
-0.033463
  0
VERTEX
  8
0
 10
152.489929
 20
10.184271
 42
-0.031143
  0
VERTEX
  8
0
 10
152.505637
 20
10.263359
 42
-0.032611
  0
VERTEX
  8
0
 10
152.528603
 20
10.331850
 42
-0.084492
  0
VERTEX
  8
0
 10
152.556055
 20
10.375900
 42
0.084533
  0
VERTEX
  8
0
 10
152.591302
 20
10.432466
 42
0.008392
  0
VERTEX
  8
0
 10
152.649580
 20
10.581931
 42
0.010383
  0
VERTEX
  8
0
 10
152.712776
 20
10.763912
 42
0.008064
  0
VERTEX
  8
0
 10
152.774190
 20
10.964333
 42
-0.006297
  0
VERTEX
  8
0
 10
152.878324
 20
11.308505
 42
-0.011729
  0
VERTEX
  8
0
 10
152.972710
 20
11.584188
 42
-0.013853
  0
VERTEX
  8
0
 10
153.067404
 20
11.820570
 42
-0.015466
  0
VERTEX
  8
0
 10
153.171878
 20
12.042684
 42
0.020427
  0
VERTEX
  8
0
 10
153.200506
 20
12.105149
 42
0.019009
  0
VERTEX
  8
0
 10
153.224698
 20
12.171243
 42
0.019389
  0
VERTEX
  8
0
 10
153.241670
 20
12.231607
 42
0.058897
  0
VERTEX
  8
0
 10
153.246667
 20
12.273879
 42
-0.101971
  0
VERTEX
  8
0
 10
153.265099
 20
12.363319
 42
-0.002545
  0
VERTEX
  8
0
 10
153.432497
 20
12.746822
 42
-0.004172
  0
VERTEX
  8
0
 10
153.669936
 20
13.271452
 42
-0.001302
  0
VERTEX
  8
0
 10
154.034789
 20
14.054667
 42
-0.016351
  0
VERTEX
  8
0
 10
154.090908
 20
14.164804
 42
-0.004553
  0
VERTEX
  8
0
 10
154.185967
 20
14.333533
 42
-0.004590
  0
VERTEX
  8
0
 10
154.297097
 20
14.522619
 42
-0.004804
  0
VERTEX
  8
0
 10
154.410032
 20
14.706766
 42
0.008396
  0
VERTEX
  8
0
 10
154.515735
 20
14.881933
 42
0.011362
  0
VERTEX
  8
0
 10
154.604934
 20
15.043888
 42
0.008487
  0
VERTEX
  8
0
 10
154.673533
 20
15.181054
 42
0.112158
  0
VERTEX
  8
0
 10
154.686000
 20
15.235933
 42
-0.069293
  0
VERTEX
  8
0
 10
154.690760
 20
15.270117
 42
-0.081603
  0
VERTEX
  8
0
 10
154.704653
 20
15.299660
 42
-0.093928
  0
VERTEX
  8
0
 10
154.725272
 20
15.320101
 42
-0.135079
  0
VERTEX
  8
0
 10
154.749500
 20
15.328271
 42
0.204568
  0
VERTEX
  8
0
 10
154.786905
 20
15.346816
 42
0.005665
  0
VERTEX
  8
0
 10
154.905446
 20
15.488806
 42
0.010775
  0
VERTEX
  8
0
 10
155.041669
 20
15.663334
 42
0.007083
  0
VERTEX
  8
0
 10
155.191208
 20
15.869713
 42
-0.022385
  0
VERTEX
  8
0
 10
155.687851
 20
16.512768
 42
-0.355203
  0
VERTEX
  8
0
 10
155.940826
 20
16.560319
 42
-0.203484
  0
VERTEX
  8
0
 10
156.146344
 20
16.302239
 42
-0.009496
  0
VERTEX
  8
0
 10
156.430772
 20
15.197667
 42
0.003094
  0
VERTEX
  8
0
 10
156.489141
 20
14.958345
 42
0.003497
  0
VERTEX
  8
0
 10
156.548198
 20
14.729354
 42
0.003194
  0
VERTEX
  8
0
 10
156.601003
 20
14.535378
 42
0.019116
  0
VERTEX
  8
0
 10
156.632988
 20
14.435667
 42
-0.010776
  0
VERTEX
  8
0
 10
156.720815
 20
14.176789
 42
-0.008496
  0
VERTEX
  8
0
 10
156.805034
 20
13.893050
 42
-0.008651
  0
VERTEX
  8
0
 10
156.877098
 20
13.615736
 42
-0.013999
  0
VERTEX
  8
0
 10
156.927648
 20
13.377333
 42
0.010963
  0
VERTEX
  8
0
 10
156.953539
 20
13.251468
 42
0.009013
  0
VERTEX
  8
0
 10
156.986524
 20
13.118306
 42
0.009126
  0
VERTEX
  8
0
 10
157.021272
 20
12.997054
 42
0.023773
  0
VERTEX
  8
0
 10
157.051947
 20
12.911667
 42
-0.017155
  0
VERTEX
  8
0
 10
157.085667
 20
12.821568
 42
-0.004951
  0
VERTEX
  8
0
 10
157.131574
 20
12.680156
 42
-0.004974
  0
VERTEX
  8
0
 10
157.180190
 20
12.519620
 42
-0.005283
  0
VERTEX
  8
0
 10
157.224601
 20
12.361333
 42
0.006778
  0
VERTEX
  8
0
 10
157.268709
 20
12.205916
 42
0.007078
  0
VERTEX
  8
0
 10
157.316413
 20
12.053989
 42
0.006839
  0
VERTEX
  8
0
 10
157.361261
 20
11.923936
 42
0.030738
  0
VERTEX
  8
0
 10
157.393117
 20
11.850077
 42
-0.043059
  0
VERTEX
  8
0
 10
157.422430
 20
11.777237
 42
-0.010708
  0
VERTEX
  8
0
 10
157.457367
 20
11.653470
 42
-0.010868
  0
VERTEX
  8
0
 10
157.491355
 20
11.509585
 42
-0.010716
  0
VERTEX
  8
0
 10
157.519232
 20
11.363688
 42
0.017489
  0
VERTEX
  8
0
 10
157.547927
 20
11.223819
 42
0.022686
  0
VERTEX
  8
0
 10
157.584433
 20
11.098135
 42
0.021250
  0
VERTEX
  8
0
 10
157.623194
 20
10.998361
 42
0.152206
  0
VERTEX
  8
0
 10
157.656700
 20
10.959780
 42
-0.131119
  0
VERTEX
  8
0
 10
157.686425
 20
10.928284
 42
-0.045300
  0
VERTEX
  8
0
 10
157.711293
 20
10.870305
 42
-0.041270
  0
VERTEX
  8
0
 10
157.728293
 20
10.798400
 42
-0.037432
  0
VERTEX
  8
0
 10
157.734000
 20
10.722270
 42
0.031672
  0
VERTEX
  8
0
 10
157.738980
 20
10.643729
 42
0.029629
  0
VERTEX
  8
0
 10
157.753853
 20
10.564641
 42
0.030939
  0
VERTEX
  8
0
 10
157.775585
 20
10.496088
 42
0.082680
  0
VERTEX
  8
0
 10
157.801585
 20
10.452100
 42
-0.071316
  0
VERTEX
  8
0
 10
157.835769
 20
10.397139
 42
-0.007649
  0
VERTEX
  8
0
 10
157.894176
 20
10.258504
 42
-0.009287
  0
VERTEX
  8
0
 10
157.958461
 20
10.090204
 42
-0.007349
  0
VERTEX
  8
0
 10
158.021883
 20
9.906000
 42
0.010989
  0
VERTEX
  8
0
 10
158.133662
 20
9.588868
 42
0.008526
  0
VERTEX
  8
0
 10
158.268710
 20
9.248679
 42
0.006625
  0
VERTEX
  8
0
 10
158.446103
 20
8.838515
 42
0.002870
  0
VERTEX
  8
0
 10
158.692462
 20
8.297333
 42
0.027252
  0
VERTEX
  8
0
 10
158.823787
 20
8.049587
 42
0.003505
  0
VERTEX
  8
0
 10
159.137438
 20
7.536769
 42
0.003527
  0
VERTEX
  8
0
 10
159.458192
 20
7.028535
 42
0.026873
  0
VERTEX
  8
0
 10
159.623363
 20
6.799009
 42
0.018841
  0
VERTEX
  8
0
 10
159.950935
 20
6.421875
 42
0.006100
  0
VERTEX
  8
0
 10
160.462986
 20
5.888562
 42
0.003471
  0
VERTEX
  8
0
 10
160.990228
 20
5.360060
 42
0.070823
  0
VERTEX
  8
0
 10
161.171079
 20
5.225902
 42
0.011726
  0
VERTEX
  8
0
 10
162.073934
 20
4.763435
 42
0.050492
  0
VERTEX
  8
0
 10
162.640347
 20
4.557299
 42
0.050412
  0
VERTEX
  8
0
 10
163.237002
 20
4.468713
 42
0.011664
  0
VERTEX
  8
0
 10
164.253333
 20
4.445000
 42
0.000000
  0
VERTEX
  8
0
 10
165.650333
 20
4.445000
 42
0.000000
  0
VERTEX
  8
0
 10
166.495863
 20
4.863118
 42
0.017790
  0
VERTEX
  8
0
 10
167.202506
 20
5.244419
 42
0.026990
  0
VERTEX
  8
0
 10
167.784702
 20
5.629496
 42
0.027322
  0
VERTEX
  8
0
 10
168.316889
 20
6.071384
 42
0.018858
  0
VERTEX
  8
0
 10
168.870872
 20
6.625259
 42
0.024055
  0
VERTEX
  8
0
 10
169.269506
 20
7.098840
 42
0.008169
  0
VERTEX
  8
0
 10
169.803635
 20
7.823401
 42
0.008272
  0
VERTEX
  8
0
 10
170.352733
 20
8.621965
 42
0.011401
  0
VERTEX
  8
0
 10
170.817327
 20
9.358063
 42
-0.089195
  0
VERTEX
  8
0
 10
170.870679
 20
9.419123
 42
-0.336066
  0
VERTEX
  8
0
 10
170.918339
 20
9.420378
 42
-0.109753
  0
VERTEX
  8
0
 10
170.973282
 20
9.358993
 42
-0.009874
  0
VERTEX
  8
0
 10
171.071327
 20
9.175928
 42
0.046495
  0
VERTEX
  8
0
 10
172.129472
 20
7.506303
 42
0.036834
  0
VERTEX
  8
0
 10
173.557243
 20
5.915473
 42
0.037558
  0
VERTEX
  8
0
 10
175.160155
 20
4.590783
 42
0.057255
  0
VERTEX
  8
0
 10
176.741667
 20
3.724369
 42
-0.003280
  0
VERTEX
  8
0
 10
176.848429
 20
3.680064
 42
-0.002893
  0
VERTEX
  8
0
 10
176.959177
 20
3.632495
 42
-0.002906
  0
VERTEX
  8
0
 10
177.058524
 20
3.588450
 42
-0.008795
  0
VERTEX
  8
0
 10
177.125446
 20
3.556888
 42
0.028881
  0
VERTEX
  8
0
 10
177.192374
 20
3.528548
 42
0.010285
  0
VERTEX
  8
0
 10
177.290898
 20
3.495654
 42
0.010166
  0
VERTEX
  8
0
 10
177.400747
 20
3.463909
 42
0.011816
  0
VERTEX
  8
0
 10
177.506446
 20
3.438338
 42
-0.002858
  0
VERTEX
  8
0
 10
177.618046
 20
3.413446
 42
-0.001887
  0
VERTEX
  8
0
 10
177.746048
 20
3.383619
 42
-0.001898
  0
VERTEX
  8
0
 10
177.870288
 20
3.353674
 42
-0.003678
  0
VERTEX
  8
0
 10
177.969333
 20
3.328630
 42
0.044313
  0
VERTEX
  8
0
 10
178.108090
 20
3.305319
 42
0.003692
  0
VERTEX
  8
0
 10
178.472337
 20
3.279597
 42
0.004902
  0
VERTEX
  8
0
 10
178.908097
 20
3.256343
 42
0.003763
  0
VERTEX
  8
0
 10
179.384454
 20
3.239195
 42
0.022620
  0
VERTEX
  8
0
 10
180.508597
 20
3.258057
 42
0.030011
  0
VERTEX
  8
0
 10
181.523672
 20
3.382530
 42
0.032965
  0
VERTEX
  8
0
 10
182.431098
 20
3.612231
 42
0.041293
  0
VERTEX
  8
0
 10
183.231730
 20
3.947314
 42
-0.021630
  0
VERTEX
  8
0
 10
183.327684
 20
3.991979
 42
-0.019709
  0
VERTEX
  8
0
 10
183.430132
 20
4.029724
 42
-0.020154
  0
VERTEX
  8
0
 10
183.524370
 20
4.056137
 42
-0.058309
  0
VERTEX
  8
0
 10
183.591563
 20
4.064000
 42
0.060785
  0
VERTEX
  8
0
 10
183.643227
 20
4.070304
 42
0.079408
  0
VERTEX
  8
0
 10
183.686980
 20
4.088871
 42
0.097357
  0
VERTEX
  8
0
 10
183.716273
 20
4.116375
 42
0.156967
  0
VERTEX
  8
0
 10
183.726667
 20
4.148667
 42
-0.148195
  0
VERTEX
  8
0
 10
183.736451
 20
4.180955
 42
-0.098894
  0
VERTEX
  8
0
 10
183.763973
 20
4.208462
 42
-0.082425
  0
VERTEX
  8
0
 10
183.805114
 20
4.227009
 42
-0.064853
  0
VERTEX
  8
0
 10
183.853667
 20
4.233333
 42
0.047976
  0
VERTEX
  8
0
 10
183.902341
 20
4.238015
 42
0.067314
  0
VERTEX
  8
0
 10
183.943646
 20
4.251986
 42
0.086716
  0
VERTEX
  8
0
 10
183.971675
 20
4.272578
 42
0.189442
  0
VERTEX
  8
0
 10
183.981638
 20
4.296833
 42
-0.225241
  0
VERTEX
  8
0
 10
183.997626
 20
4.329234
 42
-0.018613
  0
VERTEX
  8
0
 10
184.075548
 20
4.386299
 42
-0.022031
  0
VERTEX
  8
0
 10
184.178309
 20
4.449420
 42
-0.015093
  0
VERTEX
  8
0
 10
184.299967
 20
4.512229
 42
0.069498
  0
VERTEX
  8
0
 10
185.237338
 20
5.133322
 42
0.014334
  0
VERTEX
  8
0
 10
186.686974
 20
6.490893
 42
0.015805
  0
VERTEX
  8
0
 10
188.170247
 20
8.058042
 42
0.023634
  0
VERTEX
  8
0
 10
189.354196
 20
9.525000
 42
-0.004251
  0
VERTEX
  8
0
 10
189.453131
 20
9.657802
 42
-0.005667
  0
VERTEX
  8
0
 10
189.545369
 20
9.776619
 42
-0.004065
  0
VERTEX
  8
0
 10
189.624428
 20
9.874468
 42
-0.056612
  0
VERTEX
  8
0
 10
189.656948
 20
9.906000
 42
0.072630
  0
VERTEX
  8
0
 10
189.693340
 20
9.943612
 42
0.000729
  0
VERTEX
  8
0
 10
189.910901
 20
10.246783
 42
0.002361
  0
VERTEX
  8
0
 10
190.159647
 20
10.597972
 42
0.001527
  0
VERTEX
  8
0
 10
190.444377
 20
11.006667
 42
-0.000635
  0
VERTEX
  8
0
 10
190.730263
 20
11.418585
 42
-0.000933
  0
VERTEX
  8
0
 10
190.982782
 20
11.780002
 42
-0.000434
  0
VERTEX
  8
0
 10
191.198792
 20
12.087373
 42
-0.017347
  0
VERTEX
  8
0
 10
191.248586
 20
12.153128
 42
0.029863
  0
VERTEX
  8
0
 10
191.450491
 20
12.434087
 42
0.003152
  0
VERTEX
  8
0
 10
191.877745
 20
13.119966
 42
0.000990
  0
VERTEX
  8
0
 10
192.334705
 20
13.867258
 42
0.137569
  0
VERTEX
  8
0
 10
192.362667
 20
13.966962
 42
-0.095494
  0
VERTEX
  8
0
 10
192.369119
 20
14.000438
 42
-0.097041
  0
VERTEX
  8
0
 10
192.387537
 20
14.028903
 42
-0.098734
  0
VERTEX
  8
0
 10
192.415026
 20
14.047960
 42
-0.102700
  0
VERTEX
  8
0
 10
192.447333
 20
14.054667
 42
0.101067
  0
VERTEX
  8
0
 10
192.479643
 20
14.061265
 42
0.098400
  0
VERTEX
  8
0
 10
192.507129
 20
14.080032
 42
0.097454
  0
VERTEX
  8
0
 10
192.525543
 20
14.108059
 42
0.097046
  0
VERTEX
  8
0
 10
192.532000
 20
14.141016
 42
-0.106845
  0
VERTEX
  8
0
 10
192.543135
 20
14.192530
 42
-0.010913
  0
VERTEX
  8
0
 10
192.597477
 20
14.305722
 42
-0.013233
  0
VERTEX
  8
0
 10
192.669538
 20
14.438930
 42
-0.010189
  0
VERTEX
  8
0
 10
192.754901
 20
14.580463
 42
0.007529
  0
VERTEX
  8
0
 10
192.995458
 20
14.974552
 42
0.005937
  0
VERTEX
  8
0
 10
193.244300
 20
15.408047
 42
0.005697
  0
VERTEX
  8
0
 10
193.494130
 20
15.867712
 42
0.005418
  0
VERTEX
  8
0
 10
193.737723
 20
16.340667
 42
-0.006675
  0
VERTEX
  8
0
 10
193.848063
 20
16.553582
 42
-0.009778
  0
VERTEX
  8
0
 10
193.951261
 20
16.737630
 42
-0.005655
  0
VERTEX
  8
0
 10
194.042195
 20
16.888679
 42
-0.150972
  0
VERTEX
  8
0
 10
194.077167
 20
16.919222
 42
0.179524
  0
VERTEX
  8
0
 10
194.101679
 20
16.943158
 42
0.042438
  0
VERTEX
  8
0
 10
194.122013
 20
16.997640
 42
0.038396
  0
VERTEX
  8
0
 10
194.136007
 20
17.068251
 42
0.029731
  0
VERTEX
  8
0
 10
194.140667
 20
17.146544
 42
-0.033671
  0
VERTEX
  8
0
 10
194.146930
 20
17.239450
 42
-0.016873
  0
VERTEX
  8
0
 10
194.166663
 20
17.355532
 42
-0.016673
  0
VERTEX
  8
0
 10
194.195263
 20
17.474746
 42
-0.023633
  0
VERTEX
  8
0
 10
194.229163
 20
17.578407
 42
0.138480
  0
VERTEX
  8
0
 10
194.268015
 20
18.018210
 42
0.055774
  0
VERTEX
  8
0
 10
194.089038
 20
18.599821
 42
0.053532
  0
VERTEX
  8
0
 10
193.764337
 20
19.170988
 42
0.075265
  0
VERTEX
  8
0
 10
193.355179
 20
19.589470
 42
0.036873
  0
VERTEX
  8
0
 10
192.995267
 20
19.821538
 42
0.048376
  0
VERTEX
  8
0
 10
192.635600
 20
19.974585
 42
0.045817
  0
VERTEX
  8
0
 10
192.237958
 20
20.061032
 42
0.028652
  0
VERTEX
  8
0
 10
191.762177
 20
20.092101
 42
0.014340
  0
VERTEX
  8
0
 10
191.428073
 20
20.085165
 42
0.030739
  0
VERTEX
  8
0
 10
191.171934
 20
20.056643
 42
0.036296
  0
VERTEX
  8
0
 10
190.949708
 20
20.001102
 42
0.030492
  0
VERTEX
  8
0
 10
190.724064
 20
19.911384
 42
0.050111
  0
VERTEX
  8
0
 10
190.418984
 20
19.728700
 42
0.021542
  0
VERTEX
  8
0
 10
190.050452
 20
19.428997
 42
0.015036
  0
VERTEX
  8
0
 10
189.716766
 20
19.114435
 42
0.198763
  0
VERTEX
  8
0
 10
189.653333
 20
18.961172
 42
-0.101674
  0
VERTEX
  8
0
 10
189.646349
 20
18.927178
 42
-0.029432
  0
VERTEX
  8
0
 10
189.622245
 20
18.879030
 42
-0.028281
  0
VERTEX
  8
0
 10
189.588006
 20
18.826718
 42
-0.026794
  0
VERTEX
  8
0
 10
189.547500
 20
18.777607
 42
0.021486
  0
VERTEX
  8
0
 10
189.500341
 20
18.721649
 42
0.010892
  0
VERTEX
  8
0
 10
189.445647
 20
18.647499
 42
0.010798
  0
VERTEX
  8
0
 10
189.392425
 20
18.568379
 42
0.015832
  0
VERTEX
  8
0
 10
189.349382
 20
18.496393
 42
-0.000006
  0
VERTEX
  8
0
 10
189.299826
 20
18.407221
 42
-0.000001
  0
VERTEX
  8
0
 10
189.219925
 20
18.263453
 42
-0.000001
  0
VERTEX
  8
0
 10
189.128815
 20
18.099518
 42
-0.000002
  0
VERTEX
  8
0
 10
189.038266
 20
17.936596
 42
-0.004069
  0
VERTEX
  8
0
 10
188.938646
 20
17.760740
 42
-0.002568
  0
VERTEX
  8
0
 10
188.819663
 20
17.557053
 42
-0.002578
  0
VERTEX
  8
0
 10
188.700636
 20
17.358024
 42
-0.004741
  0
VERTEX
  8
0
 10
188.601383
 20
17.197445
 42
0.005867
  0
VERTEX
  8
0
 10
188.517841
 20
17.061600
 42
0.008452
  0
VERTEX
  8
0
 10
188.447385
 20
16.939320
 42
0.004993
  0
VERTEX
  8
0
 10
188.391169
 20
16.835390
 42
0.122063
  0
VERTEX
  8
0
 10
188.383333
 20
16.803772
 42
-0.143420
  0
VERTEX
  8
0
 10
188.352244
 20
16.697615
 42
-0.000517
  0
VERTEX
  8
0
 10
187.638941
 20
15.586791
 42
-0.000498
  0
VERTEX
  8
0
 10
186.922387
 20
14.475868
 42
-0.149857
  0
VERTEX
  8
0
 10
186.841059
 20
14.407444
 42
0.092070
  0
VERTEX
  8
0
 10
186.815670
 20
14.390608
 42
0.064132
  0
VERTEX
  8
0
 10
186.794169
 20
14.363665
 42
0.062247
  0
VERTEX
  8
0
 10
186.779621
 20
14.331183
 42
0.074328
  0
VERTEX
  8
0
 10
186.774667
 20
14.298038
 42
-0.074816
  0
VERTEX
  8
0
 10
186.768899
 20
14.259705
 42
-0.031200
  0
VERTEX
  8
0
 10
186.750378
 20
14.210662
 42
-0.029999
  0
VERTEX
  8
0
 10
186.723628
 20
14.159710
 42
-0.034144
  0
VERTEX
  8
0
 10
186.691981
 20
14.114593
 42
0.008970
  0
VERTEX
  8
0
 10
186.632988
 20
14.038896
 42
0.000210
  0
VERTEX
  8
0
 10
186.362013
 20
13.677710
 42
0.000465
  0
VERTEX
  8
0
 10
186.045044
 20
13.254030
 42
0.000315
  0
VERTEX
  8
0
 10
185.684796
 20
12.770930
 42
-0.003325
  0
VERTEX
  8
0
 10
184.933478
 20
11.775955
 42
-0.014965
  0
VERTEX
  8
0
 10
184.473265
 20
11.210726
 42
-0.014864
  0
VERTEX
  8
0
 10
183.978697
 20
10.672334
 42
-0.003251
  0
VERTEX
  8
0
 10
183.094370
 20
9.777022
 42
-0.006037
  0
VERTEX
  8
0
 10
182.540017
 20
9.236252
 42
-0.015543
  0
VERTEX
  8
0
 10
182.123033
 20
8.863207
 42
-0.021310
  0
VERTEX
  8
0
 10
181.783879
 20
8.602079
 42
-0.038608
  0
VERTEX
  8
0
 10
181.483000
 20
8.423212
 42
0.004365
  0
VERTEX
  8
0
 10
181.285298
 20
8.323307
 42
0.006238
  0
VERTEX
  8
0
 10
181.111790
 20
8.230958
 42
0.003608
  0
VERTEX
  8
0
 10
180.967476
 20
8.150462
 42
0.089806
  0
VERTEX
  8
0
 10
180.932667
 20
8.121430
 42
-0.146725
  0
VERTEX
  8
0
 10
180.820481
 20
8.047462
 42
-0.026998
  0
VERTEX
  8
0
 10
180.576790
 20
7.988458
 42
-0.023462
  0
VERTEX
  8
0
 10
180.243423
 20
7.942615
 42
-0.011470
  0
VERTEX
  8
0
 10
179.815263
 20
7.913969
 42
-0.034104
  0
VERTEX
  8
0
 10
179.298842
 20
7.926529
 42
-0.044340
  0
VERTEX
  8
0
 10
178.833598
 20
8.011727
 42
-0.044405
  0
VERTEX
  8
0
 10
178.391194
 20
8.177488
 42
-0.034354
  0
VERTEX
  8
0
 10
177.943257
 20
8.431540
 42
-0.042304
  0
VERTEX
  8
0
 10
177.567780
 20
8.728501
 42
-0.010242
  0
VERTEX
  8
0
 10
177.001296
 20
9.282440
 42
-0.006740
  0
VERTEX
  8
0
 10
176.447143
 20
9.862416
 42
-0.110907
  0
VERTEX
  8
0
 10
176.312896
 20
10.092465
 42
0.044166
  0
VERTEX
  8
0
 10
176.288576
 20
10.150700
 42
0.053184
  0
VERTEX
  8
0
 10
176.255584
 20
10.199957
 42
0.061968
  0
VERTEX
  8
0
 10
176.219377
 20
10.233729
 42
0.158001
  0
VERTEX
  8
0
 10
176.185628
 20
10.244667
 42
-0.158110
  0
VERTEX
  8
0
 10
176.155511
 20
10.254434
 42
-0.097128
  0
VERTEX
  8
0
 10
176.129862
 20
10.281973
 42
-0.079016
  0
VERTEX
  8
0
 10
176.112544
 20
10.323100
 42
-0.060283
  0
VERTEX
  8
0
 10
176.106667
 20
10.371667
 42
0.055253
  0
VERTEX
  8
0
 10
176.101282
 20
10.420248
 42
0.074840
  0
VERTEX
  8
0
 10
176.085327
 20
10.461360
 42
0.094292
  0
VERTEX
  8
0
 10
176.061737
 20
10.488938
 42
0.170408
  0
VERTEX
  8
0
 10
176.034020
 20
10.498667
 42
-0.271042
  0
VERTEX
  8
0
 10
175.942395
 20
10.552273
 42
-0.004373
  0
VERTEX
  8
0
 10
175.642625
 20
11.096698
 42
-0.011172
  0
VERTEX
  8
0
 10
175.333813
 20
11.701293
 42
-0.011176
  0
VERTEX
  8
0
 10
175.052359
 20
12.319000
 42
0.003085
  0
VERTEX
  8
0
 10
174.991173
 20
12.459255
 42
0.002965
  0
VERTEX
  8
0
 10
174.927456
 20
12.600621
 42
0.002934
  0
VERTEX
  8
0
 10
174.869811
 20
12.724588
 42
0.010732
  0
VERTEX
  8
0
 10
174.831141
 20
12.802136
 42
-0.042915
  0
VERTEX
  8
0
 10
174.798221
 20
12.880376
 42
-0.012649
  0
VERTEX
  8
0
 10
174.761326
 20
13.005287
 42
-0.012598
  0
VERTEX
  8
0
 10
174.726790
 20
13.148456
 42
-0.013238
  0
VERTEX
  8
0
 10
174.700137
 20
13.290845
 42
0.017381
  0
VERTEX
  8
0
 10
174.673680
 20
13.425992
 42
0.022666
  0
VERTEX
  8
0
 10
174.639657
 20
13.547317
 42
0.021151
  0
VERTEX
  8
0
 10
174.603294
 20
13.643623
 42
0.154691
  0
VERTEX
  8
0
 10
174.571546
 20
13.680540
 42
-0.187258
  0
VERTEX
  8
0
 10
174.542871
 20
13.718495
 42
-0.024520
  0
VERTEX
  8
0
 10
174.519604
 20
13.818890
 42
-0.025766
  0
VERTEX
  8
0
 10
174.503369
 20
13.945846
 42
-0.018919
  0
VERTEX
  8
0
 10
174.498000
 20
14.087690
 42
-0.068890
  0
VERTEX
  8
0
 10
174.534587
 20
14.351979
 42
-0.160542
  0
VERTEX
  8
0
 10
174.645019
 20
14.515672
 42
-0.113451
  0
VERTEX
  8
0
 10
174.860878
 20
14.615455
 42
-0.026080
  0
VERTEX
  8
0
 10
175.260000
 20
14.677786
 42
0.015965
  0
VERTEX
  8
0
 10
175.688041
 20
14.735792
 42
0.013904
  0
VERTEX
  8
0
 10
176.131861
 20
14.823188
 42
0.009573
  0
VERTEX
  8
0
 10
176.524709
 20
14.919900
 42
0.128330
  0
VERTEX
  8
0
 10
176.652767
 20
14.992507
 42
-0.074772
  0
VERTEX
  8
0
 10
176.694603
 20
15.022488
 42
-0.037553
  0
VERTEX
  8
0
 10
176.754678
 20
15.047707
 42
-0.036230
  0
VERTEX
  8
0
 10
176.822057
 20
15.064909
 42
-0.044412
  0
VERTEX
  8
0
 10
176.886749
 20
15.070667
 42
0.040077
  0
VERTEX
  8
0
 10
176.956195
 20
15.076242
 42
0.023074
  0
VERTEX
  8
0
 10
177.038379
 20
15.093447
 42
0.022943
  0
VERTEX
  8
0
 10
177.119841
 20
15.118501
 42
0.035297
  0
VERTEX
  8
0
 10
177.187316
 20
15.148216
 42
-0.012835
  0
VERTEX
  8
0
 10
177.265952
 20
15.187149
 42
-0.003608
  0
VERTEX
  8
0
 10
177.390630
 20
15.243852
 42
-0.003636
  0
VERTEX
  8
0
 10
177.532558
 20
15.305935
 42
-0.003825
  0
VERTEX
  8
0
 10
177.673000
 20
15.364888
 42
0.010237
  0
VERTEX
  8
0
 10
177.843201
 20
15.438914
 42
0.003527
  0
VERTEX
  8
0
 10
178.086279
 20
15.552691
 42
0.003503
  0
VERTEX
  8
0
 10
178.352595
 20
15.681941
 42
0.004055
  0
VERTEX
  8
0
 10
178.604333
 20
15.808854
 42
-0.000642
  0
VERTEX
  8
0
 10
178.845158
 20
15.932333
 42
-0.000707
  0
VERTEX
  8
0
 10
179.078670
 20
16.051267
 42
-0.000657
  0
VERTEX
  8
0
 10
179.278464
 20
16.152343
 42
-0.003604
  0
VERTEX
  8
0
 10
179.386839
 20
16.206015
 42
0.025069
  0
VERTEX
  8
0
 10
179.459578
 20
16.246013
 42
0.033189
  0
VERTEX
  8
0
 10
179.521108
 20
16.289868
 42
0.035015
  0
VERTEX
  8
0
 10
179.565302
 20
16.331504
 42
0.185796
  0
VERTEX
  8
0
 10
179.577339
 20
16.361833
 42
-0.143742
  0
VERTEX
  8
0
 10
179.584723
 20
16.386051
 42
-0.098273
  0
VERTEX
  8
0
 10
179.605024
 20
16.406680
 42
-0.082998
  0
VERTEX
  8
0
 10
179.635188
 20
16.420583
 42
-0.066666
  0
VERTEX
  8
0
 10
179.670656
 20
16.425333
 42
0.138158
  0
VERTEX
  8
0
 10
179.731093
 20
16.442358
 42
0.004861
  0
VERTEX
  8
0
 10
179.938932
 20
16.572338
 42
0.008696
  0
VERTEX
  8
0
 10
180.182520
 20
16.734024
 42
0.005939
  0
VERTEX
  8
0
 10
180.453822
 20
16.925775
 42
0.028208
  0
VERTEX
  8
0
 10
181.137633
 20
17.482760
 42
0.012148
  0
VERTEX
  8
0
 10
181.986937
 20
18.296856
 42
0.012101
  0
VERTEX
  8
0
 10
182.791673
 20
19.146829
 42
0.029957
  0
VERTEX
  8
0
 10
183.326818
 20
19.816820
 42
0.020951
  0
VERTEX
  8
0
 10
183.696978
 20
20.391563
 42
0.014177
  0
VERTEX
  8
0
 10
184.071941
 20
21.074795
 42
0.014295
  0
VERTEX
  8
0
 10
184.395788
 20
21.753878
 42
0.028722
  0
VERTEX
  8
0
 10
184.604335
 20
22.309667
 42
-0.002648
  0
VERTEX
  8
0
 10
184.669891
 20
22.516572
 42
-0.002831
  0
VERTEX
  8
0
 10
184.736211
 20
22.718183
 42
-0.002686
  0
VERTEX
  8
0
 10
184.795125
 20
22.890842
 42
-0.013264
  0
VERTEX
  8
0
 10
184.831399
 20
22.987000
 42
0.025715
  0
VERTEX
  8
0
 10
184.861208
 20
23.072397
 42
0.009901
  0
VERTEX
  8
0
 10
184.894060
 20
23.193640
 42
0.009773
  0
VERTEX
  8
0
 10
184.924575
 20
23.326801
 42
0.011883
  0
VERTEX
  8
0
 10
184.947734
 20
23.452667
 42
-0.000013
  0
VERTEX
  8
0
 10
184.972196
 20
23.605985
 42
-0.000004
  0
VERTEX
  8
0
 10
185.008910
 20
23.836048
 42
-0.000004
  0
VERTEX
  8
0
 10
185.049924
 20
24.093028
 42
-0.000004
  0
VERTEX
  8
0
 10
185.089611
 20
24.341667
 42
0.038295
  0
VERTEX
  8
0
 10
185.151073
 20
25.091922
 42
0.008375
  0
VERTEX
  8
0
 10
185.136081
 20
26.388441
 42
0.007308
  0
VERTEX
  8
0
 10
185.080532
 20
27.681662
 42
0.056235
  0
VERTEX
  8
0
 10
184.978117
 20
28.278667
 42
0.063488
  0
VERTEX
  8
0
 10
184.474971
 20
29.439319
 42
0.061402
  0
VERTEX
  8
0
 10
183.692076
 20
30.451181
 42
0.058062
  0
VERTEX
  8
0
 10
182.643552
 20
31.288116
 42
0.047118
  0
VERTEX
  8
0
 10
181.356000
 20
31.931629
 42
0.083952
  0
VERTEX
  8
0
 10
180.873222
 20
32.030402
 42
0.008632
  0
VERTEX
  8
0
 10
179.705508
 20
32.050294
 42
0.009733
  0
VERTEX
  8
0
 10
178.543000
 20
32.027395
 42
0.063873
  0
VERTEX
  8
0
 10
177.969333
 20
31.930849
 42
0.006697
  0
VERTEX
  8
0
 10
177.649014
 20
31.829055
 42
0.011925
  0
VERTEX
  8
0
 10
177.388668
 20
31.735512
 42
0.007035
  0
VERTEX
  8
0
 10
177.055572
 20
31.601364
 42
0.001021
  0
VERTEX
  8
0
 10
176.381833
 20
31.317330
 42
0.018426
  0
VERTEX
  8
0
 10
176.276422
 20
31.267980
 42
0.026574
  0
VERTEX
  8
0
 10
176.187497
 20
31.216135
 42
0.025002
  0
VERTEX
  8
0
 10
176.121604
 20
31.167993
 42
0.226202
  0
VERTEX
  8
0
 10
176.106667
 20
31.136665
 42
-0.137484
  0
VERTEX
  8
0
 10
176.099827
 20
31.112260
 42
-0.100195
  0
VERTEX
  8
0
 10
176.080601
 20
31.091466
 42
-0.086110
  0
VERTEX
  8
0
 10
176.051845
 20
31.077467
 42
-0.070429
  0
VERTEX
  8
0
 10
176.017933
 20
31.072667
 42
0.134263
  0
VERTEX
  8
0
 10
175.911690
 20
31.043614
 42
0.003220
  0
VERTEX
  8
0
 10
175.468756
 20
30.777926
 42
0.004612
  0
VERTEX
  8
0
 10
175.042276
 20
30.512937
 42
0.081338
  0
VERTEX
  8
0
 10
174.921333
 20
30.405246
 42
-0.045154
  0
VERTEX
  8
0
 10
174.889127
 20
30.372113
 42
-0.002097
  0
VERTEX
  8
0
 10
174.769686
 20
30.270456
 42
-0.003460
  0
VERTEX
  8
0
 10
174.626391
 20
30.151218
 42
-0.002476
  0
VERTEX
  8
0
 10
174.464535
 20
30.019754
 42
0.020185
  0
VERTEX
  8
0
 10
174.091656
 20
29.694318
 42
0.008974
  0
VERTEX
  8
0
 10
173.625799
 20
29.237251
 42
0.008917
  0
VERTEX
  8
0
 10
173.180415
 20
28.767844
 42
0.022323
  0
VERTEX
  8
0
 10
172.877413
 20
28.405667
 42
-0.004126
  0
VERTEX
  8
0
 10
172.799474
 20
28.305304
 42
-0.005213
  0
VERTEX
  8
0
 10
172.725671
 20
28.213844
 42
-0.004173
  0
VERTEX
  8
0
 10
172.662425
 20
28.138409
 42
-0.041452
  0
VERTEX
  8
0
 10
172.633142
 20
28.109333
 42
0.066881
  0
VERTEX
  8
0
 10
172.511856
 20
27.976031
 42
0.002758
  0
VERTEX
  8
0
 10
172.146547
 20
27.441088
 42
0.005209
  0
VERTEX
  8
0
 10
171.795774
 20
26.909437
 42
0.016406
  0
VERTEX
  8
0
 10
171.576124
 20
26.543000
 42
0.003867
  0
VERTEX
  8
0
 10
171.278884
 20
25.998196
 42
0.005320
  0
VERTEX
  8
0
 10
171.020772
 20
25.503710
 42
0.005757
  0
VERTEX
  8
0
 10
170.815445
 20
25.088162
 42
0.018887
  0
VERTEX
  8
0
 10
170.693508
 20
24.807333
 42
-0.001694
  0
VERTEX
  8
0
 10
170.640370
 20
24.672441
 42
-0.000988
  0
VERTEX
  8
0
 10
170.575771
 20
24.511000
 42
-0.000987
  0
VERTEX
  8
0
 10
170.510437
 20
24.349574
 42
-0.001672
  0
VERTEX
  8
0
 10
170.455000
 20
24.214667
 42
0.000169
  0
VERTEX
  8
0
 10
170.402835
 20
24.088800
 42
0.000143
  0
VERTEX
  8
0
 10
170.347744
 20
23.955640
 42
0.000144
  0
VERTEX
  8
0
 10
170.297582
 20
23.834194
 42
0.000403
  0
VERTEX
  8
0
 10
170.262502
 20
23.749000
 42
0.018079
  0
VERTEX
  8
0
 10
170.226971
 20
23.652754
 42
0.003707
  0
VERTEX
  8
0
 10
170.171677
 20
23.480183
 42
0.003898
  0
VERTEX
  8
0
 10
170.110443
 20
23.278572
 42
0.003655
  0
VERTEX
  8
0
 10
170.050999
 20
23.071667
 42
-0.003696
  0
VERTEX
  8
0
 10
169.991537
 20
22.864762
 42
-0.003942
  0
VERTEX
  8
0
 10
169.930247
 20
22.663150
 42
-0.003749
  0
VERTEX
  8
0
 10
169.874873
 20
22.490584
 42
-0.018273
  0
VERTEX
  8
0
 10
169.839242
 20
22.394333
 42
0.053046
  0
VERTEX
  8
0
 10
169.674531
 20
21.832330
 42
0.009061
  0
VERTEX
  8
0
 10
169.495722
 20
20.731184
 42
0.009517
  0
VERTEX
  8
0
 10
169.329150
 20
19.392851
 42
0.007309
  0
VERTEX
  8
0
 10
169.196503
 20
17.925823
 42
-0.008666
  0
VERTEX
  8
0
 10
169.169670
 20
17.637774
 42
-0.013019
  0
VERTEX
  8
0
 10
169.135389
 20
17.387739
 42
-0.007861
  0
VERTEX
  8
0
 10
169.098452
 20
17.182438
 42
-0.208831
  0
VERTEX
  8
0
 10
169.067456
 20
17.137659
 42
0.104967
  0
VERTEX
  8
0
 10
169.039555
 20
17.110995
 42
0.051457
  0
VERTEX
  8
0
 10
169.016049
 20
17.067561
 42
0.047847
  0
VERTEX
  8
0
 10
169.000063
 20
17.015444
 42
0.050542
  0
VERTEX
  8
0
 10
168.994667
 20
16.962198
 42
-0.089287
  0
VERTEX
  8
0
 10
168.979742
 20
16.879288
 42
-0.006418
  0
VERTEX
  8
0
 10
168.895183
 20
16.660655
 42
-0.008847
  0
VERTEX
  8
0
 10
168.785718
 20
16.401435
 42
-0.006566
  0
VERTEX
  8
0
 10
168.656000
 20
16.118889
 42
0.003508
  0
VERTEX
  8
0
 10
168.526225
 20
15.840718
 42
0.005208
  0
VERTEX
  8
0
 10
168.416817
 20
15.595117
 42
0.002438
  0
VERTEX
  8
0
 10
168.327096
 20
15.385131
 42
0.100061
  0
VERTEX
  8
0
 10
168.317333
 20
15.336835
 42
-0.111835
  0
VERTEX
  8
0
 10
168.297988
 20
15.251427
 42
-0.000457
  0
VERTEX
  8
0
 10
167.875786
 20
14.369314
 42
-0.002633
  0
VERTEX
  8
0
 10
167.463578
 20
13.521574
 42
-0.004653
  0
VERTEX
  8
0
 10
167.113241
 20
12.827000
 42
0.000090
  0
VERTEX
  8
0
 10
167.036775
 20
12.678779
 42
0.000064
  0
VERTEX
  8
0
 10
166.951420
 20
12.513204
 42
0.000065
  0
VERTEX
  8
0
 10
166.870231
 20
12.355609
 42
0.000140
  0
VERTEX
  8
0
 10
166.807816
 20
12.234333
 42
-0.011098
  0
VERTEX
  8
0
 10
166.738697
 20
12.106971
 42
-0.003808
  0
VERTEX
  8
0
 10
166.633133
 20
11.925569
 42
-0.003782
  0
VERTEX
  8
0
 10
166.513597
 20
11.727148
 42
-0.004367
  0
VERTEX
  8
0
 10
166.396592
 20
11.539900
 42
0.007794
  0
VERTEX
  8
0
 10
166.289110
 20
11.365241
 42
0.010734
  0
VERTEX
  8
0
 10
166.198424
 20
11.204852
 42
0.007627
  0
VERTEX
  8
0
 10
166.128060
 20
11.068992
 42
0.116175
  0
VERTEX
  8
0
 10
166.116000
 20
11.017789
 42
-0.072294
  0
VERTEX
  8
0
 10
166.111155
 20
10.984455
 42
-0.061353
  0
VERTEX
  8
0
 10
166.096920
 20
10.951814
 42
-0.063565
  0
VERTEX
  8
0
 10
166.075888
 20
10.924756
 42
-0.093572
  0
VERTEX
  8
0
 10
166.051048
 20
10.907889
 42
0.115348
  0
VERTEX
  8
0
 10
166.012831
 20
10.879460
 42
0.005093
  0
VERTEX
  8
0
 10
165.906656
 20
10.751167
 42
0.008380
  0
VERTEX
  8
0
 10
165.783923
 20
10.594457
 42
0.005867
  0
VERTEX
  8
0
 10
165.650709
 20
10.414000
 42
-0.014508
  0
VERTEX
  8
0
 10
165.291820
 20
9.945017
 42
-0.022578
  0
VERTEX
  8
0
 10
164.953404
 20
9.564842
 42
-0.026029
  0
VERTEX
  8
0
 10
164.650282
 20
9.284570
 42
-0.075519
  0
VERTEX
  8
0
 10
164.406551
 20
9.137325
 42
-0.040472
  0
VERTEX
  8
0
 10
164.246114
 20
9.085614
 42
-0.153417
  0
VERTEX
  8
0
 10
164.142264
 20
9.093267
 42
-0.098557
  0
VERTEX
  8
0
 10
164.036402
 20
9.161796
 42
-0.011652
  0
VERTEX
  8
0
 10
163.839043
 20
9.362694
 42
-0.027236
  0
VERTEX
  8
0
 10
163.701907
 20
9.525921
 42
-0.013578
  0
VERTEX
  8
0
 10
163.545642
 20
9.746139
 42
-0.013437
  0
VERTEX
  8
0
 10
163.395736
 20
9.983599
 42
-0.019249
  0
VERTEX
  8
0
 10
163.276881
 20
10.202333
 42
0.004742
  0
VERTEX
  8
0
 10
163.176770
 20
10.400033
 42
0.006756
  0
VERTEX
  8
0
 10
163.083836
 20
10.573544
 42
0.003996
  0
VERTEX
  8
0
 10
163.002707
 20
10.717486
 42
0.094621
  0
VERTEX
  8
0
 10
162.972474
 20
10.752667
 42
-0.123279
  0
VERTEX
  8
0
 10
162.945369
 20
10.788081
 42
-0.006643
  0
VERTEX
  8
0
 10
162.890691
 20
10.919354
 42
-0.010049
  0
VERTEX
  8
0
 10
162.830293
 20
11.079194
 42
-0.007136
  0
VERTEX
  8
0
 10
162.768760
 20
11.260667
 42
0.001231
  0
VERTEX
  8
0
 10
162.706599
 20
11.451365
 42
0.001280
  0
VERTEX
  8
0
 10
162.644299
 20
11.639285
 42
0.001230
  0
VERTEX
  8
0
 10
162.589595
 20
11.801560
 42
0.005586
  0
VERTEX
  8
0
 10
162.556436
 20
11.895667
 42
-0.011452
  0
VERTEX
  8
0
 10
162.525901
 20
11.985679
 42
-0.003240
  0
VERTEX
  8
0
 10
162.482493
 20
12.127177
 42
-0.003263
  0
VERTEX
  8
0
 10
162.435519
 20
12.287713
 42
-0.003443
  0
VERTEX
  8
0
 10
162.391500
 20
12.446000
 42
0.004665
  0
VERTEX
  8
0
 10
162.346698
 20
12.605589
 42
0.004199
  0
VERTEX
  8
0
 10
162.297370
 20
12.770039
 42
0.004210
  0
VERTEX
  8
0
 10
162.250655
 20
12.916767
 42
0.013239
  0
VERTEX
  8
0
 10
162.215885
 20
13.014091
 42
-0.031514
  0
VERTEX
  8
0
 10
162.184197
 20
13.114185
 42
-0.009135
  0
VERTEX
  8
0
 10
162.147992
 20
13.272138
 42
-0.009146
  0
VERTEX
  8
0
 10
162.113633
 20
13.451995
 42
-0.009647
  0
VERTEX
  8
0
 10
162.086542
 20
13.629825
 42
0.014375
  0
VERTEX
  8
0
 10
162.059403
 20
13.797318
 42
0.019748
  0
VERTEX
  8
0
 10
162.024791
 20
13.945899
 42
0.016825
  0
VERTEX
  8
0
 10
161.987867
 20
14.064417
 42
0.172059
  0
VERTEX
  8
0
 10
161.956174
 20
14.103897
 42
-0.158799
  0
VERTEX
  8
0
 10
161.927755
 20
14.137483
 42
-0.035901
  0
VERTEX
  8
0
 10
161.904259
 20
14.209464
 42
-0.033742
  0
VERTEX
  8
0
 10
161.888064
 20
14.300381
 42
-0.027213
  0
VERTEX
  8
0
 10
161.882667
 20
14.399479
 42
0.026427
  0
VERTEX
  8
0
 10
161.877031
 20
14.506032
 42
0.021368
  0
VERTEX
  8
0
 10
161.860091
 20
14.619335
 42
0.021867
  0
VERTEX
  8
0
 10
161.835351
 20
14.722723
 42
0.050815
  0
VERTEX
  8
0
 10
161.805813
 20
14.796649
 42
-0.041351
  0
VERTEX
  8
0
 10
161.711281
 20
15.020844
 42
-0.009377
  0
VERTEX
  8
0
 10
161.590123
 20
15.415840
 42
-0.008179
  0
VERTEX
  8
0
 10
161.483209
 20
15.813718
 42
-0.061616
  0
VERTEX
  8
0
 10
161.459333
 20
16.006726
 42
0.049665
  0
VERTEX
  8
0
 10
161.453058
 20
16.069750
 42
0.047500
  0
VERTEX
  8
0
 10
161.434462
 20
16.131293
 42
0.051202
  0
VERTEX
  8
0
 10
161.407125
 20
16.182463
 42
0.106459
  0
VERTEX
  8
0
 10
161.374667
 20
16.213667
 42
-0.128561
  0
VERTEX
  8
0
 10
161.342122
 20
16.247805
 42
-0.046040
  0
VERTEX
  8
0
 10
161.314871
 20
16.309864
 42
-0.041947
  0
VERTEX
  8
0
 10
161.296254
 20
16.386634
 42
-0.038534
  0
VERTEX
  8
0
 10
161.290000
 20
16.467667
 42
0.034293
  0
VERTEX
  8
0
 10
161.284466
 20
16.548267
 42
0.039204
  0
VERTEX
  8
0
 10
161.267949
 20
16.623727
 42
0.042918
  0
VERTEX
  8
0
 10
161.243835
 20
16.684164
 42
0.138832
  0
VERTEX
  8
0
 10
161.214931
 20
16.715735
 42
-0.142149
  0
VERTEX
  8
0
 10
161.182364
 20
16.751775
 42
-0.023408
  0
VERTEX
  8
0
 10
161.144958
 20
16.838886
 42
-0.024117
  0
VERTEX
  8
0
 10
161.109741
 20
16.948612
 42
-0.019228
  0
VERTEX
  8
0
 10
161.082140
 20
17.069821
 42
0.012672
  0
VERTEX
  8
0
 10
161.054772
 20
17.197725
 42
0.011690
  0
VERTEX
  8
0
 10
161.020294
 20
17.327591
 42
0.011773
  0
VERTEX
  8
0
 10
160.984153
 20
17.441818
 42
0.037590
  0
VERTEX
  8
0
 10
160.952659
 20
17.515256
 42
-0.011444
  0
VERTEX
  8
0
 10
160.915870
 20
17.590004
 42
-0.002967
  0
VERTEX
  8
0
 10
160.860123
 20
17.712021
 42
-0.003016
  0
VERTEX
  8
0
 10
160.798226
 20
17.851905
 42
-0.003073
  0
VERTEX
  8
0
 10
160.738408
 20
17.991667
 42
0.024325
  0
VERTEX
  8
0
 10
160.157676
 20
19.203435
 42
0.043772
  0
VERTEX
  8
0
 10
159.551367
 20
20.122761
 42
0.051795
  0
VERTEX
  8
0
 10
158.877115
 20
20.812534
 42
0.056518
  0
VERTEX
  8
0
 10
158.093833
 20
21.326122
 42
0.021765
  0
VERTEX
  8
0
 10
157.704778
 20
21.501698
 42
0.052811
  0
VERTEX
  8
0
 10
157.401900
 20
21.587114
 42
0.036286
  0
VERTEX
  8
0
 10
157.026726
 20
21.623549
 42
0.006068
  0
VERTEX
  8
0
 10
156.303016
 20
21.632333
 42
0.011801
  0
VERTEX
  8
0
 10
155.495997
 20
21.613284
 42
0.037075
  0
VERTEX
  8
0
 10
154.958298
 20
21.547729
 42
0.046852
  0
VERTEX
  8
0
 10
154.507500
 20
21.413661
 42
0.029212
  0
VERTEX
  8
0
 10
154.008667
 20
21.178140
 42
-0.000021
  0
VERTEX
  8
0
 10
153.850380
 20
21.091774
 42
-0.000020
  0
VERTEX
  8
0
 10
153.689844
 20
21.004199
 42
-0.000020
  0
VERTEX
  8
0
 10
153.548212
 20
20.926951
 42
-0.000073
  0
VERTEX
  8
0
 10
153.458333
 20
20.877951
 42
0.055517
  0
VERTEX
  8
0
 10
152.929359
 20
20.508316
 42
0.012183
  0
VERTEX
  8
0
 10
152.112883
 20
19.754991
 42
0.011613
  0
VERTEX
  8
0
 10
151.335471
 20
18.966013
 42
0.065290
  0
VERTEX
  8
0
 10
150.990100
 20
18.486707
 42
-0.012765
  0
VERTEX
  8
0
 10
150.928000
 20
18.378130
 42
-0.018896
  0
VERTEX
  8
0
 10
150.867644
 20
18.286574
 42
-0.014441
  0
VERTEX
  8
0
 10
150.814071
 20
18.216032
 42
-0.226878
  0
VERTEX
  8
0
 10
150.787527
 20
18.203333
 42
-0.361770
  0
VERTEX
  8
0
 10
150.765132
 20
18.221977
 42
-0.002803
  0
VERTEX
  8
0
 10
150.720719
 20
18.470695
 42
-0.008364
  0
VERTEX
  8
0
 10
150.674996
 20
18.764527
 42
-0.005074
  0
VERTEX
  8
0
 10
150.630260
 20
19.113500
 42
0.002721
  0
VERTEX
  8
0
 10
150.551129
 20
19.754693
 42
0.004525
  0
VERTEX
  8
0
 10
150.476614
 20
20.294056
 42
0.004661
  0
VERTEX
  8
0
 10
150.393999
 20
20.820514
 42
0.003130
  0
VERTEX
  8
0
 10
150.290214
 20
21.420667
 42
-0.001939
  0
VERTEX
  8
0
 10
150.252028
 20
21.638394
 42
-0.000999
  0
VERTEX
  8
0
 10
150.205832
 20
21.911204
 42
-0.000993
  0
VERTEX
  8
0
 10
150.159426
 20
22.192047
 42
-0.001502
  0
VERTEX
  8
0
 10
150.120258
 20
22.436667
 42
0.006159
  0
VERTEX
  8
0
 10
150.080295
 20
22.672178
 42
0.004931
  0
VERTEX
  8
0
 10
150.031637
 20
22.924823
 42
0.004986
  0
VERTEX
  8
0
 10
149.981983
 20
23.157671
 42
0.012602
  0
VERTEX
  8
0
 10
149.939931
 20
23.325667
 42
-0.001228
  0
VERTEX
  8
0
 10
149.898400
 20
23.476894
 42
-0.000798
  0
VERTEX
  8
0
 10
149.851101
 20
23.651898
 42
-0.000802
  0
VERTEX
  8
0
 10
149.805471
 20
23.822896
 42
-0.001524
  0
VERTEX
  8
0
 10
149.769393
 20
23.960667
 42
0.005298
  0
VERTEX
  8
0
 10
149.665075
 20
24.347101
 42
0.003860
  0
VERTEX
  8
0
 10
149.541246
 20
24.774535
 42
0.003276
  0
VERTEX
  8
0
 10
149.422882
 20
25.162315
 42
0.020454
  0
VERTEX
  8
0
 10
149.352963
 20
25.357667
 42
-0.005414
  0
VERTEX
  8
0
 10
149.319529
 20
25.442911
 42
-0.001975
  0
VERTEX
  8
0
 10
149.273973
 20
25.564306
 42
-0.001958
  0
VERTEX
  8
0
 10
149.225194
 20
25.697467
 42
-0.002339
  0
VERTEX
  8
0
 10
149.180310
 20
25.823333
 42
0.025598
  0
VERTEX
  8
0
 10
148.990415
 20
26.286555
 42
0.006272
  0
VERTEX
  8
0
 10
148.629840
 20
27.027741
 42
0.004067
  0
VERTEX
  8
0
 10
148.248757
 20
27.771579
 42
0.067210
  0
VERTEX
  8
0
 10
148.088136
 20
27.998575
 42
-0.014082
  0
VERTEX
  8
0
 10
148.027040
 20
28.067974
 42
-0.010237
  0
VERTEX
  8
0
 10
147.962896
 20
28.148404
 42
-0.010357
  0
VERTEX
  8
0
 10
147.905134
 20
28.227287
 42
-0.022242
  0
VERTEX
  8
0
 10
147.864664
 20
28.290866
 42
0.052591
  0
VERTEX
  8
0
 10
147.682128
 20
28.542560
 42
0.012715
  0
VERTEX
  8
0
 10
147.328010
 20
28.916653
 42
0.013712
  0
VERTEX
  8
0
 10
146.936178
 20
29.289049
 42
0.026624
  0
VERTEX
  8
0
 10
146.600333
 20
29.560253
 42
0.030246
  0
VERTEX
  8
0
 10
145.912011
 20
29.997191
 42
0.054216
  0
VERTEX
  8
0
 10
145.295167
 20
30.255671
 42
0.050197
  0
VERTEX
  8
0
 10
144.605294
 20
30.387041
 42
0.022323
  0
VERTEX
  8
0
 10
143.679333
 20
30.427092
 42
0.012188
  0
VERTEX
  8
0
 10
142.977038
 20
30.408977
 42
0.022260
  0
VERTEX
  8
0
 10
142.406480
 20
30.354797
 42
0.027243
  0
VERTEX
  8
0
 10
141.940690
 20
30.263447
 42
0.044983
  0
VERTEX
  8
0
 10
141.562667
 20
30.130559
 42
-0.001607
  0
VERTEX
  8
0
 10
141.466304
 20
30.086978
 42
-0.000949
  0
VERTEX
  8
0
 10
141.351000
 20
30.035540
 42
-0.000950
  0
VERTEX
  8
0
 10
141.235685
 20
29.984620
 42
-0.001630
  0
VERTEX
  8
0
 10
141.139333
 20
29.942667
 42
0.051572
  0
VERTEX
  8
0
 10
140.259789
 20
29.450164
 42
0.022522
  0
VERTEX
  8
0
 10
139.200708
 20
28.630677
 42
0.022407
  0
VERTEX
  8
0
 10
138.174501
 20
27.677758
 42
0.034033
  0
VERTEX
  8
0
 10
137.381776
 20
26.754667
 42
-0.001536
  0
VERTEX
  8
0
 10
137.245349
 20
26.573178
 42
-0.002208
  0
VERTEX
  8
0
 10
137.123323
 20
26.413354
 42
-0.001169
  0
VERTEX
  8
0
 10
137.019098
 20
26.278739
 42
-0.034774
  0
VERTEX
  8
0
 10
136.990356
 20
26.246667
 42
0.057024
  0
VERTEX
  8
0
 10
136.887169
 20
26.120694
 42
0.006890
  0
VERTEX
  8
0
 10
136.696878
 20
25.816221
 42
0.004092
  0
VERTEX
  8
0
 10
136.506108
 20
25.495515
 42
0.132883
  0
VERTEX
  8
0
 10
136.482667
 20
25.408871
 42
-0.072525
  0
VERTEX
  8
0
 10
136.477932
 20
25.376397
 42
-0.060914
  0
VERTEX
  8
0
 10
136.464013
 20
25.344486
 42
-0.062942
  0
VERTEX
  8
0
 10
136.443452
 20
25.317920
 42
-0.092308
  0
VERTEX
  8
0
 10
136.419167
 20
25.301222
 42
0.140275
  0
VERTEX
  8
0
 10
136.385645
 20
25.273161
 42
0.009849
  0
VERTEX
  8
0
 10
136.318323
 20
25.169372
 42
0.013329
  0
VERTEX
  8
0
 10
136.242686
 20
25.040001
 42
0.009623
  0
VERTEX
  8
0
 10
136.165041
 20
24.892000
 42
-0.003653
  0
VERTEX
  8
0
 10
136.082815
 20
24.730615
 42
-0.003068
  0
VERTEX
  8
0
 10
135.993369
 20
24.560742
 42
-0.003095
  0
VERTEX
  8
0
 10
135.909758
 20
24.406589
 42
-0.008529
  0
VERTEX
  8
0
 10
135.848314
 20
24.299333
 42
0.013712
  0
VERTEX
  8
0
 10
135.783201
 20
24.182889
 42
0.003382
  0
VERTEX
  8
0
 10
135.682902
 20
23.988183
 42
0.003459
  0
VERTEX
  8
0
 10
135.571050
 20
23.763552
 42
0.003456
  0
VERTEX
  8
0
 10
135.462285
 20
23.537333
 42
0.000000
  0
VERTEX
  8
0
 10
135.202356
 20
22.987000
 42
0.000000
  0
VERTEX
  8
0
 10
135.249604
 20
23.960667
 42
-0.004219
  0
VERTEX
  8
0
 10
135.319222
 20
25.182289
 42
-0.005652
  0
VERTEX
  8
0
 10
135.404211
 20
26.288633
 42
-0.002748
  0
VERTEX
  8
0
 10
135.493472
 20
27.240825
 42
-0.098117
  0
VERTEX
  8
0
 10
135.557548
 20
27.452018
 42
0.057167
  0
VERTEX
  8
0
 10
135.587747
 20
27.528519
 42
0.021233
  0
VERTEX
  8
0
 10
135.612955
 20
27.641615
 42
0.020714
  0
VERTEX
  8
0
 10
135.630235
 20
27.768438
 42
0.023504
  0
VERTEX
  8
0
 10
135.636000
 20
27.891006
 42
-0.025521
  0
VERTEX
  8
0
 10
135.642597
 20
28.020173
 42
-0.016940
  0
VERTEX
  8
0
 10
135.662711
 20
28.167224
 42
-0.017070
  0
VERTEX
  8
0
 10
135.692044
 20
28.309050
 42
-0.031605
  0
VERTEX
  8
0
 10
135.726931
 20
28.421322
 42
0.128004
  0
VERTEX
  8
0
 10
135.765457
 20
28.770658
 42
0.049133
  0
VERTEX
  8
0
 10
135.647016
 20
29.248504
 42
0.046492
  0
VERTEX
  8
0
 10
135.416893
 20
29.744930
 42
0.054699
  0
VERTEX
  8
0
 10
135.109069
 20
30.161596
 42
0.038825
  0
VERTEX
  8
0
 10
134.733627
 20
30.509689
 42
0.073593
  0
VERTEX
  8
0
 10
134.377144
 20
30.715260
 42
0.066294
  0
VERTEX
  8
0
 10
133.951562
 20
30.821108
 42
0.026412
  0
VERTEX
  8
0
 10
133.350000
 20
30.856376
 42
0.024349
  0
VERTEX
  8
0
 10
132.725772
 20
30.829556
 42
0.065553
  0
VERTEX
  8
0
 10
132.293426
 20
30.731719
 42
0.072706
  0
VERTEX
  8
0
 10
131.927245
 20
30.532329
 42
0.035420
  0
VERTEX
  8
0
 10
131.524319
 20
30.182775
 42
0.062284
  0
VERTEX
  8
0
 10
131.094083
 20
29.629554
 42
0.057606
  0
VERTEX
  8
0
 10
130.799700
 20
28.972994
 42
0.042080
  0
VERTEX
  8
0
 10
130.601957
 20
28.098185
 42
0.015513
  0
VERTEX
  8
0
 10
130.466524
 20
26.839333
 42
-0.001078
  0
VERTEX
  8
0
 10
130.353806
 20
25.402807
 42
-0.018021
  0
VERTEX
  8
0
 10
130.298240
 20
24.928012
 42
-0.064976
  0
VERTEX
  8
0
 10
130.234267
 20
24.707454
 42
-0.298064
  0
VERTEX
  8
0
 10
130.128109
 20
24.638000
 42
0.049614
  0
VERTEX
  8
0
 10
130.065021
 20
24.631724
 42
0.047480
  0
VERTEX
  8
0
 10
130.003423
 20
24.613129
 42
0.051186
  0
VERTEX
  8
0
 10
129.952215
 20
24.585792
 42
0.106546
  0
VERTEX
  8
0
 10
129.921000
 20
24.553333
 42
-0.132913
  0
VERTEX
  8
0
 10
129.886248
 20
24.520767
 42
-0.044765
  0
VERTEX
  8
0
 10
129.821700
 20
24.493537
 42
-0.040793
  0
VERTEX
  8
0
 10
129.741514
 20
24.474916
 42
-0.036678
  0
VERTEX
  8
0
 10
129.656437
 20
24.468667
 42
0.032376
  0
VERTEX
  8
0
 10
129.563945
 20
24.462671
 42
0.022897
  0
VERTEX
  8
0
 10
129.461425
 20
24.444519
 42
0.023214
  0
VERTEX
  8
0
 10
129.364658
 20
24.418003
 42
0.044411
  0
VERTEX
  8
0
 10
129.290599
 20
24.386462
 42
-0.086540
  0
VERTEX
  8
0
 10
128.995106
 20
24.288949
 42
-0.009443
  0
VERTEX
  8
0
 10
128.282214
 20
24.197768
 42
-0.012130
  0
VERTEX
  8
0
 10
127.476033
 20
24.129834
 42
-0.013917
  0
VERTEX
  8
0
 10
126.703667
 20
24.105127
 42
-0.016421
  0
VERTEX
  8
0
 10
125.944075
 20
24.126928
 42
-0.012885
  0
VERTEX
  8
0
 10
125.123137
 20
24.198781
 42
-0.007419
  0
VERTEX
  8
0
 10
124.370471
 20
24.295582
 42
-0.154110
  0
VERTEX
  8
0
 10
124.167900
 20
24.393075
 42
0.086192
  0
VERTEX
  8
0
 10
124.123784
 20
24.422131
 42
0.034424
  0
VERTEX
  8
0
 10
124.055359
 20
24.446462
 42
0.032788
  0
VERTEX
  8
0
 10
123.976272
 20
24.463092
 42
0.035442
  0
VERTEX
  8
0
 10
123.897730
 20
24.468667
 42
-0.040867
  0
VERTEX
  8
0
 10
123.821266
 20
24.474927
 42
-0.043300
  0
VERTEX
  8
0
 10
123.748358
 20
24.493537
 42
-0.047457
  0
VERTEX
  8
0
 10
123.689092
 20
24.520812
 42
-0.123387
  0
VERTEX
  8
0
 10
123.655667
 20
24.553333
 42
0.123387
  0
VERTEX
  8
0
 10
123.622241
 20
24.585854
 42
0.047457
  0
VERTEX
  8
0
 10
123.562976
 20
24.613129
 42
0.043300
  0
VERTEX
  8
0
 10
123.490067
 20
24.631740
 42
0.040867
  0
VERTEX
  8
0
 10
123.413603
 20
24.638000
 42
-0.033125
  0
VERTEX
  8
0
 10
123.335062
 20
24.643209
 42
-0.030860
  0
VERTEX
  8
0
 10
123.255974
 20
24.658760
 42
-0.032298
  0
VERTEX
  8
0
 10
123.187472
 20
24.681494
 42
-0.084171
  0
VERTEX
  8
0
 10
123.143433
 20
24.708673
 42
0.066512
  0
VERTEX
  8
0
 10
123.089683
 20
24.744511
 42
0.008276
  0
VERTEX
  8
0
 10
122.962273
 20
24.804288
 42
0.009638
  0
VERTEX
  8
0
 10
122.807652
 20
24.870182
 42
0.007845
  0
VERTEX
  8
0
 10
122.639667
 20
24.934930
 42
-0.014289
  0
VERTEX
  8
0
 10
122.447039
 20
25.012040
 42
-0.007918
  0
VERTEX
  8
0
 10
122.216333
 20
25.116505
 42
-0.007890
  0
VERTEX
  8
0
 10
121.985819
 20
25.229796
 42
-0.012602
  0
VERTEX
  8
0
 10
121.793000
 20
25.334580
 42
0.006073
  0
VERTEX
  8
0
 10
121.620061
 20
25.431505
 42
0.006717
  0
VERTEX
  8
0
 10
121.450497
 20
25.520919
 42
0.006281
  0
VERTEX
  8
0
 10
121.303898
 20
25.593417
 42
0.034050
  0
VERTEX
  8
0
 10
121.221500
 20
25.626197
 42
-0.037627
  0
VERTEX
  8
0
 10
121.164791
 20
25.649228
 42
-0.047853
  0
VERTEX
  8
0
 10
121.116857
 20
25.679055
 42
-0.055807
  0
VERTEX
  8
0
 10
121.083677
 20
25.710829
 42
-0.175659
  0
VERTEX
  8
0
 10
121.073333
 20
25.739363
 42
0.225333
  0
VERTEX
  8
0
 10
121.059662
 20
25.768158
 42
0.043689
  0
VERTEX
  8
0
 10
121.010732
 20
25.801414
 42
0.038752
  0
VERTEX
  8
0
 10
120.941842
 20
25.833189
 42
0.027204
  0
VERTEX
  8
0
 10
120.860222
 20
25.858464
 42
-0.046310
  0
VERTEX
  8
0
 10
120.748773
 20
25.897694
 42
-0.011468
  0
VERTEX
  8
0
 10
120.574542
 20
25.982707
 42
-0.011632
  0
VERTEX
  8
0
 10
120.378761
 20
26.089699
 42
-0.011422
  0
VERTEX
  8
0
 10
120.186956
 20
26.206309
 42
0.003821
  0
VERTEX
  8
0
 10
120.007604
 20
26.319117
 42
0.005795
  0
VERTEX
  8
0
 10
119.849778
 20
26.414199
 42
0.002432
  0
VERTEX
  8
0
 10
119.713896
 20
26.493043
 42
0.130966
  0
VERTEX
  8
0
 10
119.685290
 20
26.500667
 42
-0.139875
  0
VERTEX
  8
0
 10
119.603800
 20
26.523918
 42
-0.001155
  0
VERTEX
  8
0
 10
119.035524
 20
26.878779
 42
-0.004630
  0
VERTEX
  8
0
 10
118.498613
 20
27.222751
 42
-0.011192
  0
VERTEX
  8
0
 10
118.110000
 20
27.489425
 42
0.025684
  0
VERTEX
  8
0
 10
117.642523
 20
27.790677
 42
0.013976
  0
VERTEX
  8
0
 10
117.040711
 20
28.114104
 42
0.010068
  0
VERTEX
  8
0
 10
116.456654
 20
28.392678
 42
0.106630
  0
VERTEX
  8
0
 10
116.200193
 20
28.448000
 42
-0.039442
  0
VERTEX
  8
0
 10
116.121000
 20
28.454257
 42
-0.042486
  0
VERTEX
  8
0
 10
116.045785
 20
28.472871
 42
-0.046615
  0
VERTEX
  8
0
 10
115.984854
 20
28.500132
 42
-0.126511
  0
VERTEX
  8
0
 10
115.951000
 20
28.532667
 42
0.256423
  0
VERTEX
  8
0
 10
115.819574
 20
28.607079
 42
0.002469
  0
VERTEX
  8
0
 10
114.685442
 20
28.616406
 42
0.005109
  0
VERTEX
  8
0
 10
113.609267
 20
28.608945
 42
0.088910
  0
VERTEX
  8
0
 10
113.266817
 20
28.541484
 42
-0.010625
  0
VERTEX
  8
0
 10
113.166517
 20
28.504802
 42
-0.003498
  0
VERTEX
  8
0
 10
113.017544
 20
28.455042
 42
-0.003482
  0
VERTEX
  8
0
 10
112.851464
 20
28.402134
 42
-0.003939
  0
VERTEX
  8
0
 10
112.691333
 20
28.353728
 42
0.009531
  0
VERTEX
  8
0
 10
112.529949
 20
28.302965
 42
0.007894
  0
VERTEX
  8
0
 10
112.360075
 20
28.242952
 42
0.007986
  0
VERTEX
  8
0
 10
112.206062
 20
28.182976
 42
0.021174
  0
VERTEX
  8
0
 10
112.098667
 20
28.133766
 42
-0.011158
  0
VERTEX
  8
0
 10
112.012876
 20
28.092356
 42
-0.013291
  0
VERTEX
  8
0
 10
111.930141
 20
28.057298
 42
-0.012101
  0
VERTEX
  8
0
 10
111.859315
 20
28.031443
 42
-0.079610
  0
VERTEX
  8
0
 10
111.822197
 20
28.025188
 42
0.144928
  0
VERTEX
  8
0
 10
111.675345
 20
27.980420
 42
0.005272
  0
VERTEX
  8
0
 10
111.186026
 20
27.649741
 42
0.010458
  0
VERTEX
  8
0
 10
110.677250
 20
27.282085
 42
0.014298
  0
VERTEX
  8
0
 10
110.236000
 20
26.928706
 42
0.005051
  0
VERTEX
  8
0
 10
109.839152
 20
26.584863
 42
0.017073
  0
VERTEX
  8
0
 10
109.590145
 20
26.349044
 42
0.018235
  0
VERTEX
  8
0
 10
109.366272
 20
26.104838
 42
0.006401
  0
VERTEX
  8
0
 10
109.062381
 20
25.738667
 42
-0.002595
  0
VERTEX
  8
0
 10
108.940602
 20
25.589636
 42
-0.003578
  0
VERTEX
  8
0
 10
108.829585
 20
25.457150
 42
-0.002282
  0
VERTEX
  8
0
 10
108.735054
 20
25.346985
 42
-0.043165
  0
VERTEX
  8
0
 10
108.702463
 20
25.315333
 42
0.081264
  0
VERTEX
  8
0
 10
108.590121
 20
25.188304
 42
0.002465
  0
VERTEX
  8
0
 10
108.216827
 20
24.588927
 42
0.005501
  0
VERTEX
  8
0
 10
107.848837
 20
23.976536
 42
0.010412
  0
VERTEX
  8
0
 10
107.568133
 20
23.473833
 42
-0.006744
  0
VERTEX
  8
0
 10
107.439008
 20
23.238550
 42
-0.010588
  0
VERTEX
  8
0
 10
107.321096
 20
23.040313
 42
-0.004937
  0
VERTEX
  8
0
 10
107.217169
 20
22.877326
 42
-0.253555
  0
VERTEX
  8
0
 10
107.185200
 20
22.860000
 42
0.202946
  0
VERTEX
  8
0
 10
107.035204
 20
22.796503
 42
0.012557
  0
VERTEX
  8
0
 10
106.700374
 20
22.433305
 42
0.019493
  0
VERTEX
  8
0
 10
106.372144
 20
22.027982
 42
0.034810
  0
VERTEX
  8
0
 10
106.140047
 20
21.667558
 42
-0.001375
  0
VERTEX
  8
0
 10
106.066950
 20
21.535414
 42
-0.000786
  0
VERTEX
  8
0
 10
105.978001
 20
21.376245
 42
-0.000785
  0
VERTEX
  8
0
 10
105.888024
 20
21.216417
 42
-0.001304
  0
VERTEX
  8
0
 10
105.811612
 20
21.082000
 42
0.004962
  0
VERTEX
  8
0
 10
105.656524
 20
20.804482
 42
0.001604
  0
VERTEX
  8
0
 10
105.432317
 20
20.390610
 42
0.001071
  0
VERTEX
  8
0
 10
105.109404
 20
19.786841
 42
0.000297
  0
VERTEX
  8
0
 10
104.605447
 20
18.838333
 42
-0.000543
  0
VERTEX
  8
0
 10
104.114999
 20
17.916347
 42
-0.002172
  0
VERTEX
  8
0
 10
103.811596
 20
17.353376
 42
-0.003340
  0
VERTEX
  8
0
 10
103.576355
 20
16.928174
 42
-0.003432
  0
VERTEX
  8
0
 10
103.337549
 20
16.510000
 42
0.001120
  0
VERTEX
  8
0
 10
103.201605
 20
16.274484
 42
0.000914
  0
VERTEX
  8
0
 10
103.057144
 20
16.021844
 42
0.000923
  0
VERTEX
  8
0
 10
102.925035
 20
15.788823
 42
0.002423
  0
VERTEX
  8
0
 10
102.831369
 20
15.621000
 42
-0.007284
  0
VERTEX
  8
0
 10
102.153511
 20
14.433750
 42
-0.004407
  0
VERTEX
  8
0
 10
101.318128
 20
13.046940
 42
-0.000921
  0
VERTEX
  8
0
 10
100.450066
 20
11.640019
 42
-0.161499
  0
VERTEX
  8
0
 10
100.316891
 20
11.528778
 42
0.084599
  0
VERTEX
  8
0
 10
100.289535
 20
11.512213
 42
0.065509
  0
VERTEX
  8
0
 10
100.266353
 20
11.486137
 42
0.065422
  0
VERTEX
  8
0
 10
100.250680
 20
11.454913
 42
0.083835
  0
VERTEX
  8
0
 10
100.245333
 20
11.423251
 42
-0.149794
  0
VERTEX
  8
0
 10
100.216644
 20
11.329636
 42
-0.001833
  0
VERTEX
  8
0
 10
99.856766
 20
10.801817
 42
-0.006097
  0
VERTEX
  8
0
 10
99.496060
 20
10.290401
 42
-0.012082
  0
VERTEX
  8
0
 10
99.195440
 20
9.895476
 42
0.005458
  0
VERTEX
  8
0
 10
99.115137
 20
9.792831
 42
0.003104
  0
VERTEX
  8
0
 10
99.020146
 20
9.667032
 42
0.003099
  0
VERTEX
  8
0
 10
98.926046
 20
9.539144
 42
0.005116
  0
VERTEX
  8
0
 10
98.848333
 20
9.429809
 42
-0.042500
  0
VERTEX
  8
0
 10
98.365772
 20
8.848256
 42
-0.010725
  0
VERTEX
  8
0
 10
97.483774
 20
7.989998
 42
-0.005199
  0
VERTEX
  8
0
 10
96.543067
 20
7.131203
 42
-0.184427
  0
VERTEX
  8
0
 10
96.271046
 20
7.027333
 42
0.078552
  0
VERTEX
  8
0
 10
96.236775
 20
7.021916
 42
0.090605
  0
VERTEX
  8
0
 10
96.207686
 20
7.006240
 42
0.100780
  0
VERTEX
  8
0
 10
96.188239
 20
6.982912
 42
0.124140
  0
VERTEX
  8
0
 10
96.181333
 20
6.955525
 42
-0.270245
  0
VERTEX
  8
0
 10
96.148441
 20
6.899113
 42
-0.015406
  0
VERTEX
  8
0
 10
95.963217
 20
6.801686
 42
-0.015847
  0
VERTEX
  8
0
 10
95.686755
 20
6.677652
 42
-0.005030
  0
VERTEX
  8
0
 10
95.267183
 20
6.510081
 42
-0.053749
  0
VERTEX
  8
0
 10
95.059110
 20
6.454167
 42
-0.041946
  0
VERTEX
  8
0
 10
94.825495
 20
6.437485
 42
-0.041488
  0
VERTEX
  8
0
 10
94.621897
 20
6.456984
 42
-0.212832
  0
VERTEX
  8
0
 10
94.530333
 20
6.519333
 42
0.102665
  0
VERTEX
  8
0
 10
94.499606
 20
6.551780
 42
0.051824
  0
VERTEX
  8
0
 10
94.450068
 20
6.579129
 42
0.048371
  0
VERTEX
  8
0
 10
94.390849
 20
6.597722
 42
0.051935
  0
VERTEX
  8
0
 10
94.330571
 20
6.604000
 42
-0.174627
  0
VERTEX
  8
0
 10
94.096808
 20
6.688211
 42
-0.018886
  0
VERTEX
  8
0
 10
93.661969
 20
7.076809
 42
-0.024035
  0
VERTEX
  8
0
 10
93.226373
 20
7.539109
 42
-0.037574
  0
VERTEX
  8
0
 10
92.903335
 20
7.979851
 42
-0.013268
  0
VERTEX
  8
0
 10
92.680915
 20
8.358727
 42
-0.008773
  0
VERTEX
  8
0
 10
92.444805
 20
8.804858
 42
-0.008688
  0
VERTEX
  8
0
 10
92.220628
 20
9.266762
 42
-0.011573
  0
VERTEX
  8
0
 10
92.034120
 20
9.694333
 42
0.004155
  0
VERTEX
  8
0
 10
91.995935
 20
9.785543
 42
0.001038
  0
VERTEX
  8
0
 10
91.932008
 20
9.933892
 42
0.001060
  0
VERTEX
  8
0
 10
91.858167
 20
10.103290
 42
0.001066
  0
VERTEX
  8
0
 10
91.783742
 20
10.272065
 42
-0.010758
  0
VERTEX
  8
0
 10
91.710733
 20
10.446720
 42
-0.009179
  0
VERTEX
  8
0
 10
91.641156
 20
10.633796
 42
-0.009282
  0
VERTEX
  8
0
 10
91.584150
 20
10.806309
 42
-0.025802
  0
VERTEX
  8
0
 10
91.552701
 20
10.929994
 42
0.022856
  0
VERTEX
  8
0
 10
91.528181
 20
11.028863
 42
0.026993
  0
VERTEX
  8
0
 10
91.495797
 20
11.119610
 42
0.027451
  0
VERTEX
  8
0
 10
91.460730
 20
11.191900
 42
0.128372
  0
VERTEX
  8
0
 10
91.429064
 20
11.225092
 42
-0.136417
  0
VERTEX
  8
0
 10
91.400688
 20
11.255793
 42
-0.043687
  0
VERTEX
  8
0
 10
91.376992
 20
11.313839
 42
-0.039855
  0
VERTEX
  8
0
 10
91.360772
 20
11.386169
 42
-0.035248
  0
VERTEX
  8
0
 10
91.355333
 20
11.463219
 42
0.028513
  0
VERTEX
  8
0
 10
91.350873
 20
11.541375
 42
0.030205
  0
VERTEX
  8
0
 10
91.337548
 20
11.616999
 42
0.031679
  0
VERTEX
  8
0
 10
91.318135
 20
11.680172
 42
0.106379
  0
VERTEX
  8
0
 10
91.294787
 20
11.716324
 42
-0.117731
  0
VERTEX
  8
0
 10
91.241345
 20
11.803292
 42
-0.007199
  0
VERTEX
  8
0
 10
91.150030
 20
12.096168
 42
-0.009485
  0
VERTEX
  8
0
 10
91.045387
 20
12.475944
 42
-0.004914
  0
VERTEX
  8
0
 10
90.928362
 20
12.954000
 42
0.001354
  0
VERTEX
  8
0
 10
90.887910
 20
13.124497
 42
0.000864
  0
VERTEX
  8
0
 10
90.839988
 20
13.322565
 42
0.000867
  0
VERTEX
  8
0
 10
90.792328
 20
13.516607
 42
0.001616
  0
VERTEX
  8
0
 10
90.752923
 20
13.673667
 42
-0.025671
  0
VERTEX
  8
0
 10
90.563961
 20
14.616909
 42
-0.009131
  0
VERTEX
  8
0
 10
90.388247
 20
15.980859
 42
-0.009316
  0
VERTEX
  8
0
 10
90.259598
 20
17.387155
 42
-0.018779
  0
VERTEX
  8
0
 10
90.220600
 20
18.499667
 42
-0.013733
  0
VERTEX
  8
0
 10
90.244843
 20
19.308091
 42
-0.007469
  0
VERTEX
  8
0
 10
90.316698
 20
20.299107
 42
-0.007285
  0
VERTEX
  8
0
 10
90.423156
 20
21.340370
 42
-0.008924
  0
VERTEX
  8
0
 10
90.554124
 20
22.309667
 42
0.000048
  0
VERTEX
  8
0
 10
90.607369
 20
22.657137
 42
0.000049
  0
VERTEX
  8
0
 10
90.660001
 20
23.001047
 42
0.000047
  0
VERTEX
  8
0
 10
90.705554
 20
23.299087
 42
0.000211
  0
VERTEX
  8
0
 10
90.732251
 20
23.474364
 42
-0.019491
  0
VERTEX
  8
0
 10
90.756291
 20
23.599564
 42
-0.024759
  0
VERTEX
  8
0
 10
90.788608
 20
23.712721
 42
-0.024055
  0
VERTEX
  8
0
 10
90.824009
 20
23.802445
 42
-0.149428
  0
VERTEX
  8
0
 10
90.856277
 20
23.839194
 42
0.123338
  0
VERTEX
  8
0
 10
90.885363
 20
23.869082
 42
0.047470
  0
VERTEX
  8
0
 10
90.909756
 20
23.922065
 42
0.043313
  0
VERTEX
  8
0
 10
90.926401
 20
23.987239
 42
0.040890
  0
VERTEX
  8
0
 10
90.932000
 20
24.055588
 42
-0.059717
  0
VERTEX
  8
0
 10
90.953027
 20
24.231014
 42
-0.007985
  0
VERTEX
  8
0
 10
91.046975
 20
24.592075
 42
-0.010000
  0
VERTEX
  8
0
 10
91.160177
 20
24.970699
 42
-0.018413
  0
VERTEX
  8
0
 10
91.269616
 20
25.273000
 42
-0.001789
  0
VERTEX
  8
0
 10
91.427254
 20
25.658976
 42
-0.004466
  0
VERTEX
  8
0
 10
91.545947
 20
25.939516
 42
-0.005812
  0
VERTEX
  8
0
 10
91.637905
 20
26.144992
 42
-0.018391
  0
VERTEX
  8
0
 10
91.706063
 20
26.279433
 42
-0.000593
  0
VERTEX
  8
0
 10
91.751566
 20
26.361324
 42
-0.000193
  0
VERTEX
  8
0
 10
91.818939
 20
26.482126
 42
-0.000193
  0
VERTEX
  8
0
 10
91.893887
 20
26.616268
 42
-0.000217
  0
VERTEX
  8
0
 10
91.966007
 20
26.745100
 42
-0.029796
  0
VERTEX
  8
0
 10
92.178877
 20
27.076954
 42
-0.008624
  0
VERTEX
  8
0
 10
92.545961
 20
27.562680
 42
-0.002908
  0
VERTEX
  8
0
 10
92.945184
 20
28.066346
 42
-0.225662
  0
VERTEX
  8
0
 10
93.034790
 20
28.109725
 42
0.152218
  0
VERTEX
  8
0
 10
93.068249
 20
28.120409
 42
0.010535
  0
VERTEX
  8
0
 10
93.149101
 20
28.179642
 42
0.014221
  0
VERTEX
  8
0
 10
93.243608
 20
28.256345
 42
0.010180
  0
VERTEX
  8
0
 10
93.345000
 20
28.347188
 42
-0.018753
  0
VERTEX
  8
0
 10
93.463712
 20
28.449937
 42
-0.011331
  0
VERTEX
  8
0
 10
93.611435
 20
28.563002
 42
-0.011344
  0
VERTEX
  8
0
 10
93.763468
 20
28.668792
 42
-0.019491
  0
VERTEX
  8
0
 10
93.895333
 20
28.748963
 42
0.005029
  0
VERTEX
  8
0
 10
94.011916
 20
28.815304
 42
0.006578
  0
VERTEX
  8
0
 10
94.117054
 20
28.878407
 42
0.004972
  0
VERTEX
  8
0
 10
94.203662
 20
28.933148
 42
0.059733
  0
VERTEX
  8
0
 10
94.234000
 20
28.958337
 42
-0.098350
  0
VERTEX
  8
0
 10
94.290639
 20
28.998447
 42
-0.003344
  0
VERTEX
  8
0
 10
94.541632
 20
29.108560
 42
-0.005866
  0
VERTEX
  8
0
 10
94.853206
 20
29.238460
 42
-0.003339
  0
VERTEX
  8
0
 10
95.232817
 20
29.388585
 42
-0.078152
  0
VERTEX
  8
0
 10
95.513052
 20
29.449467
 42
-0.016173
  0
VERTEX
  8
0
 10
96.019043
 20
29.462423
 42
-0.008811
  0
VERTEX
  8
0
 10
96.537100
 20
29.449798
 42
-0.401969
  0
VERTEX
  8
0
 10
96.604667
 20
29.379333
 42
0.151877
  0
VERTEX
  8
0
 10
96.614706
 20
29.347044
 42
0.098297
  0
VERTEX
  8
0
 10
96.642964
 20
29.319537
 42
0.081157
  0
VERTEX
  8
0
 10
96.685192
 20
29.300982
 42
0.063096
  0
VERTEX
  8
0
 10
96.735040
 20
29.294667
 42
-0.115738
  0
VERTEX
  8
0
 10
96.988713
 20
29.235150
 42
-0.039617
  0
VERTEX
  8
0
 10
97.314764
 20
29.039665
 42
-0.033930
  0
VERTEX
  8
0
 10
97.678344
 20
28.741348
 42
-0.022608
  0
VERTEX
  8
0
 10
98.053865
 20
28.354572
 42
0.003807
  0
VERTEX
  8
0
 10
98.532444
 20
27.823058
 42
0.026351
  0
VERTEX
  8
0
 10
98.782258
 20
27.577182
 42
0.045473
  0
VERTEX
  8
0
 10
98.997623
 20
27.418873
 42
0.025904
  0
VERTEX
  8
0
 10
99.282767
 20
27.266339
 42
0.069928
  0
VERTEX
  8
0
 10
99.780937
 20
27.112358
 42
0.060375
  0
VERTEX
  8
0
 10
100.328503
 20
27.090692
 42
0.052519
  0
VERTEX
  8
0
 10
100.932631
 20
27.204372
 42
0.033891
  0
VERTEX
  8
0
 10
101.600000
 20
27.454578
 42
0.073548
  0
VERTEX
  8
0
 10
101.931786
 20
27.668784
 42
0.055507
  0
VERTEX
  8
0
 10
102.224661
 20
27.989678
 42
0.049593
  0
VERTEX
  8
0
 10
102.468036
 20
28.405268
 42
0.037513
  0
VERTEX
  8
0
 10
102.652256
 20
28.901182
 42
0.015130
  0
VERTEX
  8
0
 10
102.730199
 20
29.205887
 42
0.054121
  0
VERTEX
  8
0
 10
102.752647
 20
29.405412
 42
0.050472
  0
VERTEX
  8
0
 10
102.732549
 20
29.612047
 42
0.011977
  0
VERTEX
  8
0
 10
102.656347
 20
29.950006
 42
0.025040
  0
VERTEX
  8
0
 10
102.581276
 20
30.196358
 42
0.015104
  0
VERTEX
  8
0
 10
102.469133
 20
30.480364
 42
0.015114
  0
VERTEX
  8
0
 10
102.340309
 20
30.756506
 42
0.025498
  0
VERTEX
  8
0
 10
102.213883
 20
30.978491
 42
0.041028
  0
VERTEX
  8
0
 10
101.840039
 20
31.469537
 42
0.014798
  0
VERTEX
  8
0
 10
101.233543
 20
32.104705
 42
0.013781
  0
VERTEX
  8
0
 10
100.604911
 20
32.691903
 42
0.061433
  0
VERTEX
  8
0
 10
100.189343
 20
32.976856
 42
-0.005737
  0
VERTEX
  8
0
 10
100.061775
 20
33.044871
 42
-0.007604
  0
VERTEX
  8
0
 10
99.947370
 20
33.109845
 42
-0.005640
  0
VERTEX
  8
0
 10
99.853368
 20
33.166575
 42
-0.072415
  0
VERTEX
  8
0
 10
99.822000
 20
33.192934
 42
0.097426
  0
VERTEX
  8
0
 10
99.764761
 20
33.236375
 42
0.004423
  0
VERTEX
  8
0
 10
99.541505
 20
33.343149
 42
0.006616
  0
VERTEX
  8
0
 10
99.254470
 20
33.472719
 42
0.003373
  0
VERTEX
  8
0
 10
98.890667
 20
33.628271
 42
-0.004405
  0
VERTEX
  8
0
 10
98.798875
 20
33.667743
 42
-0.003255
  0
VERTEX
  8
0
 10
98.697991
 20
33.712968
 42
-0.003289
  0
VERTEX
  8
0
 10
98.603223
 20
33.756950
 42
-0.007372
  0
VERTEX
  8
0
 10
98.531982
 20
33.791878
 42
0.034987
  0
VERTEX
  8
0
 10
98.464315
 20
33.820538
 42
0.022254
  0
VERTEX
  8
0
 10
98.382217
 20
33.844698
 42
0.022338
  0
VERTEX
  8
0
 10
98.299129
 20
33.861283
 42
0.038107
  0
VERTEX
  8
0
 10
98.228593
 20
33.866667
 42
-0.036196
  0
VERTEX
  8
0
 10
98.164077
 20
33.871343
 42
-0.034038
  0
VERTEX
  8
0
 10
98.099536
 20
33.885287
 42
-0.035880
  0
VERTEX
  8
0
 10
98.044081
 20
33.905690
 42
-0.090526
  0
VERTEX
  8
0
 10
98.008835
 20
33.930054
 42
0.153939
  0
VERTEX
  8
0
 10
97.842692
 20
34.016533
 42
0.009299
  0
VERTEX
  8
0
 10
97.280576
 20
34.104850
 42
0.014590
  0
VERTEX
  8
0
 10
96.655351
 20
34.172679
 42
0.017501
  0
VERTEX
  8
0
 10
96.064095
 20
34.198645
 42
0.017683
  0
VERTEX
  8
0
 10
95.504624
 20
34.183832
 42
0.014366
  0
VERTEX
  8
0
 10
94.907189
 20
34.129579
 42
0.014196
  0
VERTEX
  8
0
 10
94.368649
 20
34.049463
 42
0.046595
  0
VERTEX
  8
0
 10
94.022333
 20
33.953917
 42
-0.007928
  0
VERTEX
  8
0
 10
93.919047
 20
33.916628
 42
-0.001030
  0
VERTEX
  8
0
 10
93.697242
 20
33.841014
 42
-0.001200
  0
VERTEX
  8
0
 10
93.433690
 20
33.752478
 42
-0.001002
  0
VERTEX
  8
0
 10
93.153427
 20
33.659699
 42
0.031654
  0
VERTEX
  8
0
 10
92.149578
 20
33.257624
 42
0.029099
  0
VERTEX
  8
0
 10
91.174791
 20
32.722010
 42
0.028672
  0
VERTEX
  8
0
 10
90.254610
 20
32.067936
 42
0.028546
  0
VERTEX
  8
0
 10
89.413876
 20
31.311982
 42
0.018159
  0
VERTEX
  8
0
 10
88.908435
 20
30.764021
 42
0.013518
  0
VERTEX
  8
0
 10
88.389931
 20
30.125068
 42
0.013740
  0
VERTEX
  8
0
 10
87.926969
 20
29.486349
 42
0.026025
  0
VERTEX
  8
0
 10
87.596106
 20
28.943878
 42
0.002691
  0
VERTEX
  8
0
 10
87.358440
 20
28.498579
 42
0.005363
  0
VERTEX
  8
0
 10
87.176021
 20
28.143123
 42
0.006695
  0
VERTEX
  8
0
 10
87.034534
 20
27.850249
 42
0.011401
  0
VERTEX
  8
0
 10
86.925208
 20
27.601333
 42
-0.003048
  0
VERTEX
  8
0
 10
86.865261
 20
27.458408
 42
-0.001327
  0
VERTEX
  8
0
 10
86.783968
 20
27.269245
 42
-0.001313
  0
VERTEX
  8
0
 10
86.696518
 20
27.068681
 42
-0.001749
  0
VERTEX
  8
0
 10
86.615951
 20
26.886947
 42
0.013763
  0
VERTEX
  8
0
 10
86.540959
 20
26.706190
 42
0.011187
  0
VERTEX
  8
0
 10
86.470355
 20
26.508713
 42
0.011348
  0
VERTEX
  8
0
 10
86.413482
 20
26.323747
 42
0.028690
  0
VERTEX
  8
0
 10
86.383021
 20
26.186392
 42
-0.020965
  0
VERTEX
  8
0
 10
86.360098
 20
26.074913
 42
-0.025955
  0
VERTEX
  8
0
 10
86.329125
 20
25.973574
 42
-0.025803
  0
VERTEX
  8
0
 10
86.295114
 20
25.893157
 42
-0.142328
  0
VERTEX
  8
0
 10
86.263922
 20
25.858614
 42
0.124065
  0
VERTEX
  8
0
 10
86.235781
 20
25.829614
 42
0.047278
  0
VERTEX
  8
0
 10
86.212185
 20
25.778028
 42
0.043124
  0
VERTEX
  8
0
 10
86.196082
 20
25.714518
 42
0.040553
  0
VERTEX
  8
0
 10
86.190667
 20
25.647854
 42
-0.039339
  0
VERTEX
  8
0
 10
86.184831
 20
25.573804
 42
-0.023924
  0
VERTEX
  8
0
 10
86.166938
 20
25.487794
 42
-0.023900
  0
VERTEX
  8
0
 10
86.140846
 20
25.403669
 42
-0.038491
  0
VERTEX
  8
0
 10
86.109887
 20
25.335351
 42
0.051102
  0
VERTEX
  8
0
 10
86.072997
 20
25.248173
 42
0.009721
  0
VERTEX
  8
0
 10
86.025523
 20
25.082295
 42
0.010282
  0
VERTEX
  8
0
 10
85.977649
 20
24.885601
 42
0.009287
  0
VERTEX
  8
0
 10
85.936123
 20
24.680333
 42
-0.000943
  0
VERTEX
  8
0
 10
85.894436
 20
24.454991
 42
-0.000631
  0
VERTEX
  8
0
 10
85.845907
 20
24.197204
 42
-0.000635
  0
VERTEX
  8
0
 10
85.798235
 20
23.947443
 42
-0.001249
  0
VERTEX
  8
0
 10
85.759582
 20
23.749000
 42
0.004668
  0
VERTEX
  8
0
 10
85.627804
 20
23.046901
 42
0.010624
  0
VERTEX
  8
0
 10
85.544540
 20
22.513841
 42
0.010522
  0
VERTEX
  8
0
 10
85.483535
 20
21.974632
 42
0.004494
  0
VERTEX
  8
0
 10
85.423636
 20
21.251333
 42
-0.002570
  0
VERTEX
  8
0
 10
85.384585
 20
20.756647
 42
-0.001954
  0
VERTEX
  8
0
 10
85.336891
 20
20.214984
 42
-0.001976
  0
VERTEX
  8
0
 10
85.288173
 20
19.707385
 42
-0.004627
  0
VERTEX
  8
0
 10
85.246741
 20
19.328399
 42
0.013877
  0
VERTEX
  8
0
 10
85.215345
 20
18.982009
 42
0.009780
  0
VERTEX
  8
0
 10
85.198503
 20
18.591305
 42
0.009887
  0
VERTEX
  8
0
 10
85.197093
 20
18.214753
 42
0.019354
  0
VERTEX
  8
0
 10
85.213498
 20
17.915309
 42
-0.012533
  0
VERTEX
  8
0
 10
85.240082
 20
17.527095
 42
-0.053160
  0
VERTEX
  8
0
 10
85.225461
 20
17.295001
 42
-0.055036
  0
VERTEX
  8
0
 10
85.162430
 20
17.075054
 42
-0.014060
  0
VERTEX
  8
0
 10
85.012081
 20
16.735806
 42
0.003469
  0
VERTEX
  8
0
 10
84.912164
 20
16.522655
 42
0.005160
  0
VERTEX
  8
0
 10
84.827928
 20
16.334579
 42
0.002388
  0
VERTEX
  8
0
 10
84.758766
 20
16.173692
 42
0.100643
  0
VERTEX
  8
0
 10
84.751333
 20
16.137139
 42
-0.088329
  0
VERTEX
  8
0
 10
84.745168
 20
16.102511
 42
-0.004457
  0
VERTEX
  8
0
 10
84.704448
 20
15.994760
 42
-0.007030
  0
VERTEX
  8
0
 10
84.652868
 20
15.867211
 42
-0.005024
  0
VERTEX
  8
0
 10
84.591724
 20
15.725911
 42
0.004312
  0
VERTEX
  8
0
 10
84.514157
 20
15.547355
 42
0.001663
  0
VERTEX
  8
0
 10
84.409497
 20
15.298334
 42
0.001646
  0
VERTEX
  8
0
 10
84.297789
 20
15.027539
 42
0.002031
  0
VERTEX
  8
0
 10
84.195509
 20
14.774333
 42
-0.005024
  0
VERTEX
  8
0
 10
84.099820
 20
14.541467
 42
-0.006706
  0
VERTEX
  8
0
 10
84.008005
 20
14.332135
 42
-0.004846
  0
VERTEX
  8
0
 10
83.927282
 20
14.159076
 42
-0.066630
  0
VERTEX
  8
0
 10
83.889452
 20
14.101233
 42
0.054792
  0
VERTEX
  8
0
 10
83.862847
 20
14.062577
 42
0.034954
  0
VERTEX
  8
0
 10
83.840401
 20
14.012775
 42
0.034900
  0
VERTEX
  8
0
 10
83.825063
 20
13.960184
 42
0.053553
  0
VERTEX
  8
0
 10
83.820000
 20
13.913048
 42
-0.080753
  0
VERTEX
  8
0
 10
83.809238
 20
13.846844
 42
-0.007861
  0
VERTEX
  8
0
 10
83.755249
 20
13.693261
 42
-0.009803
  0
VERTEX
  8
0
 10
83.683987
 20
13.511346
 42
-0.007605
  0
VERTEX
  8
0
 10
83.599572
 20
13.316148
 42
0.001130
  0
VERTEX
  8
0
 10
83.510127
 20
13.116460
 42
0.001211
  0
VERTEX
  8
0
 10
83.423649
 20
12.920945
 42
0.001146
  0
VERTEX
  8
0
 10
83.350143
 20
12.752619
 42
0.005725
  0
VERTEX
  8
0
 10
83.310223
 20
12.657667
 42
-0.005459
  0
VERTEX
  8
0
 10
83.270017
 20
12.561893
 42
-0.001043
  0
VERTEX
  8
0
 10
83.194712
 20
12.388850
 42
-0.001112
  0
VERTEX
  8
0
 10
83.105939
 20
12.187239
 42
-0.001023
  0
VERTEX
  8
0
 10
83.013778
 20
11.980333
 42
0.000845
  0
VERTEX
  8
0
 10
82.921528
 20
11.773428
 42
0.000918
  0
VERTEX
  8
0
 10
82.832489
 20
11.571817
 42
0.000861
  0
VERTEX
  8
0
 10
82.756811
 20
11.398794
 42
0.004492
  0
VERTEX
  8
0
 10
82.716127
 20
11.303000
 42
-0.007218
  0
VERTEX
  8
0
 10
82.647070
 20
11.142829
 42
-0.001077
  0
VERTEX
  8
0
 10
82.502772
 20
10.822852
 42
-0.000795
  0
VERTEX
  8
0
 10
82.281043
 20
10.336045
 42
-0.000188
  0
VERTEX
  8
0
 10
81.909704
 20
9.525000
 42
-0.006459
  0
VERTEX
  8
0
 10
81.846752
 20
9.392199
 42
-0.008617
  0
VERTEX
  8
0
 10
81.785976
 20
9.273381
 42
-0.006375
  0
VERTEX
  8
0
 10
81.732382
 20
9.175926
 42
-0.083389
  0
VERTEX
  8
0
 10
81.706462
 20
9.144000
 42
0.083011
  0
VERTEX
  8
0
 10
81.680197
 20
9.111698
 42
0.005752
  0
VERTEX
  8
0
 10
81.623178
 20
9.008686
 42
0.008055
  0
VERTEX
  8
0
 10
81.558254
 20
8.883345
 42
0.005966
  0
VERTEX
  8
0
 10
81.490384
 20
8.742805
 42
-0.013463
  0
VERTEX
  8
0
 10
81.421385
 20
8.605231
 42
-0.019998
  0
VERTEX
  8
0
 10
81.353045
 20
8.489073
 42
-0.015735
  0
VERTEX
  8
0
 10
81.291565
 20
8.399833
 42
-0.234349
  0
VERTEX
  8
0
 10
81.258833
 20
8.382971
 42
0.143435
  0
VERTEX
  8
0
 10
81.234614
 20
8.375474
 42
0.097731
  0
VERTEX
  8
0
 10
81.213986
 20
8.355068
 42
0.082652
  0
VERTEX
  8
0
 10
81.200084
 20
8.324835
 42
0.066624
  0
VERTEX
  8
0
 10
81.195333
 20
8.289344
 42
-0.158840
  0
VERTEX
  8
0
 10
81.131323
 20
8.092934
 42
-0.005456
  0
VERTEX
  8
0
 10
80.641885
 20
7.436949
 42
-0.011017
  0
VERTEX
  8
0
 10
80.135739
 20
6.803244
 42
-0.029347
  0
VERTEX
  8
0
 10
79.739385
 20
6.381747
 42
-0.038835
  0
VERTEX
  8
0
 10
79.146373
 20
5.902374
 42
-0.092001
  0
VERTEX
  8
0
 10
78.629650
 20
5.672421
 42
-0.113012
  0
VERTEX
  8
0
 10
78.133766
 20
5.667386
 42
-0.078957
  0
VERTEX
  8
0
 10
77.610990
 20
5.871658
 42
-0.050914
  0
VERTEX
  8
0
 10
77.271177
 20
6.120375
 42
-0.022618
  0
VERTEX
  8
0
 10
76.875448
 20
6.510916
 42
-0.022625
  0
VERTEX
  8
0
 10
76.506424
 20
6.947683
 42
-0.038855
  0
VERTEX
  8
0
 10
76.245951
 20
7.346456
 42
0.005838
  0
VERTEX
  8
0
 10
76.176125
 20
7.470524
 42
0.007676
  0
VERTEX
  8
0
 10
76.109370
 20
7.581980
 42
0.005798
  0
VERTEX
  8
0
 10
76.051175
 20
7.673456
 42
0.070487
  0
VERTEX
  8
0
 10
76.023860
 20
7.704667
 42
-0.101466
  0
VERTEX
  8
0
 10
75.966927
 20
7.778415
 42
-0.000700
  0
VERTEX
  8
0
 10
75.615606
 20
8.498720
 42
-0.003086
  0
VERTEX
  8
0
 10
75.290089
 20
9.179149
 42
-0.008069
  0
VERTEX
  8
0
 10
75.067155
 20
9.673167
 42
0.000555
  0
VERTEX
  8
0
 10
75.005416
 20
9.815650
 42
0.000350
  0
VERTEX
  8
0
 10
74.932983
 20
9.981990
 42
0.000351
  0
VERTEX
  8
0
 10
74.861500
 20
10.145521
 42
0.000644
  0
VERTEX
  8
0
 10
74.803000
 20
10.278629
 42
-0.010992
  0
VERTEX
  8
0
 10
74.754379
 20
10.395783
 42
-0.012639
  0
VERTEX
  8
0
 10
74.713306
 20
10.509670
 42
-0.011783
  0
VERTEX
  8
0
 10
74.683339
 20
10.607484
 42
-0.068536
  0
VERTEX
  8
0
 10
74.676000
 20
10.660778
 42
0.059085
  0
VERTEX
  8
0
 10
74.670366
 20
10.708287
 42
0.019023
  0
VERTEX
  8
0
 10
74.651129
 20
10.776701
 42
0.018676
  0
VERTEX
  8
0
 10
74.623742
 20
10.851847
 42
0.019886
  0
VERTEX
  8
0
 10
74.591333
 20
10.923149
 42
0.000000
  0
VERTEX
  8
0
 10
74.552791
 20
10.999711
 42
-0.000000
  0
VERTEX
  8
0
 10
74.506667
 20
11.091333
 42
0.000000
  0
VERTEX
  8
0
 10
74.460543
 20
11.182955
 42
-0.000000
  0
VERTEX
  8
0
 10
74.422000
 20
11.259518
 42
-0.032597
  0
VERTEX
  8
0
 10
74.389563
 20
11.335981
 42
-0.021888
  0
VERTEX
  8
0
 10
74.362204
 20
11.426909
 42
-0.022081
  0
VERTEX
  8
0
 10
74.343394
 20
11.517674
 42
-0.040068
  0
VERTEX
  8
0
 10
74.337333
 20
11.593188
 42
0.044006
  0
VERTEX
  8
0
 10
74.331429
 20
11.660148
 42
0.044957
  0
VERTEX
  8
0
 10
74.313899
 20
11.724545
 42
0.049063
  0
VERTEX
  8
0
 10
74.288175
 20
11.777303
 42
0.116905
  0
VERTEX
  8
0
 10
74.257559
 20
11.807977
 42
-0.157471
  0
VERTEX
  8
0
 10
74.223280
 20
11.848276
 42
-0.021027
  0
VERTEX
  8
0
 10
74.184475
 20
11.954442
 42
-0.022633
  0
VERTEX
  8
0
 10
74.148447
 20
12.088198
 42
-0.017254
  0
VERTEX
  8
0
 10
74.120789
 20
12.237348
 42
0.016214
  0
VERTEX
  8
0
 10
74.093491
 20
12.386284
 42
0.021580
  0
VERTEX
  8
0
 10
74.058535
 20
12.519368
 42
0.019535
  0
VERTEX
  8
0
 10
74.021232
 20
12.625134
 42
0.161144
  0
VERTEX
  8
0
 10
73.988897
 20
12.663705
 42
-0.141591
  0
VERTEX
  8
0
 10
73.960046
 20
12.695563
 42
-0.042017
  0
VERTEX
  8
0
 10
73.936001
 20
12.757443
 42
-0.038458
  0
VERTEX
  8
0
 10
73.919519
 20
12.834867
 42
-0.033231
  0
VERTEX
  8
0
 10
73.914000
 20
12.917812
 42
0.029980
  0
VERTEX
  8
0
 10
73.908579
 20
13.008136
 42
0.021617
  0
VERTEX
  8
0
 10
73.892182
 20
13.107771
 42
0.021946
  0
VERTEX
  8
0
 10
73.868234
 20
13.201474
 42
0.043450
  0
VERTEX
  8
0
 10
73.839727
 20
13.272649
 42
-0.032854
  0
VERTEX
  8
0
 10
73.745076
 20
13.495206
 42
-0.016597
  0
VERTEX
  8
0
 10
73.654013
 20
13.786244
 42
-0.015935
  0
VERTEX
  8
0
 10
73.576297
 20
14.106345
 42
-0.017526
  0
VERTEX
  8
0
 10
73.521912
 20
14.420785
 42
0.015171
  0
VERTEX
  8
0
 10
73.495572
 20
14.577464
 42
0.020584
  0
VERTEX
  8
0
 10
73.461745
 20
14.716866
 42
0.018030
  0
VERTEX
  8
0
 10
73.425546
 20
14.827852
 42
0.168027
  0
VERTEX
  8
0
 10
73.394175
 20
14.866308
 42
-0.159550
  0
VERTEX
  8
0
 10
73.366009
 20
14.899695
 42
-0.035618
  0
VERTEX
  8
0
 10
73.342731
 20
14.971585
 42
-0.033534
  0
VERTEX
  8
0
 10
73.326681
 20
15.062410
 42
-0.026971
  0
VERTEX
  8
0
 10
73.321333
 20
15.161479
 42
0.025661
  0
VERTEX
  8
0
 10
73.315861
 20
15.268032
 42
0.020782
  0
VERTEX
  8
0
 10
73.299411
 20
15.381335
 42
0.021258
  0
VERTEX
  8
0
 10
73.275390
 20
15.484741
 42
0.049784
  0
VERTEX
  8
0
 10
73.246703
 20
15.558649
 42
-0.051132
  0
VERTEX
  8
0
 10
73.211073
 20
15.651183
 42
-0.006698
  0
VERTEX
  8
0
 10
73.158438
 20
15.855625
 42
-0.007730
  0
VERTEX
  8
0
 10
73.102840
 20
16.100656
 42
-0.006401
  0
VERTEX
  8
0
 10
73.051026
 20
16.363181
 42
-0.005745
  0
VERTEX
  8
0
 10
72.983825
 20
16.753328
 42
-0.045481
  0
VERTEX
  8
0
 10
72.971350
 20
16.936030
 42
-0.103787
  0
VERTEX
  8
0
 10
72.998105
 20
17.050531
 42
-0.100043
  0
VERTEX
  8
0
 10
73.068822
 20
17.146348
 42
-0.032127
  0
VERTEX
  8
0
 10
73.129353
 20
17.194435
 42
-0.030846
  0
VERTEX
  8
0
 10
73.196349
 20
17.235090
 42
-0.032348
  0
VERTEX
  8
0
 10
73.259861
 20
17.263382
 42
-0.088835
  0
VERTEX
  8
0
 10
73.307982
 20
17.272000
 42
0.054543
  0
VERTEX
  8
0
 10
73.356683
 20
17.277328
 42
0.021423
  0
VERTEX
  8
0
 10
73.422016
 20
17.294764
 42
0.020901
  0
VERTEX
  8
0
 10
73.491668
 20
17.319829
 42
0.024474
  0
VERTEX
  8
0
 10
73.555316
 20
17.349495
 42
-0.007681
  0
VERTEX
  8
0
 10
73.647235
 20
17.396157
 42
-0.000860
  0
VERTEX
  8
0
 10
73.858113
 20
17.498715
 42
-0.001045
  0
VERTEX
  8
0
 10
74.109545
 20
17.619813
 42
-0.000848
  0
VERTEX
  8
0
 10
74.379667
 20
17.748656
 42
0.009068
  0
VERTEX
  8
0
 10
74.827719
 20
17.971482
 42
0.009367
  0
VERTEX
  8
0
 10
75.262520
 20
18.208096
 42
0.007485
  0
VERTEX
  8
0
 10
75.631541
 20
18.425341
 42
0.067548
  0
VERTEX
  8
0
 10
75.776667
 20
18.543163
 42
-0.046286
  0
VERTEX
  8
0
 10
75.805332
 20
18.568525
 42
-0.005071
  0
VERTEX
  8
0
 10
75.876868
 20
18.619775
 42
-0.006166
  0
VERTEX
  8
0
 10
75.963587
 20
18.679000
 42
-0.004945
  0
VERTEX
  8
0
 10
76.058329
 20
18.740664
 42
0.008580
  0
VERTEX
  8
0
 10
76.166338
 20
18.812084
 42
0.004964
  0
VERTEX
  8
0
 10
76.293842
 20
18.901452
 42
0.004960
  0
VERTEX
  8
0
 10
76.420010
 20
18.993671
 42
0.008303
  0
VERTEX
  8
0
 10
76.523996
 20
19.073992
 42
0.026249
  0
VERTEX
  8
0
 10
76.879840
 20
19.390395
 42
0.002818
  0
VERTEX
  8
0
 10
77.660708
 20
20.170510
 42
0.002620
  0
VERTEX
  8
0
 10
78.436676
 20
20.962778
 42
0.030018
  0
VERTEX
  8
0
 10
78.721140
 20
21.293900
 42
0.002057
  0
VERTEX
  8
0
 10
79.155625
 20
21.870666
 42
0.004860
  0
VERTEX
  8
0
 10
79.473456
 20
22.304950
 42
0.006040
  0
VERTEX
  8
0
 10
79.737062
 20
22.682126
 42
0.005754
  0
VERTEX
  8
0
 10
79.995853
 20
23.071667
 42
-0.005624
  0
VERTEX
  8
0
 10
80.147995
 20
23.300805
 42
-0.008250
  0
VERTEX
  8
0
 10
80.287333
 20
23.498528
 42
-0.004510
  0
VERTEX
  8
0
 10
80.408558
 20
23.661548
 42
-0.134435
  0
VERTEX
  8
0
 10
80.448917
 20
23.692556
 42
0.088298
  0
VERTEX
  8
0
 10
80.475330
 20
23.709262
 42
0.064984
  0
VERTEX
  8
0
 10
80.497707
 20
23.735780
 42
0.063966
  0
VERTEX
  8
0
 10
80.512841
 20
23.767649
 42
0.079062
  0
VERTEX
  8
0
 10
80.518000
 20
23.800071
 42
-0.110719
  0
VERTEX
  8
0
 10
80.528803
 20
23.848258
 42
-0.009669
  0
VERTEX
  8
0
 10
80.584858
 20
23.961279
 42
-0.012320
  0
VERTEX
  8
0
 10
80.658430
 20
24.094558
 42
-0.009269
  0
VERTEX
  8
0
 10
80.745600
 20
24.237516
 42
0.008206
  0
VERTEX
  8
0
 10
80.851658
 20
24.410621
 42
0.003759
  0
VERTEX
  8
0
 10
80.984570
 20
24.639685
 42
0.003722
  0
VERTEX
  8
0
 10
81.120921
 20
24.882991
 42
0.005129
  0
VERTEX
  8
0
 10
81.239506
 20
25.103667
 42
-0.000685
  0
VERTEX
  8
0
 10
81.348332
 20
25.310572
 42
-0.000737
  0
VERTEX
  8
0
 10
81.455107
 20
25.512183
 42
-0.000696
  0
VERTEX
  8
0
 10
81.547270
 20
25.685005
 42
-0.003521
  0
VERTEX
  8
0
 10
81.599507
 20
25.781000
 42
0.017221
  0
VERTEX
  8
0
 10
81.762629
 20
26.101369
 42
0.002862
  0
VERTEX
  8
0
 10
82.051473
 20
26.729862
 42
0.002806
  0
VERTEX
  8
0
 10
82.333201
 20
27.361649
 42
0.018142
  0
VERTEX
  8
0
 10
82.461836
 20
27.686000
 42
-0.004596
  0
VERTEX
  8
0
 10
82.557127
 20
27.946664
 42
-0.006034
  0
VERTEX
  8
0
 10
82.649169
 20
28.182751
 42
-0.006720
  0
VERTEX
  8
0
 10
82.734327
 20
28.385727
 42
-0.013423
  0
VERTEX
  8
0
 10
82.808086
 20
28.543410
 42
0.035738
  0
VERTEX
  8
0
 10
82.838510
 20
28.616813
 42
0.011080
  0
VERTEX
  8
0
 10
82.873771
 20
28.731076
 42
0.011017
  0
VERTEX
  8
0
 10
82.907642
 20
28.860942
 42
0.011913
  0
VERTEX
  8
0
 10
82.934806
 20
28.988845
 42
-0.019228
  0
VERTEX
  8
0
 10
82.962407
 20
29.110054
 42
-0.024117
  0
VERTEX
  8
0
 10
82.997625
 20
29.219781
 42
-0.023408
  0
VERTEX
  8
0
 10
83.035031
 20
29.306891
 42
-0.142149
  0
VERTEX
  8
0
 10
83.067598
 20
29.342932
 42
0.134880
  0
VERTEX
  8
0
 10
83.096482
 20
29.373994
 42
0.044165
  0
VERTEX
  8
0
 10
83.120615
 20
29.432263
 42
0.040267
  0
VERTEX
  8
0
 10
83.137128
 20
29.504775
 42
0.035868
  0
VERTEX
  8
0
 10
83.142667
 20
29.581886
 42
-0.029805
  0
VERTEX
  8
0
 10
83.147342
 20
29.660255
 42
-0.030946
  0
VERTEX
  8
0
 10
83.161303
 20
29.736517
 42
-0.032552
  0
VERTEX
  8
0
 10
83.181661
 20
29.800510
 42
-0.103444
  0
VERTEX
  8
0
 10
83.206110
 20
29.837887
 42
0.103471
  0
VERTEX
  8
0
 10
83.236403
 20
29.884207
 42
0.009950
  0
VERTEX
  8
0
 10
83.283207
 20
30.011210
 42
0.012325
  0
VERTEX
  8
0
 10
83.332746
 20
30.166646
 42
0.009430
  0
VERTEX
  8
0
 10
83.379478
 20
30.338832
 42
-0.000154
  0
VERTEX
  8
0
 10
83.427459
 20
30.529547
 42
-0.000113
  0
VERTEX
  8
0
 10
83.480798
 20
30.741083
 42
-0.000114
  0
VERTEX
  8
0
 10
83.531387
 20
30.941326
 42
-0.000254
  0
VERTEX
  8
0
 10
83.570035
 20
31.093833
 42
0.000171
  0
VERTEX
  8
0
 10
83.607419
 20
31.241249
 42
0.000091
  0
VERTEX
  8
0
 10
83.653603
 20
31.423769
 42
0.000090
  0
VERTEX
  8
0
 10
83.700732
 20
31.610304
 42
0.000140
  0
VERTEX
  8
0
 10
83.741295
 20
31.771167
 42
0.017171
  0
VERTEX
  8
0
 10
83.877058
 20
32.400736
 42
0.004434
  0
VERTEX
  8
0
 10
84.051965
 20
33.424670
 42
0.004700
  0
VERTEX
  8
0
 10
84.220867
 20
34.535328
 42
0.006846
  0
VERTEX
  8
0
 10
84.347125
 20
35.517667
 42
0.022326
  0
VERTEX
  8
0
 10
84.436992
 20
36.808799
 42
0.011348
  0
VERTEX
  8
0
 10
84.440493
 20
38.436858
 42
0.008011
  0
VERTEX
  8
0
 10
84.383584
 20
39.992489
 42
0.088262
  0
VERTEX
  8
0
 10
84.242743
 20
40.597667
 42
-0.024556
  0
VERTEX
  8
0
 10
84.211994
 20
40.680456
 42
-0.011020
  0
VERTEX
  8
0
 10
84.179415
 20
40.791871
 42
-0.010879
  0
VERTEX
  8
0
 10
84.150087
 20
40.911361
 42
-0.014546
  0
VERTEX
  8
0
 10
84.129020
 20
41.021000
 42
0.013453
  0
VERTEX
  8
0
 10
84.071425
 20
41.324306
 42
0.008175
  0
VERTEX
  8
0
 10
83.987878
 20
41.679672
 42
0.007604
  0
VERTEX
  8
0
 10
83.899117
 20
42.010054
 42
0.030882
  0
VERTEX
  8
0
 10
83.829814
 20
42.206333
 42
0.027574
  0
VERTEX
  8
0
 10
83.398040
 20
43.085993
 42
0.029721
  0
VERTEX
  8
0
 10
82.881654
 20
43.890119
 42
0.031521
  0
VERTEX
  8
0
 10
82.309151
 20
44.579141
 42
0.043652
  0
VERTEX
  8
0
 10
81.709337
 20
45.112942
 42
-0.002222
  0
VERTEX
  8
0
 10
81.590449
 20
45.202280
 42
-0.002968
  0
VERTEX
  8
0
 10
81.483376
 20
45.284492
 42
-0.002077
  0
VERTEX
  8
0
 10
81.394333
 20
45.354300
 42
-0.030510
  0
VERTEX
  8
0
 10
81.364667
 20
45.380852
 42
0.073876
  0
VERTEX
  8
0
 10
81.331391
 20
45.405812
 42
0.002977
  0
VERTEX
  8
0
 10
81.197979
 20
45.476995
 42
0.005168
  0
VERTEX
  8
0
 10
81.038148
 20
45.558957
 42
0.003631
  0
VERTEX
  8
0
 10
80.856667
 20
45.648025
 42
0.037971
  0
VERTEX
  8
0
 10
79.890897
 20
46.026033
 42
0.039986
  0
VERTEX
  8
0
 10
78.895555
 20
46.245730
 42
0.041619
  0
VERTEX
  8
0
 10
77.917781
 20
46.298701
 42
0.049931
  0
SEQEND
  0
POLYLINE
  8
0
 66
1
 70
1
  0
VERTEX
  8
0
 10
78.745326
 20
41.253833
 42
-0.021673
  0
VERTEX
  8
0
 10
78.924720
 20
41.032811
 42
-0.034621
  0
VERTEX
  8
0
 10
79.055760
 20
40.828034
 42
-0.041541
  0
VERTEX
  8
0
 10
79.137091
 20
40.644436
 42
-0.083688
  0
VERTEX
  8
0
 10
79.163333
 20
40.488749
 42
0.045409
  0
VERTEX
  8
0
 10
79.169221
 20
40.424057
 42
0.036914
  0
VERTEX
  8
0
 10
79.186807
 20
40.356678
 42
0.038253
  0
VERTEX
  8
0
 10
79.212595
 20
40.296618
 42
0.075165
  0
VERTEX
  8
0
 10
79.243244
 20
40.254767
 42
-0.178677
  0
VERTEX
  8
0
 10
79.372627
 20
39.971544
 42
-0.007244
  0
VERTEX
  8
0
 10
79.441708
 20
38.829271
 42
-0.013193
  0
VERTEX
  8
0
 10
79.466273
 20
37.571676
 42
-0.015071
  0
VERTEX
  8
0
 10
79.421772
 20
36.369303
 42
-0.002906
  0
VERTEX
  8
0
 10
79.378620
 20
35.778784
 42
-0.004441
  0
VERTEX
  8
0
 10
79.333673
 20
35.267222
 42
-0.001659
  0
VERTEX
  8
0
 10
79.289730
 20
34.828554
 42
-0.113082
  0
VERTEX
  8
0
 10
79.265791
 20
34.758290
 42
0.067769
  0
VERTEX
  8
0
 10
79.241457
 20
34.703541
 42
0.009766
  0
VERTEX
  8
0
 10
79.209532
 20
34.585143
 42
0.010929
  0
VERTEX
  8
0
 10
79.177389
 20
34.442737
 42
0.009149
  0
VERTEX
  8
0
 10
79.149374
 20
34.290376
 42
-0.004401
  0
VERTEX
  8
0
 10
79.119160
 20
34.116798
 42
-0.002565
  0
VERTEX
  8
0
 10
79.080019
 20
33.909110
 42
-0.002564
  0
VERTEX
  8
0
 10
79.038679
 20
33.701482
 42
-0.004335
  0
VERTEX
  8
0
 10
79.001643
 20
33.528000
 42
0.003536
  0
VERTEX
  8
0
 10
78.962498
 20
33.346063
 42
0.001649
  0
VERTEX
  8
0
 10
78.914202
 20
33.109694
 42
0.001633
  0
VERTEX
  8
0
 10
78.865150
 20
32.861328
 42
0.002284
  0
VERTEX
  8
0
 10
78.823048
 20
32.639000
 42
-0.006688
  0
VERTEX
  8
0
 10
78.781975
 20
32.432096
 42
-0.007102
  0
VERTEX
  8
0
 10
78.736141
 20
32.230483
 42
-0.006808
  0
VERTEX
  8
0
 10
78.691886
 20
32.058143
 42
-0.032191
  0
VERTEX
  8
0
 10
78.658912
 20
31.961667
 42
0.019215
  0
VERTEX
  8
0
 10
78.619728
 20
31.856050
 42
0.002281
  0
VERTEX
  8
0
 10
78.542951
 20
31.618238
 42
0.002723
  0
VERTEX
  8
0
 10
78.454475
 20
31.334505
 42
0.002231
  0
VERTEX
  8
0
 10
78.362922
 20
31.030333
 42
-0.002080
  0
VERTEX
  8
0
 10
78.217076
 20
30.545249
 42
-0.009029
  0
VERTEX
  8
0
 10
78.124215
 20
30.259573
 42
-0.012066
  0
VERTEX
  8
0
 10
78.034473
 20
30.018574
 42
-0.006032
  0
VERTEX
  8
0
 10
77.909983
 20
29.718000
 42
0.010267
  0
VERTEX
  8
0
 10
77.871014
 20
29.621610
 42
0.006264
  0
VERTEX
  8
0
 10
77.828786
 20
29.506333
 42
0.006277
  0
VERTEX
  8
0
 10
77.789789
 20
29.390999
 42
0.011061
  0
VERTEX
  8
0
 10
77.760898
 20
29.294667
 42
-0.025911
  0
VERTEX
  8
0
 10
77.721221
 20
29.175365
 42
-0.004692
  0
VERTEX
  8
0
 10
77.634092
 20
28.958646
 42
-0.005044
  0
VERTEX
  8
0
 10
77.527028
 20
28.706633
 42
-0.004551
  0
VERTEX
  8
0
 10
77.411243
 20
28.448000
 42
-0.000601
  0
VERTEX
  8
0
 10
77.132422
 20
27.842011
 42
-0.004926
  0
VERTEX
  8
0
 10
77.002136
 20
27.566898
 42
-0.008027
  0
VERTEX
  8
0
 10
76.921622
 20
27.407682
 42
-0.078208
  0
VERTEX
  8
0
 10
76.876658
 20
27.347333
 42
0.067336
  0
VERTEX
  8
0
 10
76.852291
 20
27.316065
 42
0.004622
  0
VERTEX
  8
0
 10
76.796589
 20
27.218385
 42
0.006530
  0
VERTEX
  8
0
 10
76.732560
 20
27.100046
 42
0.004856
  0
VERTEX
  8
0
 10
76.664856
 20
26.967806
 42
-0.025941
  0
VERTEX
  8
0
 10
76.173279
 20
26.099897
 42
-0.016214
  0
VERTEX
  8
0
 10
75.513932
 20
25.135380
 42
-0.016155
  0
VERTEX
  8
0
 10
74.787715
 20
24.208053
 42
-0.024244
  0
VERTEX
  8
0
 10
74.090803
 20
23.452667
 42
-0.010929
  0
VERTEX
  8
0
 10
73.560175
 20
22.953054
 42
-0.013455
  0
VERTEX
  8
0
 10
73.043016
 20
22.511646
 42
-0.008851
  0
VERTEX
  8
0
 10
72.587299
 20
22.156553
 42
-0.161100
  0
VERTEX
  8
0
 10
72.415003
 20
22.098542
 42
-0.372578
  0
VERTEX
  8
0
 10
72.292385
 20
22.203505
 42
-0.026706
  0
VERTEX
  8
0
 10
72.245905
 20
22.685526
 42
-0.018146
  0
VERTEX
  8
0
 10
72.240725
 20
23.489609
 42
-0.003600
  0
VERTEX
  8
0
 10
72.294031
 20
24.927915
 42
-0.004336
  0
VERTEX
  8
0
 10
72.376059
 20
26.476644
 42
-0.005339
  0
VERTEX
  8
0
 10
72.480519
 20
27.919640
 42
-0.005827
  0
VERTEX
  8
0
 10
72.598995
 20
29.168316
 42
-0.013592
  0
VERTEX
  8
0
 10
72.723923
 20
30.099000
 42
-0.000052
  0
VERTEX
  8
0
 10
72.761415
 20
30.330257
 42
-0.000031
  0
VERTEX
  8
0
 10
72.806328
 20
30.607000
 42
-0.000031
  0
VERTEX
  8
0
 10
72.851277
 20
30.883743
 42
-0.000052
  0
VERTEX
  8
0
 10
72.888877
 20
31.115000
 42
-0.005759
  0
VERTEX
  8
0
 10
72.977489
 20
31.622680
 42
-0.003356
  0
VERTEX
  8
0
 10
73.094868
 20
32.229631
 42
-0.003316
  0
VERTEX
  8
0
 10
73.215724
 20
32.812714
 42
-0.008546
  0
VERTEX
  8
0
 10
73.312979
 20
33.231667
 42
0.003217
  0
VERTEX
  8
0
 10
73.351823
 20
33.391258
 42
0.001602
  0
VERTEX
  8
0
 10
73.399082
 20
33.593899
 42
0.001590
  0
VERTEX
  8
0
 10
73.446702
 20
33.804149
 42
0.002338
  0
VERTEX
  8
0
 10
73.487095
 20
33.989224
 42
-0.009668
  0
VERTEX
  8
0
 10
73.562218
 20
34.310735
 42
-0.009409
  0
VERTEX
  8
0
 10
73.650346
 20
34.632044
 42
-0.009854
  0
VERTEX
  8
0
 10
73.744490
 20
34.929818
 42
-0.015877
  0
VERTEX
  8
0
 10
73.837622
 20
35.179000
 42
0.012852
  0
VERTEX
  8
0
 10
73.874501
 20
35.275883
 42
0.002494
  0
VERTEX
  8
0
 10
73.935697
 20
35.452793
 42
0.002650
  0
VERTEX
  8
0
 10
74.004956
 20
35.659883
 42
0.002447
  0
VERTEX
  8
0
 10
74.073912
 20
35.873274
 42
-0.005803
  0
VERTEX
  8
0
 10
74.148141
 20
36.097820
 42
-0.004614
  0
VERTEX
  8
0
 10
74.233312
 20
36.338520
 42
-0.004665
  0
VERTEX
  8
0
 10
74.316397
 20
36.560159
 42
-0.011664
  0
VERTEX
  8
0
 10
74.382321
 20
36.719940
 42
0.001244
  0
VERTEX
  8
0
 10
74.441601
 20
36.855533
 42
0.001104
  0
VERTEX
  8
0
 10
74.502617
 20
36.996901
 42
0.001108
  0
VERTEX
  8
0
 10
74.556967
 20
37.124374
 42
0.003406
  0
VERTEX
  8
0
 10
74.592982
 20
37.211000
 42
-0.022667
  0
VERTEX
  8
0
 10
75.025889
 20
38.148695
 42
-0.021313
  0
VERTEX
  8
0
 10
75.550161
 20
39.063371
 42
-0.022098
  0
VERTEX
  8
0
 10
76.124636
 20
39.890112
 42
-0.031958
  0
VERTEX
  8
0
 10
76.708000
 20
40.561506
 42
-0.008670
  0
VERTEX
  8
0
 10
77.235803
 20
41.077624
 42
-0.047398
  0
VERTEX
  8
0
 10
77.550240
 20
41.322740
 42
-0.081052
  0
VERTEX
  8
0
 10
77.823029
 20
41.439900
 42
-0.058171
  0
VERTEX
  8
0
 10
78.152660
 20
41.482226
 42
-0.024769
  0
VERTEX
  8
0
 10
78.362301
 20
41.474249
 42
-0.070181
  0
VERTEX
  8
0
 10
78.504562
 20
41.441285
 42
-0.080077
  0
VERTEX
  8
0
 10
78.621338
 20
41.373234
 42
-0.039570
  0
SEQEND
  0
POLYLINE
  8
0
 66
1
 70
1
  0
VERTEX
  8
0
 10
31.863113
 20
37.508168
 42
-0.040904
  0
VERTEX
  8
0
 10
32.304230
 20
37.051886
 42
-0.026203
  0
VERTEX
  8
0
 10
32.741257
 20
36.457929
 42
-0.025858
  0
VERTEX
  8
0
 10
33.122527
 20
35.807573
 42
-0.034360
  0
VERTEX
  8
0
 10
33.395612
 20
35.179000
 42
0.002114
  0
VERTEX
  8
0
 10
33.458395
 20
35.004507
 42
0.002104
  0
VERTEX
  8
0
 10
33.522748
 20
34.830279
 42
0.002059
  0
VERTEX
  8
0
 10
33.580258
 20
34.678480
 42
0.008251
  0
VERTEX
  8
0
 10
33.617358
 20
34.586333
 42
-0.019246
  0
VERTEX
  8
0
 10
33.733904
 20
34.277432
 42
-0.011348
  0
VERTEX
  8
0
 10
33.850330
 20
33.900522
 42
-0.010941
  0
VERTEX
  8
0
 10
33.955817
 20
33.495891
 42
-0.012153
  0
VERTEX
  8
0
 10
34.039523
 20
33.100908
 42
0.006037
  0
VERTEX
  8
0
 10
34.083674
 20
32.879235
 42
0.006594
  0
VERTEX
  8
0
 10
34.131967
 20
32.665148
 42
0.006214
  0
VERTEX
  8
0
 10
34.177952
 20
32.483141
 42
0.032305
  0
VERTEX
  8
0
 10
34.210965
 20
32.385000
 42
-0.052204
  0
VERTEX
  8
0
 10
34.274442
 20
32.168154
 42
-0.012774
  0
VERTEX
  8
0
 10
34.331927
 20
31.800037
 42
-0.007849
  0
VERTEX
  8
0
 10
34.397817
 20
31.222848
 42
-0.001630
  0
VERTEX
  8
0
 10
34.494349
 20
30.206636
 42
0.000795
  0
VERTEX
  8
0
 10
34.542240
 20
29.693373
 42
0.000805
  0
VERTEX
  8
0
 10
34.591568
 20
29.182383
 42
0.000783
  0
VERTEX
  8
0
 10
34.635915
 20
28.737762
 42
0.003291
  0
VERTEX
  8
0
 10
34.664723
 20
28.470969
 42
0.000000
  0
VERTEX
  8
0
 10
34.720740
 20
27.982333
 42
0.000000
  0
VERTEX
  8
0
 10
34.357203
 20
28.363333
 42
-0.008630
  0
VERTEX
  8
0
 10
33.944185
 20
28.811429
 42
-0.007975
  0
VERTEX
  8
0
 10
33.535654
 20
29.285307
 42
-0.007777
  0
VERTEX
  8
0
 10
33.187532
 20
29.715822
 42
-0.030177
  0
VERTEX
  8
0
 10
32.992755
 20
29.998047
 42
0.006789
  0
VERTEX
  8
0
 10
32.926319
 20
30.104646
 42
0.008559
  0
VERTEX
  8
0
 10
32.861832
 20
30.201372
 42
0.007033
  0
VERTEX
  8
0
 10
32.805443
 20
30.280490
 42
0.065624
  0
VERTEX
  8
0
 10
32.776512
 20
30.310667
 42
-0.111061
  0
VERTEX
  8
0
 10
32.503127
 20
30.652789
 42
-0.007904
  0
VERTEX
  8
0
 10
31.983697
 20
31.764313
 42
-0.008511
  0
VERTEX
  8
0
 10
31.503549
 20
32.886403
 42
-0.097130
  0
VERTEX
  8
0
 10
31.411333
 20
33.356629
 42
0.047696
  0
VERTEX
  8
0
 10
31.405060
 20
33.422240
 42
0.046678
  0
VERTEX
  8
0
 10
31.386463
 20
33.485973
 42
0.050558
  0
VERTEX
  8
0
 10
31.359136
 20
33.538688
 42
0.109927
  0
VERTEX
  8
0
 10
31.326667
 20
33.570333
 42
-0.154739
  0
VERTEX
  8
0
 10
31.293965
 20
33.608366
 42
-0.037412
  0
VERTEX
  8
0
 10
31.266871
 20
33.687895
 42
-0.034862
  0
VERTEX
  8
0
 10
31.248222
 20
33.788179
 42
-0.028549
  0
VERTEX
  8
0
 10
31.242000
 20
33.897063
 42
0.033052
  0
VERTEX
  8
0
 10
31.234558
 20
34.009515
 42
0.032630
  0
VERTEX
  8
0
 10
31.212361
 20
34.120499
 42
0.034435
  0
VERTEX
  8
0
 10
31.179927
 20
34.214735
 42
0.096567
  0
VERTEX
  8
0
 10
31.141102
 20
34.272365
 42
-0.193878
  0
VERTEX
  8
0
 10
31.042430
 20
34.504197
 42
-0.004423
  0
VERTEX
  8
0
 10
31.029539
 20
35.726951
 42
-0.004412
  0
VERTEX
  8
0
 10
31.038255
 20
36.949970
 42
-0.194650
  0
VERTEX
  8
0
 10
31.136167
 20
37.181268
 42
0.054406
  0
VERTEX
  8
0
 10
31.176684
 20
37.231761
 42
0.038605
  0
VERTEX
  8
0
 10
31.210912
 20
37.295876
 42
0.039100
  0
VERTEX
  8
0
 10
31.234303
 20
37.363065
 42
0.064303
  0
VERTEX
  8
0
 10
31.242000
 20
37.422667
 42
-0.105403
  0
VERTEX
  8
0
 10
31.265148
 20
37.531257
 42
-0.062420
  0
VERTEX
  8
0
 10
31.334060
 20
37.644993
 42
-0.064613
  0
VERTEX
  8
0
 10
31.424105
 20
37.732716
 42
-0.162224
  0
VERTEX
  8
0
 10
31.509987
 20
37.761333
 42
-0.145695
  0
VERTEX
  8
0
 10
31.548622
 20
37.749831
 42
-0.010822
  0
VERTEX
  8
0
 10
31.640443
 20
37.686966
 42
-0.014294
  0
VERTEX
  8
0
 10
31.747945
 20
37.605144
 42
-0.010342
  0
SEQEND
  0
POLYLINE
  8
0
 66
1
 70
1
  0
VERTEX
  8
0
 10
57.720690
 20
27.119675
 42
-0.064195
  0
VERTEX
  8
0
 10
57.825663
 20
26.947179
 42
-0.067458
  0
VERTEX
  8
0
 10
57.881256
 20
26.756553
 42
-0.032708
  0
VERTEX
  8
0
 10
57.905838
 20
26.463406
 42
-0.004465
  0
VERTEX
  8
0
 10
57.911579
 20
25.848484
 42
-0.006769
  0
VERTEX
  8
0
 10
57.906197
 20
25.438606
 42
-0.008674
  0
VERTEX
  8
0
 10
57.889596
 20
25.061669
 42
-0.006947
  0
VERTEX
  8
0
 10
57.865920
 20
24.747670
 42
-0.070795
  0
VERTEX
  8
0
 10
57.836150
 20
24.620817
 42
0.011991
  0
VERTEX
  8
0
 10
57.799774
 20
24.520502
 42
0.003963
  0
VERTEX
  8
0
 10
57.751076
 20
24.371544
 42
0.003943
  0
VERTEX
  8
0
 10
57.699672
 20
24.205464
 42
0.004466
  0
VERTEX
  8
0
 10
57.653046
 20
24.045333
 42
-0.052201
  0
VERTEX
  8
0
 10
57.328327
 20
23.229294
 42
-0.032713
  0
VERTEX
  8
0
 10
56.792107
 20
22.351595
 42
-0.031116
  0
VERTEX
  8
0
 10
56.105525
 20
21.495644
 42
-0.032287
  0
VERTEX
  8
0
 10
55.325934
 20
20.742725
 42
-0.038270
  0
VERTEX
  8
0
 10
54.757116
 20
20.330650
 42
-0.022239
  0
VERTEX
  8
0
 10
54.019053
 20
19.921707
 42
-0.022202
  0
VERTEX
  8
0
 10
53.270690
 20
19.590109
 42
-0.051502
  0
VERTEX
  8
0
 10
52.679538
 20
19.426638
 42
0.004605
  0
VERTEX
  8
0
 10
52.548118
 20
19.403254
 42
0.004126
  0
VERTEX
  8
0
 10
52.412245
 20
19.376623
 42
0.004139
  0
VERTEX
  8
0
 10
52.290656
 20
19.350697
 42
0.012904
  0
VERTEX
  8
0
 10
52.209423
 20
19.330460
 42
-0.103205
  0
VERTEX
  8
0
 10
52.127090
 20
19.325160
 42
-0.289653
  0
VERTEX
  8
0
 10
52.085011
 20
19.360983
 42
-0.093377
  0
VERTEX
  8
0
 10
52.074026
 20
19.455721
 42
-0.008178
  0
VERTEX
  8
0
 10
52.095161
 20
19.697686
 42
-0.019157
  0
VERTEX
  8
0
 10
52.168603
 20
20.212154
 42
-0.011717
  0
VERTEX
  8
0
 10
52.292545
 20
20.812666
 42
-0.011678
  0
VERTEX
  8
0
 10
52.438920
 20
21.385140
 42
-0.027612
  0
VERTEX
  8
0
 10
52.581075
 20
21.801667
 42
0.007856
  0
VERTEX
  8
0
 10
52.616640
 20
21.893801
 42
0.001956
  0
VERTEX
  8
0
 10
52.671843
 20
22.045613
 42
0.001999
  0
VERTEX
  8
0
 10
52.733642
 20
22.219841
 42
0.002007
  0
VERTEX
  8
0
 10
52.793965
 20
22.394333
 42
-0.040702
  0
VERTEX
  8
0
 10
53.404123
 20
23.797448
 42
-0.035299
  0
VERTEX
  8
0
 10
54.259479
 20
25.155356
 42
-0.036899
  0
VERTEX
  8
0
 10
55.216111
 20
26.276347
 42
-0.081186
  0
VERTEX
  8
0
 10
56.124710
 20
26.936822
 42
0.004406
  0
VERTEX
  8
0
 10
56.277299
 20
27.015363
 42
0.006081
  0
VERTEX
  8
0
 10
56.412788
 20
27.088737
 42
0.003975
  0
VERTEX
  8
0
 10
56.524994
 20
27.152453
 42
0.071822
  0
VERTEX
  8
0
 10
56.557333
 20
27.177958
 42
-0.116599
  0
VERTEX
  8
0
 10
56.667643
 20
27.250078
 42
-0.022380
  0
VERTEX
  8
0
 10
56.897456
 20
27.321705
 42
-0.024692
  0
VERTEX
  8
0
 10
57.140525
 20
27.373008
 42
-0.064217
  0
VERTEX
  8
0
 10
57.318944
 20
27.378429
 42
-0.080041
  0
VERTEX
  8
0
 10
57.413590
 20
27.353492
 42
-0.038728
  0
VERTEX
  8
0
 10
57.524109
 20
27.293862
 42
-0.037124
  0
VERTEX
  8
0
 10
57.632218
 20
27.212287
 42
-0.043845
  0
SEQEND
  0
POLYLINE
  8
0
 66
1
 70
1
  0
VERTEX
  8
0
 10
179.832000
 20
27.303604
 42
-0.112108
  0
VERTEX
  8
0
 10
180.004171
 20
27.125035
 42
-0.082672
  0
VERTEX
  8
0
 10
180.106098
 20
26.869030
 42
-0.044249
  0
VERTEX
  8
0
 10
180.157364
 20
26.462679
 42
-0.009265
  0
VERTEX
  8
0
 10
180.170667
 20
25.744812
 42
-0.006244
  0
VERTEX
  8
0
 10
180.165375
 20
25.321137
 42
-0.009767
  0
VERTEX
  8
0
 10
180.149152
 20
24.956887
 42
-0.004371
  0
VERTEX
  8
0
 10
180.126831
 20
24.650758
 42
-0.238286
  0
VERTEX
  8
0
 10
180.097425
 20
24.602728
 42
0.154682
  0
VERTEX
  8
0
 10
180.066435
 20
24.566695
 42
0.023672
  0
VERTEX
  8
0
 10
180.033039
 20
24.476887
 42
0.024573
  0
VERTEX
  8
0
 10
180.002950
 20
24.363576
 42
0.019094
  0
VERTEX
  8
0
 10
179.981088
 20
24.237898
 42
-0.072164
  0
VERTEX
  8
0
 10
179.805803
 20
23.623998
 42
-0.029912
  0
VERTEX
  8
0
 10
179.404766
 20
22.857442
 42
-0.028642
  0
VERTEX
  8
0
 10
178.866002
 20
22.068382
 42
-0.031415
  0
VERTEX
  8
0
 10
178.255757
 20
21.371423
 42
-0.003398
  0
VERTEX
  8
0
 10
178.020224
 20
21.137471
 42
-0.004028
  0
VERTEX
  8
0
 10
177.794443
 20
20.919771
 42
-0.003515
  0
VERTEX
  8
0
 10
177.601248
 20
20.739034
 42
-0.025581
  0
VERTEX
  8
0
 10
177.503667
 20
20.657852
 42
-0.017538
  0
VERTEX
  8
0
 10
177.185617
 20
20.436653
 42
-0.010439
  0
VERTEX
  8
0
 10
176.792707
 20
20.194816
 42
-0.010460
  0
VERTEX
  8
0
 10
176.395192
 20
19.972492
 42
-0.019743
  0
VERTEX
  8
0
 10
176.064333
 20
19.812855
 42
0.001913
  0
VERTEX
  8
0
 10
175.892708
 20
19.737467
 42
0.002106
  0
VERTEX
  8
0
 10
175.727092
 20
19.663124
 42
0.001960
  0
VERTEX
  8
0
 10
175.586102
 20
19.598453
 42
0.010700
  0
VERTEX
  8
0
 10
175.510744
 20
19.561550
 42
-0.047270
  0
VERTEX
  8
0
 10
175.436809
 20
19.531821
 42
-0.011056
  0
VERTEX
  8
0
 10
175.307789
 20
19.496706
 42
-0.011301
  0
VERTEX
  8
0
 10
175.156914
 20
19.462806
 42
-0.010879
  0
VERTEX
  8
0
 10
175.002744
 20
19.435283
 42
0.004631
  0
VERTEX
  8
0
 10
174.846581
 20
19.409414
 42
0.004526
  0
VERTEX
  8
0
 10
174.689732
 20
19.380471
 42
0.004463
  0
VERTEX
  8
0
 10
174.552511
 20
19.352589
 42
0.016955
  0
VERTEX
  8
0
 10
174.467622
 20
19.331519
 42
-0.088593
  0
VERTEX
  8
0
 10
174.384737
 20
19.323163
 42
-0.298815
  0
VERTEX
  8
0
 10
174.343661
 20
19.354845
 42
-0.105023
  0
VERTEX
  8
0
 10
174.333122
 20
19.439547
 42
-0.009275
  0
VERTEX
  8
0
 10
174.355640
 20
19.655204
 42
-0.018831
  0
VERTEX
  8
0
 10
174.456955
 20
20.282030
 42
-0.012673
  0
VERTEX
  8
0
 10
174.617509
 20
20.989217
 42
-0.012767
  0
VERTEX
  8
0
 10
174.809789
 20
21.672985
 42
-0.022514
  0
VERTEX
  8
0
 10
175.007969
 20
22.225000
 42
0.006768
  0
VERTEX
  8
0
 10
175.044354
 20
22.317120
 42
0.001680
  0
VERTEX
  8
0
 10
175.101375
 20
22.468946
 42
0.001718
  0
VERTEX
  8
0
 10
175.165461
 20
22.643174
 42
0.001723
  0
VERTEX
  8
0
 10
175.228285
 20
22.817667
 42
-0.029350
  0
VERTEX
  8
0
 10
175.446495
 20
23.332595
 42
-0.009180
  0
VERTEX
  8
0
 10
175.832207
 20
24.077351
 42
-0.006622
  0
VERTEX
  8
0
 10
176.238350
 20
24.804342
 42
-0.075077
  0
VERTEX
  8
0
 10
176.443037
 20
25.061333
 42
0.035414
  0
VERTEX
  8
0
 10
176.470846
 20
25.091086
 42
0.002606
  0
VERTEX
  8
0
 10
176.540731
 20
25.178279
 42
0.003618
  0
VERTEX
  8
0
 10
176.622867
 20
25.283414
 42
0.002734
  0
VERTEX
  8
0
 10
176.711587
 20
25.400000
 42
-0.025319
  0
VERTEX
  8
0
 10
177.177470
 20
25.958020
 42
-0.032193
  0
VERTEX
  8
0
 10
177.663574
 20
26.420180
 42
-0.032822
  0
VERTEX
  8
0
 10
178.196832
 20
26.809125
 42
-0.028128
  0
VERTEX
  8
0
 10
178.803980
 20
27.147392
 42
-0.017607
  0
VERTEX
  8
0
 10
179.180219
 20
27.313995
 42
-0.057776
  0
VERTEX
  8
0
 10
179.442031
 20
27.385390
 42
-0.088642
  0
VERTEX
  8
0
 10
179.646844
 20
27.380059
 42
-0.094658
  0
SEQEND
  0
POLYLINE
  8
0
 66
1
 70
1
  0
VERTEX
  8
0
 10
114.805426
 20
23.741816
 42
-0.073808
  0
VERTEX
  8
0
 10
115.157297
 20
23.565961
 42
-0.026705
  0
VERTEX
  8
0
 10
115.598334
 20
23.220684
 42
-0.021588
  0
VERTEX
  8
0
 10
115.990891
 20
22.846994
 42
-0.194096
  0
VERTEX
  8
0
 10
116.078000
 20
22.631052
 42
0.056392
  0
VERTEX
  8
0
 10
116.082748
 20
22.589084
 42
0.075825
  0
VERTEX
  8
0
 10
116.096800
 20
22.553563
 42
0.095025
  0
VERTEX
  8
0
 10
116.117583
 20
22.529748
 42
0.167486
  0
VERTEX
  8
0
 10
116.141999
 20
22.521333
 42
-0.226631
  0
VERTEX
  8
0
 10
116.173288
 20
22.506383
 42
-0.025095
  0
VERTEX
  8
0
 10
116.221237
 20
22.440503
 42
-0.026642
  0
VERTEX
  8
0
 10
116.272827
 20
22.351578
 42
-0.018465
  0
VERTEX
  8
0
 10
116.321875
 20
22.246167
 42
0.003206
  0
VERTEX
  8
0
 10
116.374696
 20
22.122950
 42
0.002016
  0
VERTEX
  8
0
 10
116.437923
 20
21.979614
 42
0.002024
  0
VERTEX
  8
0
 10
116.501270
 20
21.839091
 42
0.003708
  0
VERTEX
  8
0
 10
116.554210
 20
21.725159
 42
-0.020832
  0
VERTEX
  8
0
 10
116.598790
 20
21.619933
 42
-0.018466
  0
VERTEX
  8
0
 10
116.636457
 20
21.507080
 42
-0.018859
  0
VERTEX
  8
0
 10
116.662777
 20
21.402922
 42
-0.052497
  0
VERTEX
  8
0
 10
116.670667
 20
21.327989
 42
0.050680
  0
VERTEX
  8
0
 10
116.676943
 20
21.266222
 42
0.047900
  0
VERTEX
  8
0
 10
116.695538
 20
21.205742
 42
0.051495
  0
VERTEX
  8
0
 10
116.722880
 20
21.155320
 42
0.104737
  0
VERTEX
  8
0
 10
116.755333
 20
21.124333
 42
-0.111983
  0
VERTEX
  8
0
 10
116.787810
 20
21.092423
 42
-0.050144
  0
VERTEX
  8
0
 10
116.815129
 20
21.038766
 42
-0.046179
  0
VERTEX
  8
0
 10
116.833729
 20
20.973704
 42
-0.046572
  0
VERTEX
  8
0
 10
116.840000
 20
20.906521
 42
0.040163
  0
VERTEX
  8
0
 10
116.845958
 20
20.832471
 42
0.024373
  0
VERTEX
  8
0
 10
116.864227
 20
20.746460
 42
0.024339
  0
VERTEX
  8
0
 10
116.890868
 20
20.662340
 42
0.038988
  0
VERTEX
  8
0
 10
116.922476
 20
20.594018
 42
-0.071119
  0
VERTEX
  8
0
 10
116.987853
 20
20.425083
 42
-0.009630
  0
VERTEX
  8
0
 10
117.066476
 20
20.052536
 42
-0.008198
  0
VERTEX
  8
0
 10
117.160359
 20
19.513168
 42
-0.002647
  0
VERTEX
  8
0
 10
117.282074
 20
18.711333
 42
-0.031318
  0
VERTEX
  8
0
 10
117.354243
 20
17.841065
 42
-0.005037
  0
VERTEX
  8
0
 10
117.371365
 20
16.137319
 42
-0.004317
  0
VERTEX
  8
0
 10
117.356524
 20
14.423068
 42
-0.043921
  0
VERTEX
  8
0
 10
117.281954
 20
13.716000
 42
-0.004009
  0
VERTEX
  8
0
 10
117.103453
 20
12.839386
 42
-0.011721
  0
VERTEX
  8
0
 10
116.961390
 20
12.238978
 42
-0.013552
  0
VERTEX
  8
0
 10
116.840617
 20
11.823487
 42
-0.101795
  0
VERTEX
  8
0
 10
116.740611
 20
11.645900
 42
0.083836
  0
VERTEX
  8
0
 10
116.713710
 20
11.601873
 42
0.031979
  0
VERTEX
  8
0
 10
116.691213
 20
11.533359
 42
0.030571
  0
VERTEX
  8
0
 10
116.675822
 20
11.454271
 42
0.032783
  0
VERTEX
  8
0
 10
116.670667
 20
11.375730
 42
-0.037832
  0
VERTEX
  8
0
 10
116.664895
 20
11.299561
 42
-0.041518
  0
VERTEX
  8
0
 10
116.647709
 20
11.227540
 42
-0.045574
  0
VERTEX
  8
0
 10
116.622562
 20
11.169414
 42
-0.130183
  0
VERTEX
  8
0
 10
116.592514
 20
11.137692
 42
0.123731
  0
VERTEX
  8
0
 10
116.558725
 20
11.102917
 42
0.027327
  0
VERTEX
  8
0
 10
116.520767
 20
11.028221
 42
0.026822
  0
VERTEX
  8
0
 10
116.485327
 20
10.934603
 42
0.023018
  0
VERTEX
  8
0
 10
116.458016
 20
10.832852
 42
-0.054359
  0
VERTEX
  8
0
 10
116.356268
 20
10.530699
 42
-0.007438
  0
VERTEX
  8
0
 10
116.067405
 20
9.930108
 42
-0.009258
  0
VERTEX
  8
0
 10
115.739797
 20
9.303424
 42
-0.016771
  0
VERTEX
  8
0
 10
115.445445
 20
8.805333
 42
-0.045278
  0
VERTEX
  8
0
 10
114.995832
 20
8.223350
 42
-0.038436
  0
VERTEX
  8
0
 10
114.425034
 20
7.696174
 42
-0.039557
  0
VERTEX
  8
0
 10
113.850363
 20
7.311581
 42
-0.128376
  0
VERTEX
  8
0
 10
113.410168
 20
7.196667
 42
-0.077169
  0
VERTEX
  8
0
 10
113.185008
 20
7.231626
 42
-0.041599
  0
VERTEX
  8
0
 10
112.924843
 20
7.338937
 42
-0.038837
  0
VERTEX
  8
0
 10
112.662178
 20
7.500703
 42
-0.038961
  0
VERTEX
  8
0
 10
112.427987
 20
7.700987
 42
-0.052740
  0
VERTEX
  8
0
 10
112.064499
 20
8.150467
 42
-0.017714
  0
VERTEX
  8
0
 10
111.630655
 20
8.875526
 42
-0.014605
  0
VERTEX
  8
0
 10
111.252606
 20
9.611407
 42
-0.111805
  0
VERTEX
  8
0
 10
111.167333
 20
9.987984
 42
0.047516
  0
VERTEX
  8
0
 10
111.161060
 20
10.053843
 42
0.046599
  0
VERTEX
  8
0
 10
111.142462
 20
10.117784
 42
0.050494
  0
VERTEX
  8
0
 10
111.115137
 20
10.170646
 42
0.110252
  0
VERTEX
  8
0
 10
111.082667
 20
10.202333
 42
-0.124636
  0
VERTEX
  8
0
 10
111.050140
 20
10.235929
 42
-0.047126
  0
VERTEX
  8
0
 10
111.022871
 20
10.295853
 42
-0.042976
  0
VERTEX
  8
0
 10
111.004259
 20
10.369675
 42
-0.040291
  0
VERTEX
  8
0
 10
110.998000
 20
10.447219
 42
0.029843
  0
VERTEX
  8
0
 10
110.993320
 20
10.525561
 42
0.031046
  0
VERTEX
  8
0
 10
110.979347
 20
10.601740
 42
0.032670
  0
VERTEX
  8
0
 10
110.958970
 20
10.665616
 42
0.104044
  0
VERTEX
  8
0
 10
110.934500
 20
10.702847
 42
-0.146444
  0
VERTEX
  8
0
 10
110.878731
 20
10.805424
 42
-0.004544
  0
VERTEX
  8
0
 10
110.783370
 20
11.280558
 42
-0.007794
  0
VERTEX
  8
0
 10
110.677408
 20
11.885526
 42
-0.003840
  0
VERTEX
  8
0
 10
110.560611
 20
12.657667
 42
-0.025033
  0
VERTEX
  8
0
 10
110.488205
 20
13.439151
 42
-0.009911
  0
VERTEX
  8
0
 10
110.463916
 20
14.517884
 42
-0.009831
  0
VERTEX
  8
0
 10
110.482109
 20
15.589874
 42
-0.027243
  0
VERTEX
  8
0
 10
110.550697
 20
16.340667
 42
-0.002180
  0
VERTEX
  8
0
 10
110.687405
 20
17.245605
 42
-0.007842
  0
VERTEX
  8
0
 10
110.786174
 20
17.821063
 42
-0.007047
  0
VERTEX
  8
0
 10
110.866037
 20
18.215535
 42
-0.133920
  0
VERTEX
  8
0
 10
110.923613
 20
18.326100
 42
0.087589
  0
VERTEX
  8
0
 10
110.952219
 20
18.370570
 42
0.033493
  0
VERTEX
  8
0
 10
110.976149
 20
18.440446
 42
0.031905
  0
VERTEX
  8
0
 10
110.992515
 20
18.521522
 42
0.033863
  0
VERTEX
  8
0
 10
110.998000
 20
18.602416
 42
-0.031584
  0
VERTEX
  8
0
 10
111.003421
 20
18.688157
 42
-0.021875
  0
VERTEX
  8
0
 10
111.019868
 20
18.783944
 42
-0.022131
  0
VERTEX
  8
0
 10
111.043882
 20
18.874936
 42
-0.041630
  0
VERTEX
  8
0
 10
111.072443
 20
18.945316
 42
0.026208
  0
VERTEX
  8
0
 10
111.109966
 20
19.030180
 42
0.005207
  0
VERTEX
  8
0
 10
111.167439
 20
19.185936
 42
0.005498
  0
VERTEX
  8
0
 10
111.230549
 20
19.368939
 42
0.005093
  0
VERTEX
  8
0
 10
111.291298
 20
19.558000
 42
-0.006696
  0
VERTEX
  8
0
 10
111.432653
 20
19.993121
 42
-0.012559
  0
VERTEX
  8
0
 10
111.560383
 20
20.340221
 42
-0.010318
  0
VERTEX
  8
0
 10
111.721145
 20
20.722196
 42
-0.003145
  0
VERTEX
  8
0
 10
111.979984
 20
21.293667
 42
-0.030637
  0
VERTEX
  8
0
 10
112.439962
 20
22.150176
 42
-0.036934
  0
VERTEX
  8
0
 10
112.976433
 20
22.889172
 42
-0.041257
  0
VERTEX
  8
0
 10
113.535023
 20
23.449069
 42
-0.089369
  0
VERTEX
  8
0
 10
114.059003
 20
23.753153
 42
0.000153
  0
VERTEX
  8
0
 10
114.169482
 20
23.793215
 42
0.000223
  0
VERTEX
  8
0
 10
114.266867
 20
23.828613
 42
0.000109
  0
VERTEX
  8
0
 10
114.349652
 20
23.858765
 42
0.003906
  0
VERTEX
  8
0
 10
114.368758
 20
23.865898
 42
-0.159615
  0
VERTEX
  8
0
 10
114.388874
 20
23.866876
 42
-0.002219
  0
VERTEX
  8
0
 10
114.507929
 20
23.833616
 42
-0.005958
  0
VERTEX
  8
0
 10
114.646280
 20
23.792515
 42
-0.003856
  0
SEQEND
  0
ENDSEC
  0
EOF
