999
DXF data, created by potrace 1.16, written by Peter Selinger 2001-2019
  0
SECTION
  2
HEADER
  9
$ACADVER
  1
AC1006
  9
$EXTMIN
 10
0.000000
 20
0.000000
 30
0.000000
  9
$EXTMAX
 10
219.117333
 20
45.466000
 30
0.000000
  0
ENDSEC
  0
SECTION
  2
ENTITIES
  0
POLYLINE
  8
0
 66
1
 70
1
  0
VERTEX
  8
0
 10
35.856333
 20
44.533055
 42
0.010525
  0
VERTEX
  8
0
 10
35.640122
 20
44.500911
 42
0.008623
  0
VERTEX
  8
0
 10
35.410510
 20
44.457731
 42
0.008730
  0
VERTEX
  8
0
 10
35.200721
 20
44.410688
 42
0.022644
  0
VERTEX
  8
0
 10
35.052000
 20
44.367387
 42
0.018352
  0
VERTEX
  8
0
 10
34.769017
 20
44.259153
 42
0.008137
  0
VERTEX
  8
0
 10
34.403594
 20
44.096718
 42
0.004533
  0
VERTEX
  8
0
 10
34.047024
 20
43.927273
 42
0.092259
  0
VERTEX
  8
0
 10
33.951333
 20
43.856520
 42
-0.046891
  0
VERTEX
  8
0
 10
33.922671
 20
43.831025
 42
-0.005198
  0
VERTEX
  8
0
 10
33.851399
 20
43.779836
 42
-0.006297
  0
VERTEX
  8
0
 10
33.764974
 20
43.720726
 42
-0.005060
  0
VERTEX
  8
0
 10
33.670579
 20
43.659265
 42
0.036158
  0
VERTEX
  8
0
 10
33.202593
 20
43.311325
 42
0.012679
  0
VERTEX
  8
0
 10
32.581790
 20
42.747931
 42
0.012922
  0
VERTEX
  8
0
 10
31.961704
 20
42.124414
 42
0.021615
  0
VERTEX
  8
0
 10
31.477702
 20
41.565365
 42
0.020719
  0
VERTEX
  8
0
 10
31.141614
 20
41.103361
 42
0.006734
  0
VERTEX
  8
0
 10
30.683106
 20
40.394308
 42
0.006371
  0
VERTEX
  8
0
 10
30.248961
 20
39.682699
 42
0.027431
  0
VERTEX
  8
0
 10
30.019927
 20
39.243000
 42
-0.002419
  0
VERTEX
  8
0
 10
29.944138
 20
39.077836
 42
-0.000999
  0
VERTEX
  8
0
 10
29.840017
 20
38.854962
 42
-0.000988
  0
VERTEX
  8
0
 10
29.727410
 20
38.616399
 42
-0.001272
  0
VERTEX
  8
0
 10
29.622917
 20
38.397594
 42
0.005233
  0
VERTEX
  8
0
 10
29.529601
 20
38.198145
 42
0.007366
  0
VERTEX
  8
0
 10
29.450886
 20
38.018227
 42
0.004608
  0
VERTEX
  8
0
 10
29.388612
 20
37.866066
 42
0.095099
  0
VERTEX
  8
0
 10
29.379333
 20
37.817723
 42
-0.076997
  0
VERTEX
  8
0
 10
29.372468
 20
37.773405
 42
-0.008395
  0
VERTEX
  8
0
 10
29.339491
 20
37.675267
 42
-0.010120
  0
VERTEX
  8
0
 10
29.295640
 20
37.559187
 42
-0.008007
  0
VERTEX
  8
0
 10
29.243701
 20
37.435462
 42
0.006609
  0
VERTEX
  8
0
 10
29.061985
 20
37.005961
 42
0.012135
  0
VERTEX
  8
0
 10
28.927208
 20
36.650875
 42
0.011351
  0
VERTEX
  8
0
 10
28.804151
 20
36.274238
 42
0.005020
  0
VERTEX
  8
0
 10
28.657971
 20
35.771667
 42
-0.003679
  0
VERTEX
  8
0
 10
28.598392
 20
35.564762
 42
-0.003923
  0
VERTEX
  8
0
 10
28.537003
 20
35.363150
 42
-0.003731
  0
VERTEX
  8
0
 10
28.481558
 20
35.190583
 42
-0.018188
  0
VERTEX
  8
0
 10
28.445909
 20
35.094333
 42
0.018839
  0
VERTEX
  8
0
 10
28.415381
 20
35.011580
 42
0.008311
  0
VERTEX
  8
0
 10
28.381013
 20
34.900129
 42
0.008212
  0
VERTEX
  8
0
 10
28.348448
 20
34.780638
 42
0.010933
  0
VERTEX
  8
0
 10
28.323033
 20
34.671000
 42
-0.000915
  0
VERTEX
  8
0
 10
28.234342
 20
34.250244
 42
-0.000456
  0
VERTEX
  8
0
 10
28.120532
 20
33.717564
 42
-0.000442
  0
VERTEX
  8
0
 10
28.009277
 20
33.201386
 42
-0.001344
  0
VERTEX
  8
0
 10
27.932372
 20
32.850667
 42
0.002962
  0
VERTEX
  8
0
 10
27.896865
 20
32.686200
 42
0.002305
  0
VERTEX
  8
0
 10
27.860144
 20
32.506973
 42
0.002331
  0
VERTEX
  8
0
 10
27.827466
 20
32.339601
 42
0.005653
  0
VERTEX
  8
0
 10
27.805316
 20
32.215667
 42
0.008705
  0
VERTEX
  8
0
 10
27.556632
 20
30.549186
 42
0.010914
  0
VERTEX
  8
0
 10
27.386834
 20
28.996113
 42
0.009824
  0
VERTEX
  8
0
 10
27.273143
 20
27.312415
 42
0.005269
  0
VERTEX
  8
0
 10
27.195588
 20
25.230667
 42
-0.002830
  0
VERTEX
  8
0
 10
27.149396
 20
23.803724
 42
-0.023185
  0
VERTEX
  8
0
 10
27.094508
 20
23.154794
 42
-0.054335
  0
VERTEX
  8
0
 10
27.002544
 20
22.777862
 42
-0.109821
  0
VERTEX
  8
0
 10
26.839333
 20
22.521333
 42
0.063440
  0
VERTEX
  8
0
 10
26.798773
 20
22.468930
 42
0.003251
  0
VERTEX
  8
0
 10
26.690907
 20
22.282907
 42
0.004507
  0
VERTEX
  8
0
 10
26.554083
 20
22.038273
 42
0.002068
  0
VERTEX
  8
0
 10
26.379902
 20
21.717000
 42
-0.008148
  0
VERTEX
  8
0
 10
26.341995
 20
21.649067
 42
-0.009134
  0
VERTEX
  8
0
 10
26.303267
 20
21.584973
 42
-0.008530
  0
VERTEX
  8
0
 10
26.268429
 20
21.531666
 42
-0.047406
  0
VERTEX
  8
0
 10
26.246667
 20
21.505333
 42
0.064777
  0
VERTEX
  8
0
 10
26.166423
 20
21.401087
 42
0.005141
  0
VERTEX
  8
0
 10
25.993950
 20
21.097304
 42
0.006251
  0
VERTEX
  8
0
 10
25.830208
 20
20.792951
 42
0.043858
  0
VERTEX
  8
0
 10
25.765687
 20
20.637500
 42
-0.043026
  0
VERTEX
  8
0
 10
25.742266
 20
20.580806
 42
-0.052379
  0
VERTEX
  8
0
 10
25.710686
 20
20.532857
 42
-0.061148
  0
VERTEX
  8
0
 10
25.676160
 20
20.499939
 42
-0.161233
  0
VERTEX
  8
0
 10
25.644125
 20
20.489333
 42
0.140064
  0
VERTEX
  8
0
 10
25.615583
 20
20.481178
 42
0.099643
  0
VERTEX
  8
0
 10
25.591224
 20
20.458245
 42
0.084986
  0
VERTEX
  8
0
 10
25.574771
 20
20.423951
 42
0.068915
  0
VERTEX
  8
0
 10
25.569064
 20
20.383500
 42
-0.116785
  0
VERTEX
  8
0
 10
25.553523
 20
20.318607
 42
-0.009063
  0
VERTEX
  8
0
 10
25.469549
 20
20.159530
 42
-0.011994
  0
VERTEX
  8
0
 10
25.360197
 20
19.971960
 42
-0.008867
  0
VERTEX
  8
0
 10
25.230667
 20
19.769667
 42
0.005115
  0
VERTEX
  8
0
 10
25.101084
 20
19.570598
 42
0.007543
  0
VERTEX
  8
0
 10
24.991785
 20
19.393014
 42
0.003939
  0
VERTEX
  8
0
 10
24.903167
 20
19.241336
 42
0.129836
  0
VERTEX
  8
0
 10
24.892269
 20
19.200807
 42
-0.139985
  0
VERTEX
  8
0
 10
24.865991
 20
19.110303
 42
-0.001365
  0
VERTEX
  8
0
 10
24.499245
 20
18.529837
 42
-0.001976
  0
VERTEX
  8
0
 10
24.137350
 20
17.965435
 42
-0.089520
  0
VERTEX
  8
0
 10
24.042969
 20
17.864667
 42
0.051604
  0
VERTEX
  8
0
 10
24.018716
 20
17.842403
 42
0.026019
  0
VERTEX
  8
0
 10
23.992805
 20
17.809898
 42
0.025528
  0
VERTEX
  8
0
 10
23.969278
 20
17.773185
 42
0.034420
  0
VERTEX
  8
0
 10
23.952119
 20
17.737667
 42
-0.050543
  0
VERTEX
  8
0
 10
23.847781
 20
17.538343
 42
-0.003238
  0
VERTEX
  8
0
 10
23.481854
 20
16.991482
 42
-0.001417
  0
VERTEX
  8
0
 10
23.088069
 20
16.414679
 42
-0.146306
  0
VERTEX
  8
0
 10
23.013749
 20
16.354778
 42
0.119374
  0
VERTEX
  8
0
 10
22.987305
 20
16.335680
 42
0.063197
  0
VERTEX
  8
0
 10
22.964960
 20
16.301685
 42
0.057357
  0
VERTEX
  8
0
 10
22.949806
 20
16.258938
 42
0.056581
  0
VERTEX
  8
0
 10
22.944667
 20
16.213667
 42
-0.051935
  0
VERTEX
  8
0
 10
22.939951
 20
16.168393
 42
-0.053877
  0
VERTEX
  8
0
 10
22.926014
 20
16.125649
 42
-0.059730
  0
VERTEX
  8
0
 10
22.905492
 20
16.091582
 42
-0.123391
  0
VERTEX
  8
0
 10
22.881167
 20
16.072556
 42
0.125789
  0
VERTEX
  8
0
 10
22.842659
 20
16.042142
 42
0.002854
  0
VERTEX
  8
0
 10
22.700458
 20
15.853657
 42
0.006226
  0
VERTEX
  8
0
 10
22.536997
 20
15.628606
 42
0.004153
  0
VERTEX
  8
0
 10
22.355157
 20
15.367000
 42
-0.000743
  0
VERTEX
  8
0
 10
22.173195
 20
15.101368
 42
-0.001029
  0
VERTEX
  8
0
 10
22.009190
 20
14.863762
 42
-0.000635
  0
VERTEX
  8
0
 10
21.870500
 20
14.664256
 42
-0.012926
  0
VERTEX
  8
0
 10
21.826878
 20
14.605000
 42
-0.005394
  0
VERTEX
  8
0
 10
20.729663
 20
13.223571
 42
-0.011505
  0
VERTEX
  8
0
 10
19.846080
 20
12.185186
 42
-0.014199
  0
VERTEX
  8
0
 10
19.051371
 20
11.343051
 42
-0.015955
  0
VERTEX
  8
0
 10
18.239577
 20
10.580606
 42
-0.004022
  0
VERTEX
  8
0
 10
17.832173
 20
10.227509
 42
-0.012784
  0
VERTEX
  8
0
 10
17.552036
 20
10.000742
 42
-0.012827
  0
VERTEX
  8
0
 10
17.261164
 20
9.788984
 42
-0.004071
  0
VERTEX
  8
0
 10
16.817057
 20
9.488088
 42
-0.011429
  0
VERTEX
  8
0
 10
16.274141
 20
9.144304
 42
-0.016396
  0
VERTEX
  8
0
 10
15.776878
 20
8.866913
 42
-0.016187
  0
VERTEX
  8
0
 10
15.257641
 20
8.620129
 42
-0.010737
  0
VERTEX
  8
0
 10
14.647333
 20
8.369378
 42
-0.079223
  0
VERTEX
  8
0
 10
14.211058
 20
8.276278
 42
-0.012167
  0
VERTEX
  8
0
 10
13.321671
 20
8.251551
 42
-0.007784
  0
VERTEX
  8
0
 10
12.407299
 20
8.262621
 42
-0.191793
  0
VERTEX
  8
0
 10
12.179249
 20
8.360833
 42
0.073222
  0
VERTEX
  8
0
 10
12.124685
 20
8.401413
 42
0.038686
  0
VERTEX
  8
0
 10
12.047337
 20
8.435578
 42
0.037474
  0
VERTEX
  8
0
 10
11.961054
 20
8.458873
 42
0.047231
  0
VERTEX
  8
0
 10
11.878733
 20
8.466667
 42
-0.036920
  0
VERTEX
  8
0
 10
11.804156
 20
8.472181
 42
-0.055607
  0
VERTEX
  8
0
 10
11.741203
 20
8.488841
 42
-0.072930
  0
VERTEX
  8
0
 10
11.698146
 20
8.513233
 42
-0.231450
  0
VERTEX
  8
0
 10
11.684000
 20
8.542155
 42
0.205720
  0
VERTEX
  8
0
 10
11.669999
 20
8.574743
 42
0.051872
  0
VERTEX
  8
0
 10
11.623212
 20
8.610725
 42
0.044284
  0
VERTEX
  8
0
 10
11.556296
 20
8.644165
 42
0.032264
  0
VERTEX
  8
0
 10
11.477063
 20
8.669581
 42
-0.095789
  0
VERTEX
  8
0
 10
10.924143
 20
8.927793
 42
-0.021139
  0
VERTEX
  8
0
 10
10.100082
 20
9.580881
 42
-0.022972
  0
VERTEX
  8
0
 10
9.290900
 20
10.347470
 42
-0.042750
  0
VERTEX
  8
0
 10
8.722395
 20
11.049000
 42
0.002883
  0
VERTEX
  8
0
 10
8.609005
 20
11.214260
 42
0.004042
  0
VERTEX
  8
0
 10
8.505705
 20
11.360433
 42
0.002436
  0
VERTEX
  8
0
 10
8.417222
 20
11.482260
 42
0.053413
  0
VERTEX
  8
0
 10
8.387588
 20
11.514731
 42
-0.096071
  0
VERTEX
  8
0
 10
8.218262
 20
11.735205
 42
-0.003018
  0
VERTEX
  8
0
 10
7.714953
 20
12.757905
 42
-0.005153
  0
VERTEX
  8
0
 10
7.247272
 20
13.748761
 42
-0.041031
  0
VERTEX
  8
0
 10
7.074510
 20
14.224000
 42
0.011352
  0
VERTEX
  8
0
 10
7.031363
 20
14.368928
 42
0.012581
  0
VERTEX
  8
0
 10
6.983016
 20
14.506816
 42
0.007686
  0
VERTEX
  8
0
 10
6.910924
 20
14.688494
 42
0.001573
  0
VERTEX
  8
0
 10
6.777588
 20
15.007167
 42
-0.022840
  0
VERTEX
  8
0
 10
6.737914
 20
15.114599
 42
-0.004975
  0
VERTEX
  8
0
 10
6.679908
 20
15.303368
 42
-0.005174
  0
VERTEX
  8
0
 10
6.617171
 20
15.523335
 42
-0.004938
  0
VERTEX
  8
0
 10
6.557981
 20
15.748000
 42
0.003741
  0
VERTEX
  8
0
 10
6.499770
 20
15.971112
 42
0.004110
  0
VERTEX
  8
0
 10
6.439971
 20
16.186415
 42
0.003840
  0
VERTEX
  8
0
 10
6.385946
 20
16.369584
 42
0.020668
  0
VERTEX
  8
0
 10
6.351711
 20
16.467667
 42
-0.028102
  0
VERTEX
  8
0
 10
6.229379
 20
16.835623
 42
-0.009501
  0
VERTEX
  8
0
 10
6.091946
 20
17.383499
 42
-0.009559
  0
VERTEX
  8
0
 10
5.965281
 20
17.984680
 42
-0.012289
  0
VERTEX
  8
0
 10
5.873074
 20
18.542000
 42
0.014449
  0
VERTEX
  8
0
 10
5.851691
 20
18.667866
 42
0.011834
  0
VERTEX
  8
0
 10
5.821795
 20
18.801027
 42
0.012008
  0
VERTEX
  8
0
 10
5.788447
 20
18.922217
 42
0.030630
  0
VERTEX
  8
0
 10
5.756889
 20
19.007667
 42
-0.037125
  0
VERTEX
  8
0
 10
5.724853
 20
19.097999
 42
-0.011251
  0
VERTEX
  8
0
 10
5.689691
 20
19.239177
 42
-0.011202
  0
VERTEX
  8
0
 10
5.657285
 20
19.399713
 42
-0.011979
  0
VERTEX
  8
0
 10
5.632905
 20
19.558000
 42
-0.000041
  0
VERTEX
  8
0
 10
5.605961
 20
19.766055
 42
-0.000010
  0
VERTEX
  8
0
 10
5.561054
 20
20.113096
 42
-0.000010
  0
VERTEX
  8
0
 10
5.509458
 20
20.511955
 42
-0.000010
  0
VERTEX
  8
0
 10
5.457638
 20
20.912667
 42
-0.005428
  0
VERTEX
  8
0
 10
5.289672
 20
22.332773
 42
-0.011409
  0
VERTEX
  8
0
 10
5.196400
 20
23.439786
 42
-0.010913
  0
VERTEX
  8
0
 10
5.151427
 20
24.580183
 42
-0.004551
  0
VERTEX
  8
0
 10
5.138358
 20
26.119667
 42
-0.003824
  0
VERTEX
  8
0
 10
5.150795
 20
27.624866
 42
-0.012799
  0
VERTEX
  8
0
 10
5.191750
 20
28.610940
 42
-0.014404
  0
VERTEX
  8
0
 10
5.280374
 20
29.532122
 42
-0.005908
  0
VERTEX
  8
0
 10
5.451316
 20
30.776333
 42
-0.001547
  0
VERTEX
  8
0
 10
5.566813
 20
31.533119
 42
-0.008361
  0
VERTEX
  8
0
 10
5.637692
 20
31.942925
 42
-0.015209
  0
VERTEX
  8
0
 10
5.695528
 20
32.203519
 42
-0.039733
  0
VERTEX
  8
0
 10
5.757333
 20
32.385000
 42
0.024292
  0
VERTEX
  8
0
 10
5.788410
 20
32.467789
 42
0.010903
  0
VERTEX
  8
0
 10
5.821501
 20
32.579204
 42
0.010764
  0
VERTEX
  8
0
 10
5.851425
 20
32.698695
 42
0.014398
  0
VERTEX
  8
0
 10
5.873087
 20
32.808333
 42
-0.010636
  0
VERTEX
  8
0
 10
5.968235
 20
33.309724
 42
-0.010811
  0
VERTEX
  8
0
 10
6.084160
 20
33.803872
 42
-0.011315
  0
VERTEX
  8
0
 10
6.214440
 20
34.266177
 42
-0.015986
  0
VERTEX
  8
0
 10
6.352776
 20
34.671000
 42
0.004765
  0
VERTEX
  8
0
 10
6.386568
 20
34.763083
 42
0.001174
  0
VERTEX
  8
0
 10
6.440260
 20
34.914946
 42
0.001202
  0
VERTEX
  8
0
 10
6.500930
 20
35.089174
 42
0.001202
  0
VERTEX
  8
0
 10
6.560752
 20
35.263667
 42
-0.016001
  0
VERTEX
  8
0
 10
6.731058
 20
35.716301
 42
-0.006232
  0
VERTEX
  8
0
 10
6.994135
 20
36.331099
 42
-0.002867
  0
VERTEX
  8
0
 10
7.272128
 20
36.949398
 42
-0.092306
  0
VERTEX
  8
0
 10
7.366676
 20
37.084000
 42
0.063322
  0
VERTEX
  8
0
 10
7.391164
 20
37.114912
 42
0.004586
  0
VERTEX
  8
0
 10
7.446745
 20
37.208841
 42
0.006362
  0
VERTEX
  8
0
 10
7.510774
 20
37.322662
 42
0.004769
  0
VERTEX
  8
0
 10
7.578477
 20
37.449544
 42
-0.011101
  0
VERTEX
  8
0
 10
7.652314
 20
37.583799
 42
-0.009904
  0
VERTEX
  8
0
 10
7.734803
 20
37.719916
 42
-0.009989
  0
VERTEX
  8
0
 10
7.813811
 20
37.839302
 42
-0.030125
  0
VERTEX
  8
0
 10
7.874000
 20
37.916087
 42
0.007038
  0
VERTEX
  8
0
 10
7.943178
 20
37.996412
 42
0.001549
  0
VERTEX
  8
0
 10
8.059550
 20
38.136324
 42
0.001612
  0
VERTEX
  8
0
 10
8.193073
 20
38.298937
 42
0.001549
  0
VERTEX
  8
0
 10
8.327318
 20
38.464553
 42
-0.049089
  0
VERTEX
  8
0
 10
8.787125
 20
38.932936
 42
-0.024059
  0
VERTEX
  8
0
 10
9.454172
 20
39.438377
 42
-0.020735
  0
VERTEX
  8
0
 10
10.125944
 20
39.858475
 42
-0.129149
  0
VERTEX
  8
0
 10
10.514837
 20
39.962145
 42
0.053235
  0
VERTEX
  8
0
 10
10.573483
 20
39.968623
 42
0.048678
  0
VERTEX
  8
0
 10
10.631321
 20
39.987384
 42
0.051918
  0
VERTEX
  8
0
 10
10.679895
 20
40.014854
 42
0.100030
  0
VERTEX
  8
0
 10
10.710333
 20
40.047333
 42
-0.144823
  0
VERTEX
  8
0
 10
10.746831
 20
40.079968
 42
-0.040930
  0
VERTEX
  8
0
 10
10.818966
 20
40.107129
 42
-0.037579
  0
VERTEX
  8
0
 10
10.909424
 20
40.125765
 42
-0.032024
  0
VERTEX
  8
0
 10
11.006667
 20
40.132000
 42
0.032024
  0
VERTEX
  8
0
 10
11.103909
 20
40.138235
 42
0.037579
  0
VERTEX
  8
0
 10
11.194367
 20
40.156871
 42
0.040930
  0
VERTEX
  8
0
 10
11.266502
 20
40.184032
 42
0.144823
  0
VERTEX
  8
0
 10
11.303000
 20
40.216667
 42
-0.232996
  0
VERTEX
  8
0
 10
11.359733
 20
40.252188
 42
-0.006909
  0
VERTEX
  8
0
 10
11.647519
 20
40.277508
 42
-0.011895
  0
VERTEX
  8
0
 10
12.006867
 20
40.295545
 42
-0.006591
  0
VERTEX
  8
0
 10
12.446000
 20
40.301333
 42
-0.006591
  0
VERTEX
  8
0
 10
12.885133
 20
40.295545
 42
-0.011895
  0
VERTEX
  8
0
 10
13.244481
 20
40.277508
 42
-0.006909
  0
VERTEX
  8
0
 10
13.532267
 20
40.252188
 42
-0.232996
  0
VERTEX
  8
0
 10
13.589000
 20
40.216667
 42
0.144823
  0
VERTEX
  8
0
 10
13.625498
 20
40.184032
 42
0.040930
  0
VERTEX
  8
0
 10
13.697633
 20
40.156871
 42
0.037579
  0
VERTEX
  8
0
 10
13.788091
 20
40.138235
 42
0.032024
  0
VERTEX
  8
0
 10
13.885333
 20
40.132000
 42
-0.032024
  0
VERTEX
  8
0
 10
13.982576
 20
40.125765
 42
-0.037579
  0
VERTEX
  8
0
 10
14.073034
 20
40.107129
 42
-0.040930
  0
VERTEX
  8
0
 10
14.145169
 20
40.079968
 42
-0.144823
  0
VERTEX
  8
0
 10
14.181667
 20
40.047333
 42
0.115841
  0
VERTEX
  8
0
 10
14.214081
 20
40.014843
 42
0.049307
  0
VERTEX
  8
0
 10
14.269558
 20
39.987538
 42
0.045225
  0
VERTEX
  8
0
 10
14.337181
 20
39.968935
 42
0.044547
  0
VERTEX
  8
0
 10
14.407392
 20
39.962667
 42
-0.100357
  0
VERTEX
  8
0
 10
14.656912
 20
39.912075
 42
-0.012456
  0
VERTEX
  8
0
 10
15.164254
 20
39.682462
 42
-0.015585
  0
VERTEX
  8
0
 10
15.706421
 20
39.399461
 42
-0.021716
  0
VERTEX
  8
0
 10
16.171333
 20
39.110782
 42
-0.029806
  0
VERTEX
  8
0
 10
16.634430
 20
38.752344
 42
-0.023749
  0
VERTEX
  8
0
 10
17.089922
 20
38.314390
 42
-0.023115
  0
VERTEX
  8
0
 10
17.515241
 20
37.820877
 42
-0.023924
  0
VERTEX
  8
0
 10
17.888022
 20
37.295667
 42
0.026546
  0
VERTEX
  8
0
 10
18.384115
 20
36.604428
 42
0.071098
  0
VERTEX
  8
0
 10
18.825125
 20
36.190889
 42
0.089899
  0
VERTEX
  8
0
 10
19.298381
 20
35.972703
 42
0.063253
  0
VERTEX
  8
0
 10
19.881276
 20
35.898667
 42
0.112503
  0
VERTEX
  8
0
 10
20.901767
 20
36.131227
 42
0.121615
  0
VERTEX
  8
0
 10
21.687226
 20
36.779721
 42
0.125775
  0
VERTEX
  8
0
 10
22.063809
 20
37.700185
 42
0.125315
  0
VERTEX
  8
0
 10
21.953284
 20
38.689836
 42
0.035778
  0
VERTEX
  8
0
 10
21.793339
 20
39.036687
 42
0.010034
  0
VERTEX
  8
0
 10
21.494760
 20
39.553756
 42
0.010550
  0
VERTEX
  8
0
 10
21.163627
 20
40.076291
 42
0.022036
  0
VERTEX
  8
0
 10
20.879912
 20
40.465413
 42
0.028191
  0
VERTEX
  8
0
 10
20.435428
 20
40.961657
 42
0.014134
  0
VERTEX
  8
0
 10
19.822531
 20
41.539225
 42
0.014096
  0
VERTEX
  8
0
 10
19.164195
 20
42.092917
 42
0.023165
  0
VERTEX
  8
0
 10
18.573927
 20
42.518570
 42
0.014472
  0
VERTEX
  8
0
 10
17.814471
 20
42.983670
 42
0.014803
  0
VERTEX
  8
0
 10
17.034996
 20
43.400382
 42
0.015706
  0
VERTEX
  8
0
 10
16.305662
 20
43.734811
 42
0.031201
  0
VERTEX
  8
0
 10
15.705667
 20
43.944450
 42
-0.000267
  0
VERTEX
  8
0
 10
15.554442
 20
43.987003
 42
-0.000172
  0
VERTEX
  8
0
 10
15.379435
 20
44.036413
 42
-0.000173
  0
VERTEX
  8
0
 10
15.208445
 20
44.084817
 42
-0.000328
  0
VERTEX
  8
0
 10
15.070667
 20
44.123969
 42
0.027509
  0
VERTEX
  8
0
 10
14.537429
 20
44.244621
 42
0.012075
  0
VERTEX
  8
0
 10
13.820535
 20
44.348109
 42
0.012033
  0
VERTEX
  8
0
 10
13.066008
 20
44.420120
 42
0.017953
  0
VERTEX
  8
0
 10
12.403667
 20
44.443433
 42
0.016576
  0
VERTEX
  8
0
 10
11.722854
 20
44.420366
 42
0.012421
  0
VERTEX
  8
0
 10
10.975751
 20
44.351546
 42
0.006695
  0
VERTEX
  8
0
 10
10.282566
 20
44.260859
 42
0.161872
  0
VERTEX
  8
0
 10
10.110367
 20
44.174589
 42
-0.116060
  0
VERTEX
  8
0
 10
10.070863
 20
44.150134
 42
-0.028548
  0
VERTEX
  8
0
 10
9.996693
 20
44.129915
 42
-0.027692
  0
VERTEX
  8
0
 10
9.906780
 20
44.115986
 42
-0.024586
  0
VERTEX
  8
0
 10
9.812219
 20
44.111333
 42
0.028850
  0
VERTEX
  8
0
 10
9.718978
 20
44.105949
 42
0.035109
  0
VERTEX
  8
0
 10
9.633027
 20
44.089815
 42
0.037740
  0
VERTEX
  8
0
 10
9.564837
 20
44.066367
 42
0.153844
  0
VERTEX
  8
0
 10
9.532053
 20
44.038078
 42
-0.142894
  0
VERTEX
  8
0
 10
9.497409
 20
44.006864
 42
-0.025584
  0
VERTEX
  8
0
 10
9.416358
 20
43.972756
 42
-0.025798
  0
VERTEX
  8
0
 10
9.314212
 20
43.941651
 42
-0.020785
  0
VERTEX
  8
0
 10
9.201775
 20
43.918574
 42
0.077259
  0
VERTEX
  8
0
 10
8.408219
 20
43.659916
 42
0.022652
  0
VERTEX
  8
0
 10
7.288883
 20
43.027033
 42
0.023512
  0
VERTEX
  8
0
 10
6.184441
 20
42.260187
 42
0.045040
  0
VERTEX
  8
0
 10
5.391095
 20
41.530032
 42
0.009676
  0
VERTEX
  8
0
 10
4.705970
 20
40.744897
 42
0.020794
  0
VERTEX
  8
0
 10
4.215770
 20
40.108759
 42
0.020190
  0
VERTEX
  8
0
 10
3.771429
 20
39.422483
 42
0.008615
  0
VERTEX
  8
0
 10
3.230693
 20
38.471433
 42
0.013977
  0
VERTEX
  8
0
 10
3.159648
 20
38.332197
 42
0.004044
  0
VERTEX
  8
0
 10
3.057777
 20
38.113410
 42
0.002193
  0
VERTEX
  8
0
 10
2.897979
 20
37.758721
 42
0.000360
  0
VERTEX
  8
0
 10
2.592445
 20
37.071204
 42
0.012832
  0
VERTEX
  8
0
 10
2.539957
 20
36.944168
 42
0.013958
  0
VERTEX
  8
0
 10
2.495610
 20
36.818091
 42
0.013522
  0
VERTEX
  8
0
 10
2.463674
 20
36.708386
 42
0.064146
  0
VERTEX
  8
0
 10
2.455333
 20
36.643638
 42
-0.049824
  0
VERTEX
  8
0
 10
2.450215
 20
36.592400
 42
-0.034781
  0
VERTEX
  8
0
 10
2.434787
 20
36.536364
 42
-0.035191
  0
VERTEX
  8
0
 10
2.412192
 20
36.484171
 42
-0.059284
  0
VERTEX
  8
0
 10
2.385389
 20
36.444767
 42
0.075290
  0
VERTEX
  8
0
 10
2.352036
 20
36.392209
 42
0.011209
  0
VERTEX
  8
0
 10
2.303910
 20
36.276042
 42
0.012400
  0
VERTEX
  8
0
 10
2.253175
 20
36.135103
 42
0.010398
  0
VERTEX
  8
0
 10
2.206236
 20
35.983333
 42
-0.002546
  0
VERTEX
  8
0
 10
2.159086
 20
35.821947
 42
-0.002166
  0
VERTEX
  8
0
 10
2.107715
 20
35.652075
 42
-0.002182
  0
VERTEX
  8
0
 10
2.059605
 20
35.497841
 42
-0.006162
  0
VERTEX
  8
0
 10
2.024202
 20
35.390667
 42
0.010988
  0
VERTEX
  8
0
 10
1.989928
 20
35.283450
 42
0.003939
  0
VERTEX
  8
0
 10
1.945666
 20
35.129258
 42
0.003905
  0
VERTEX
  8
0
 10
1.899773
 20
34.959386
 42
0.004614
  0
VERTEX
  8
0
 10
1.859111
 20
34.798000
 42
-0.000428
  0
VERTEX
  8
0
 10
1.817667
 20
34.627501
 42
-0.000274
  0
VERTEX
  8
0
 10
1.769228
 20
34.429435
 42
-0.000275
  0
VERTEX
  8
0
 10
1.721547
 20
34.235389
 42
-0.000513
  0
VERTEX
  8
0
 10
1.682692
 20
34.078333
 42
0.009674
  0
VERTEX
  8
0
 10
1.616621
 20
33.788596
 42
0.003134
  0
VERTEX
  8
0
 10
1.529873
 20
33.357535
 42
0.002322
  0
VERTEX
  8
0
 10
1.416903
 20
32.762686
 42
0.000847
  0
VERTEX
  8
0
 10
1.262269
 20
31.919333
 42
0.014154
  0
VERTEX
  8
0
 10
1.064095
 20
30.619894
 42
0.014517
  0
VERTEX
  8
0
 10
0.941750
 20
29.322236
 42
0.011507
  0
VERTEX
  8
0
 10
0.877150
 20
27.783538
 42
0.004736
  0
VERTEX
  8
0
 10
0.857377
 20
25.696333
 42
0.005041
  0
VERTEX
  8
0
 10
0.878166
 20
23.634226
 42
0.010856
  0
VERTEX
  8
0
 10
0.944655
 20
22.047272
 42
0.013355
  0
VERTEX
  8
0
 10
1.066886
 20
20.697224
 42
0.014379
  0
VERTEX
  8
0
 10
1.258978
 20
19.388667
 42
-0.003034
  0
VERTEX
  8
0
 10
1.297403
 20
19.162710
 42
-0.001305
  0
VERTEX
  8
0
 10
1.346049
 20
18.860823
 42
-0.001291
  0
VERTEX
  8
0
 10
1.396184
 20
18.539065
 42
-0.001706
  0
VERTEX
  8
0
 10
1.440101
 20
18.245667
 42
0.006139
  0
VERTEX
  8
0
 10
1.483242
 20
17.973924
 42
0.007209
  0
VERTEX
  8
0
 10
1.530991
 20
17.717558
 42
0.006425
  0
VERTEX
  8
0
 10
1.577165
 20
17.502410
 42
0.043640
  0
VERTEX
  8
0
 10
1.610459
 20
17.399000
 42
-0.023642
  0
VERTEX
  8
0
 10
1.640811
 20
17.316218
 42
-0.010572
  0
VERTEX
  8
0
 10
1.673215
 20
17.204796
 42
-0.010438
  0
VERTEX
  8
0
 10
1.702583
 20
17.085305
 42
-0.013940
  0
VERTEX
  8
0
 10
1.723924
 20
16.975667
 42
0.011350
  0
VERTEX
  8
0
 10
1.749213
 20
16.842060
 42
0.003186
  0
VERTEX
  8
0
 10
1.794761
 20
16.634619
 42
0.003211
  0
VERTEX
  8
0
 10
1.849277
 20
16.400661
 42
0.003377
  0
VERTEX
  8
0
 10
1.905910
 20
16.171333
 42
-0.003787
  0
VERTEX
  8
0
 10
1.962739
 20
15.940396
 42
-0.003461
  0
VERTEX
  8
0
 10
2.017844
 20
15.701600
 42
-0.003461
  0
VERTEX
  8
0
 10
2.064108
 20
15.487642
 42
-0.011267
  0
VERTEX
  8
0
 10
2.090571
 20
15.345049
 42
0.022037
  0
VERTEX
  8
0
 10
2.113250
 20
15.235989
 42
0.026868
  0
VERTEX
  8
0
 10
2.144337
 20
15.136485
 42
0.027068
  0
VERTEX
  8
0
 10
2.178744
 20
15.057466
 42
0.138994
  0
VERTEX
  8
0
 10
2.210688
 20
15.022552
 42
-0.121728
  0
VERTEX
  8
0
 10
2.239610
 20
14.993020
 42
-0.047886
  0
VERTEX
  8
0
 10
2.263877
 20
14.941068
 42
-0.043729
  0
VERTEX
  8
0
 10
2.280430
 20
14.877279
 42
-0.041647
  0
VERTEX
  8
0
 10
2.286000
 20
14.810521
 42
0.038260
  0
VERTEX
  8
0
 10
2.291675
 20
14.736471
 42
0.023331
  0
VERTEX
  8
0
 10
2.309076
 20
14.650460
 42
0.023319
  0
VERTEX
  8
0
 10
2.334448
 20
14.566330
 42
0.037818
  0
VERTEX
  8
0
 10
2.364556
 20
14.498018
 42
-0.031875
  0
VERTEX
  8
0
 10
2.403235
 20
14.413010
 42
-0.006471
  0
VERTEX
  8
0
 10
2.460098
 20
14.257397
 42
-0.006799
  0
VERTEX
  8
0
 10
2.521515
 20
14.074394
 42
-0.006325
  0
VERTEX
  8
0
 10
2.579491
 20
13.885333
 42
0.004100
  0
VERTEX
  8
0
 10
2.637042
 20
13.694635
 42
0.004218
  0
VERTEX
  8
0
 10
2.697183
 20
13.506715
 42
0.004084
  0
VERTEX
  8
0
 10
2.752025
 20
13.344670
 42
0.017841
  0
VERTEX
  8
0
 10
2.788635
 20
13.250333
 42
-0.001672
  0
VERTEX
  8
0
 10
2.848256
 20
13.110300
 42
-0.000531
  0
VERTEX
  8
0
 10
2.936202
 20
12.901190
 42
-0.000410
  0
VERTEX
  8
0
 10
3.054273
 20
12.618964
 42
-0.000166
  0
VERTEX
  8
0
 10
3.214665
 20
12.234333
 42
0.014092
  0
VERTEX
  8
0
 10
3.397370
 20
11.828401
 42
0.003720
  0
VERTEX
  8
0
 10
3.712467
 20
11.190093
 42
0.003856
  0
VERTEX
  8
0
 10
4.040779
 20
10.549647
 42
0.011455
  0
VERTEX
  8
0
 10
4.279202
 20
10.117667
 42
-0.001863
  0
VERTEX
  8
0
 10
4.399530
 20
9.909208
 42
-0.001948
  0
VERTEX
  8
0
 10
4.516511
 20
9.702932
 42
-0.001869
  0
VERTEX
  8
0
 10
4.616204
 20
9.523970
 42
-0.008620
  0
VERTEX
  8
0
 10
4.671738
 20
9.419167
 42
0.027589
  0
VERTEX
  8
0
 10
4.714002
 20
9.346234
 42
0.035495
  0
VERTEX
  8
0
 10
4.760965
 20
9.284626
 42
0.038302
  0
VERTEX
  8
0
 10
4.805912
 20
9.240872
 42
0.175618
  0
VERTEX
  8
0
 10
4.839590
 20
9.228667
 42
-0.117011
  0
VERTEX
  8
0
 10
4.866701
 20
9.222234
 42
-0.100548
  0
VERTEX
  8
0
 10
4.889788
 20
9.204080
 42
-0.092901
  0
VERTEX
  8
0
 10
4.905287
 20
9.176933
 42
-0.083565
  0
VERTEX
  8
0
 10
4.910667
 20
9.144968
 42
0.093415
  0
VERTEX
  8
0
 10
4.918599
 20
9.102879
 42
0.026620
  0
VERTEX
  8
0
 10
4.946190
 20
9.042047
 42
0.025812
  0
VERTEX
  8
0
 10
4.985311
 20
8.975376
 42
0.024774
  0
VERTEX
  8
0
 10
5.031596
 20
8.912134
 42
-0.002100
  0
VERTEX
  8
0
 10
5.101827
 20
8.824775
 42
-0.000344
  0
VERTEX
  8
0
 10
5.236922
 20
8.655041
 42
-0.000379
  0
VERTEX
  8
0
 10
5.395599
 20
8.455085
 42
-0.000334
  0
VERTEX
  8
0
 10
5.560763
 20
8.246345
 42
0.012744
  0
VERTEX
  8
0
 10
6.061214
 20
7.645142
 42
0.013942
  0
VERTEX
  8
0
 10
6.577319
 20
7.088432
 42
0.013786
  0
VERTEX
  8
0
 10
7.129029
 20
6.555831
 42
0.011903
  0
VERTEX
  8
0
 10
7.736421
 20
6.026962
 42
0.022159
  0
VERTEX
  8
0
 10
8.035006
 20
5.800782
 42
0.010434
  0
VERTEX
  8
0
 10
8.439035
 20
5.534275
 42
0.005358
  0
VERTEX
  8
0
 10
8.846108
 20
5.283842
 42
0.136032
  0
VERTEX
  8
0
 10
8.970600
 20
5.249333
 42
-0.070429
  0
VERTEX
  8
0
 10
9.004512
 20
5.244533
 42
-0.086110
  0
VERTEX
  8
0
 10
9.033268
 20
5.230534
 42
-0.100195
  0
VERTEX
  8
0
 10
9.052493
 20
5.209740
 42
-0.137484
  0
VERTEX
  8
0
 10
9.059333
 20
5.185335
 42
0.226202
  0
VERTEX
  8
0
 10
9.074271
 20
5.154007
 42
0.025002
  0
VERTEX
  8
0
 10
9.140164
 20
5.105865
 42
0.026574
  0
VERTEX
  8
0
 10
9.229089
 20
5.054020
 42
0.018426
  0
VERTEX
  8
0
 10
9.334500
 20
5.004670
 42
0.004077
  0
VERTEX
  8
0
 10
10.247576
 20
4.626292
 42
0.019516
  0
VERTEX
  8
0
 10
10.777966
 20
4.435279
 42
0.027246
  0
VERTEX
  8
0
 10
11.236258
 20
4.317197
 42
0.013604
  0
VERTEX
  8
0
 10
11.826680
 20
4.215551
 42
0.030886
  0
VERTEX
  8
0
 10
12.985673
 20
4.120848
 42
0.025007
  0
VERTEX
  8
0
 10
14.233124
 20
4.158564
 42
0.025731
  0
VERTEX
  8
0
 10
15.399225
 20
4.313009
 42
0.050285
  0
VERTEX
  8
0
 10
16.298333
 20
4.575075
 42
-0.006132
  0
VERTEX
  8
0
 10
16.390442
 20
4.610995
 42
-0.001519
  0
VERTEX
  8
0
 10
16.542279
 20
4.667547
 42
-0.001553
  0
VERTEX
  8
0
 10
16.716507
 20
4.731223
 42
-0.001557
  0
VERTEX
  8
0
 10
16.891000
 20
4.793767
 42
0.010397
  0
VERTEX
  8
0
 10
17.074739
 20
4.863315
 42
0.007475
  0
VERTEX
  8
0
 10
17.277027
 20
4.948268
 42
0.007554
  0
VERTEX
  8
0
 10
17.467163
 20
5.034928
 42
0.016143
  0
VERTEX
  8
0
 10
17.610667
 20
5.108736
 42
-0.000371
  0
VERTEX
  8
0
 10
18.154604
 20
5.410555
 42
-0.001568
  0
VERTEX
  8
0
 10
18.481324
 20
5.590191
 42
-0.002542
  0
VERTEX
  8
0
 10
18.701638
 20
5.708975
 42
-0.006964
  0
VERTEX
  8
0
 10
18.858839
 20
5.789913
 42
0.024839
  0
VERTEX
  8
0
 10
18.931578
 20
5.830716
 42
0.032833
  0
VERTEX
  8
0
 10
18.993108
 20
5.875250
 42
0.034513
  0
VERTEX
  8
0
 10
19.037336
 20
5.917385
 42
0.184614
  0
VERTEX
  8
0
 10
19.049339
 20
5.947833
 42
-0.133792
  0
VERTEX
  8
0
 10
19.056209
 20
5.972051
 42
-0.099279
  0
VERTEX
  8
0
 10
19.075058
 20
5.992680
 42
-0.086377
  0
VERTEX
  8
0
 10
19.103064
 20
6.006564
 42
-0.072103
  0
VERTEX
  8
0
 10
19.135963
 20
6.011333
 42
0.151124
  0
VERTEX
  8
0
 10
19.236428
 20
6.042408
 42
0.002195
  0
VERTEX
  8
0
 10
19.755640
 20
6.400941
 42
0.006724
  0
VERTEX
  8
0
 10
20.261567
 20
6.763795
 42
0.013080
  0
VERTEX
  8
0
 10
20.653612
 20
7.069188
 42
0.026249
  0
VERTEX
  8
0
 10
22.355752
 20
8.624747
 42
0.021755
  0
VERTEX
  8
0
 10
24.001123
 20
10.447215
 42
0.019205
  0
VERTEX
  8
0
 10
25.666027
 20
12.626114
 42
0.012432
  0
VERTEX
  8
0
 10
27.429534
 20
15.264529
 42
-0.005151
  0
VERTEX
  8
0
 10
27.947943
 20
16.065120
 42
-0.062914
  0
VERTEX
  8
0
 10
28.185549
 20
16.341221
 42
-0.479702
  0
VERTEX
  8
0
 10
28.304404
 20
16.322038
 42
-0.128057
  0
VERTEX
  8
0
 10
28.362037
 20
16.106684
 42
0.032567
  0
VERTEX
  8
0
 10
28.368093
 20
16.022570
 42
0.022147
  0
VERTEX
  8
0
 10
28.385399
 20
15.928146
 42
0.022369
  0
VERTEX
  8
0
 10
28.410343
 20
15.838118
 42
0.041102
  0
VERTEX
  8
0
 10
28.439748
 20
15.768018
 42
-0.029192
  0
VERTEX
  8
0
 10
28.475049
 20
15.689175
 42
-0.008639
  0
VERTEX
  8
0
 10
28.519826
 20
15.564703
 42
-0.008638
  0
VERTEX
  8
0
 10
28.565410
 20
15.422776
 42
-0.009207
  0
VERTEX
  8
0
 10
28.605048
 20
15.282333
 42
0.003639
  0
VERTEX
  8
0
 10
28.759635
 20
14.710315
 42
0.007984
  0
VERTEX
  8
0
 10
28.888063
 20
14.275489
 42
0.006396
  0
VERTEX
  8
0
 10
28.994931
 20
13.948576
 42
0.099616
  0
VERTEX
  8
0
 10
29.053945
 20
13.847233
 42
-0.084492
  0
VERTEX
  8
0
 10
29.081397
 20
13.803183
 42
-0.032611
  0
VERTEX
  8
0
 10
29.104363
 20
13.734692
 42
-0.031143
  0
VERTEX
  8
0
 10
29.120071
 20
13.655605
 42
-0.033463
  0
VERTEX
  8
0
 10
29.125333
 20
13.577063
 42
0.036385
  0
VERTEX
  8
0
 10
29.130873
 20
13.501034
 42
0.040604
  0
VERTEX
  8
0
 10
29.147385
 20
13.429433
 42
0.044552
  0
VERTEX
  8
0
 10
29.171524
 20
13.371834
 42
0.133619
  0
VERTEX
  8
0
 10
29.200402
 20
13.340932
 42
-0.142149
  0
VERTEX
  8
0
 10
29.232969
 20
13.304891
 42
-0.023408
  0
VERTEX
  8
0
 10
29.270375
 20
13.217781
 42
-0.024117
  0
VERTEX
  8
0
 10
29.305593
 20
13.108054
 42
-0.019228
  0
VERTEX
  8
0
 10
29.333194
 20
12.986845
 42
0.012672
  0
VERTEX
  8
0
 10
29.360561
 20
12.858942
 42
0.011690
  0
VERTEX
  8
0
 10
29.395040
 20
12.729076
 42
0.011773
  0
VERTEX
  8
0
 10
29.431181
 20
12.614849
 42
0.037590
  0
VERTEX
  8
0
 10
29.462674
 20
12.541410
 42
-0.013994
  0
VERTEX
  8
0
 10
29.566016
 20
12.328716
 42
-0.007625
  0
VERTEX
  8
0
 10
29.681484
 20
12.062347
 42
-0.003944
  0
VERTEX
  8
0
 10
29.787865
 20
11.800503
 42
-0.094787
  0
VERTEX
  8
0
 10
29.802667
 20
11.723124
 42
0.124580
  0
VERTEX
  8
0
 10
29.894427
 20
11.360560
 42
0.003502
  0
VERTEX
  8
0
 10
30.676270
 20
9.938775
 42
0.007028
  0
VERTEX
  8
0
 10
31.453494
 20
8.593297
 42
0.036297
  0
VERTEX
  8
0
 10
31.946018
 20
7.889274
 42
0.021370
  0
VERTEX
  8
0
 10
32.199342
 20
7.603767
 42
0.004232
  0
VERTEX
  8
0
 10
32.678675
 20
7.116258
 42
0.003800
  0
VERTEX
  8
0
 10
33.165778
 20
6.636509
 42
0.028480
  0
VERTEX
  8
0
 10
33.410755
 20
6.424557
 42
0.026759
  0
VERTEX
  8
0
 10
33.711942
 20
6.217266
 42
0.009843
  0
VERTEX
  8
0
 10
34.157527
 20
5.956425
 42
0.005322
  0
VERTEX
  8
0
 10
34.612692
 20
5.708195
 42
0.122770
  0
VERTEX
  8
0
 10
34.755206
 20
5.672667
 42
-0.057368
  0
VERTEX
  8
0
 10
34.803580
 20
5.667098
 42
-0.050134
  0
VERTEX
  8
0
 10
34.851796
 20
5.650615
 42
-0.052859
  0
VERTEX
  8
0
 10
34.892723
 20
5.626348
 42
-0.094378
  0
VERTEX
  8
0
 10
34.919068
 20
5.597598
 42
0.143797
  0
VERTEX
  8
0
 10
34.955502
 20
5.564889
 42
0.022511
  0
VERTEX
  8
0
 10
35.045375
 20
5.526792
 42
0.023464
  0
VERTEX
  8
0
 10
35.158573
 20
5.490656
 42
0.018540
  0
VERTEX
  8
0
 10
35.283898
 20
5.461971
 42
-0.003565
  0
VERTEX
  8
0
 10
35.421309
 20
5.434822
 42
-0.002740
  0
VERTEX
  8
0
 10
35.570970
 20
5.403287
 42
-0.002770
  0
VERTEX
  8
0
 10
35.710610
 20
5.372252
 42
-0.006586
  0
VERTEX
  8
0
 10
35.814000
 20
5.347235
 42
0.058262
  0
VERTEX
  8
0
 10
36.188980
 20
5.296615
 42
0.010180
  0
VERTEX
  8
0
 10
36.903289
 20
5.298450
 42
0.011365
  0
VERTEX
  8
0
 10
37.626972
 20
5.331515
 42
0.037361
  0
VERTEX
  8
0
 10
38.100000
 20
5.399658
 42
0.012250
  0
VERTEX
  8
0
 10
38.427021
 20
5.480468
 42
0.026053
  0
VERTEX
  8
0
 10
38.674432
 20
5.562142
 42
0.019665
  0
VERTEX
  8
0
 10
38.951501
 20
5.682652
 42
0.004434
  0
VERTEX
  8
0
 10
39.412333
 20
5.910087
 42
0.032775
  0
VERTEX
  8
0
 10
40.050019
 20
6.286165
 42
0.026808
  0
VERTEX
  8
0
 10
40.679447
 20
6.766630
 42
0.025337
  0
VERTEX
  8
0
 10
41.289141
 20
7.341775
 42
0.022078
  0
VERTEX
  8
0
 10
41.867667
 20
8.001737
 42
-0.002400
  0
VERTEX
  8
0
 10
42.001181
 20
8.166710
 42
-0.003366
  0
VERTEX
  8
0
 10
42.122087
 20
8.312631
 42
-0.002010
  0
VERTEX
  8
0
 10
42.225192
 20
8.434379
 42
-0.044930
  0
VERTEX
  8
0
 10
42.258203
 20
8.466667
 42
0.094382
  0
VERTEX
  8
0
 10
42.615109
 20
8.892052
 42
0.004301
  0
VERTEX
  8
0
 10
43.532194
 20
10.565688
 42
0.007335
  0
VERTEX
  8
0
 10
44.389189
 20
12.219880
 42
0.031614
  0
VERTEX
  8
0
 10
44.820585
 20
13.239869
 42
-0.104217
  0
VERTEX
  8
0
 10
44.861008
 20
13.306607
 42
-0.348070
  0
VERTEX
  8
0
 10
44.908286
 20
13.313684
 42
-0.096779
  0
VERTEX
  8
0
 10
44.976529
 20
13.254520
 42
-0.008440
  0
VERTEX
  8
0
 10
45.115438
 20
13.070536
 42
0.030045
  0
VERTEX
  8
0
 10
45.371870
 20
12.759766
 42
0.017716
  0
VERTEX
  8
0
 10
45.712333
 20
12.419297
 42
0.017159
  0
VERTEX
  8
0
 10
46.095242
 20
12.086387
 42
0.019851
  0
VERTEX
  8
0
 10
46.482410
 20
11.797128
 42
0.021224
  0
VERTEX
  8
0
 10
46.862590
 20
11.559030
 42
0.015190
  0
VERTEX
  8
0
 10
47.306105
 20
11.324343
 42
0.011874
  0
VERTEX
  8
0
 10
47.721518
 20
11.132531
 42
0.102563
  0
VERTEX
  8
0
 10
47.920246
 20
11.091333
 42
-0.061604
  0
VERTEX
  8
0
 10
47.979930
 20
11.083952
 42
-0.039105
  0
VERTEX
  8
0
 10
48.046418
 20
11.061603
 42
-0.038870
  0
VERTEX
  8
0
 10
48.109258
 20
11.028876
 42
-0.056950
  0
VERTEX
  8
0
 10
48.158011
 20
10.990122
 42
0.162741
  0
VERTEX
  8
0
 10
48.252300
 20
10.943084
 42
0.014169
  0
VERTEX
  8
0
 10
48.522184
 20
10.912797
 42
0.014353
  0
VERTEX
  8
0
 10
48.899115
 20
10.892153
 42
0.005510
  0
VERTEX
  8
0
 10
49.423778
 20
10.884289
 42
0.011388
  0
VERTEX
  8
0
 10
50.249670
 20
10.899822
 42
0.046270
  0
VERTEX
  8
0
 10
50.747384
 20
10.966945
 42
0.044496
  0
VERTEX
  8
0
 10
51.233472
 20
11.125585
 42
0.009999
  0
VERTEX
  8
0
 10
52.027667
 20
11.484445
 42
0.003385
  0
VERTEX
  8
0
 10
52.228401
 20
11.581699
 42
0.004370
  0
VERTEX
  8
0
 10
52.411313
 20
11.673847
 42
0.003343
  0
VERTEX
  8
0
 10
52.563242
 20
11.753348
 42
0.038152
  0
VERTEX
  8
0
 10
52.620333
 20
11.789545
 42
-0.001392
  0
VERTEX
  8
0
 10
52.676057
 20
11.830906
 42
-0.000102
  0
VERTEX
  8
0
 10
52.829354
 20
11.943984
 42
-0.000142
  0
VERTEX
  8
0
 10
53.012257
 20
12.078762
 42
-0.000108
  0
VERTEX
  8
0
 10
53.213000
 20
12.226531
 42
0.026376
  0
VERTEX
  8
0
 10
53.654509
 20
12.588760
 42
0.011271
  0
VERTEX
  8
0
 10
54.206951
 20
13.116315
 42
0.011244
  0
VERTEX
  8
0
 10
54.761381
 20
13.695683
 42
0.016641
  0
VERTEX
  8
0
 10
55.218428
 20
14.229968
 42
0.020900
  0
VERTEX
  8
0
 10
55.557694
 20
14.692779
 42
0.006438
  0
VERTEX
  8
0
 10
56.030419
 20
15.417629
 42
0.002719
  0
VERTEX
  8
0
 10
56.506633
 20
16.177902
 42
0.113471
  0
VERTEX
  8
0
 10
56.568435
 20
16.359415
 42
-0.884989
  0
VERTEX
  8
0
 10
56.603102
 20
16.360098
 42
-0.008157
  0
VERTEX
  8
0
 10
56.674112
 20
15.796107
 42
-0.006795
  0
VERTEX
  8
0
 10
56.750593
 20
14.996370
 42
-0.005557
  0
VERTEX
  8
0
 10
56.811236
 20
14.139333
 42
0.002912
  0
VERTEX
  8
0
 10
56.846961
 20
13.593433
 42
0.002764
  0
VERTEX
  8
0
 10
56.889616
 20
13.038402
 42
0.002743
  0
VERTEX
  8
0
 10
56.932748
 20
12.547939
 42
0.009742
  0
VERTEX
  8
0
 10
56.968236
 20
12.234333
 42
0.003182
  0
VERTEX
  8
0
 10
57.080305
 20
11.430513
 42
0.007581
  0
VERTEX
  8
0
 10
57.176409
 20
10.835197
 42
0.007304
  0
VERTEX
  8
0
 10
57.260351
 20
10.398310
 42
0.073598
  0
VERTEX
  8
0
 10
57.324010
 20
10.224649
 42
-0.045667
  0
VERTEX
  8
0
 10
57.354705
 20
10.153446
 42
-0.023511
  0
VERTEX
  8
0
 10
57.380503
 20
10.059771
 42
-0.023159
  0
VERTEX
  8
0
 10
57.398161
 20
9.960136
 42
-0.032287
  0
VERTEX
  8
0
 10
57.404000
 20
9.869812
 42
0.032520
  0
VERTEX
  8
0
 10
57.409396
 20
9.786940
 42
0.037944
  0
VERTEX
  8
0
 10
57.425519
 20
9.709741
 42
0.041385
  0
VERTEX
  8
0
 10
57.449026
 20
9.648123
 42
0.143482
  0
VERTEX
  8
0
 10
57.477255
 20
9.616719
 42
-0.142328
  0
VERTEX
  8
0
 10
57.508448
 20
9.582176
 42
-0.025803
  0
VERTEX
  8
0
 10
57.542458
 20
9.501759
 42
-0.025955
  0
VERTEX
  8
0
 10
57.573431
 20
9.400421
 42
-0.020965
  0
VERTEX
  8
0
 10
57.596354
 20
9.288942
 42
0.046966
  0
VERTEX
  8
0
 10
57.675391
 20
8.985417
 42
0.019748
  0
VERTEX
  8
0
 10
57.835183
 20
8.594562
 42
0.019189
  0
VERTEX
  8
0
 10
58.041886
 20
8.183532
 42
0.022305
  0
VERTEX
  8
0
 10
58.270175
 20
7.810289
 42
0.038189
  0
VERTEX
  8
0
 10
58.677911
 20
7.295504
 42
0.043242
  0
VERTEX
  8
0
 10
59.143850
 20
6.871636
 42
0.040394
  0
VERTEX
  8
0
 10
59.703126
 20
6.512386
 42
0.027073
  0
VERTEX
  8
0
 10
60.392484
 20
6.191129
 42
0.083346
  0
VERTEX
  8
0
 10
60.716325
 20
6.120185
 42
0.009895
  0
VERTEX
  8
0
 10
61.453977
 20
6.098370
 42
0.008518
  0
VERTEX
  8
0
 10
62.198622
 20
6.103774
 42
0.112156
  0
VERTEX
  8
0
 10
62.463982
 20
6.170874
 42
-0.003670
  0
VERTEX
  8
0
 10
62.555165
 20
6.216473
 42
-0.000422
  0
VERTEX
  8
0
 10
62.761052
 20
6.317335
 42
-0.000509
  0
VERTEX
  8
0
 10
63.006180
 20
6.436855
 42
-0.000415
  0
VERTEX
  8
0
 10
63.268835
 20
6.564321
 42
0.034590
  0
VERTEX
  8
0
 10
63.816853
 20
6.878198
 42
0.020136
  0
VERTEX
  8
0
 10
64.429640
 20
7.324578
 42
0.020140
  0
VERTEX
  8
0
 10
65.004138
 20
7.818475
 42
0.034798
  0
VERTEX
  8
0
 10
65.433855
 20
8.278956
 42
-0.001760
  0
VERTEX
  8
0
 10
65.554579
 20
8.426786
 42
-0.001482
  0
VERTEX
  8
0
 10
65.683435
 20
8.582502
 42
-0.001494
  0
VERTEX
  8
0
 10
65.801888
 20
8.723925
 42
-0.004147
  0
VERTEX
  8
0
 10
65.886287
 20
8.822410
 42
0.029223
  0
VERTEX
  8
0
 10
66.107890
 20
9.108895
 42
0.004325
  0
VERTEX
  8
0
 10
66.515715
 20
9.716269
 42
0.005096
  0
VERTEX
  8
0
 10
66.918023
 20
10.340529
 42
0.016128
  0
VERTEX
  8
0
 10
67.169409
 20
10.769554
 42
-0.002084
  0
VERTEX
  8
0
 10
67.264102
 20
10.942093
 42
-0.000991
  0
VERTEX
  8
0
 10
67.387392
 20
11.163498
 42
-0.000982
  0
VERTEX
  8
0
 10
67.517200
 20
11.394462
 42
-0.001393
  0
VERTEX
  8
0
 10
67.633628
 20
11.599333
 42
0.005878
  0
VERTEX
  8
0
 10
67.760910
 20
11.828055
 42
0.002447
  0
VERTEX
  8
0
 10
67.927558
 20
12.139613
 42
0.002420
  0
VERTEX
  8
0
 10
68.102797
 20
12.475042
 42
0.003128
  0
VERTEX
  8
0
 10
68.260207
 20
12.784667
 42
-0.005218
  0
VERTEX
  8
0
 10
68.402919
 20
13.062502
 42
-0.007870
  0
VERTEX
  8
0
 10
68.533546
 20
13.301222
 42
-0.003738
  0
VERTEX
  8
0
 10
68.648580
 20
13.500325
 42
-0.157967
  0
VERTEX
  8
0
 10
68.684881
 20
13.532556
 42
0.087362
  0
VERTEX
  8
0
 10
68.709527
 20
13.548951
 42
0.063176
  0
VERTEX
  8
0
 10
68.730400
 20
13.574589
 42
0.062128
  0
VERTEX
  8
0
 10
68.744526
 20
13.605143
 42
0.077390
  0
VERTEX
  8
0
 10
68.749333
 20
13.636015
 42
-0.106167
  0
VERTEX
  8
0
 10
68.768650
 20
13.725966
 42
-0.001147
  0
VERTEX
  8
0
 10
69.030502
 20
14.303960
 42
-0.003402
  0
VERTEX
  8
0
 10
69.348897
 20
14.990088
 42
-0.001889
  0
VERTEX
  8
0
 10
69.746077
 20
15.822805
 42
0.000000
  0
VERTEX
  8
0
 10
69.965600
 20
16.278609
 42
0.000000
  0
VERTEX
  8
0
 10
70.125901
 20
16.076805
 42
0.008690
  0
VERTEX
  8
0
 10
70.474858
 20
15.652841
 42
0.007484
  0
VERTEX
  8
0
 10
70.855874
 20
15.219300
 42
0.004414
  0
VERTEX
  8
0
 10
71.400036
 20
14.629057
 42
0.000914
  0
VERTEX
  8
0
 10
72.368454
 20
13.600839
 42
-0.002999
  0
VERTEX
  8
0
 10
72.686646
 20
13.260162
 42
-0.003317
  0
VERTEX
  8
0
 10
72.990146
 20
12.926875
 42
-0.003080
  0
VERTEX
  8
0
 10
73.245553
 20
12.639090
 42
-0.017026
  0
VERTEX
  8
0
 10
73.376674
 20
12.478806
 42
-0.049812
  0
VERTEX
  8
0
 10
73.507354
 20
12.266643
 42
-0.187692
  0
VERTEX
  8
0
 10
73.519830
 20
12.113818
 42
-0.133839
  0
VERTEX
  8
0
 10
73.424836
 20
11.960846
 42
-0.021135
  0
VERTEX
  8
0
 10
73.153214
 20
11.728921
 42
0.031248
  0
VERTEX
  8
0
 10
72.669759
 20
11.298927
 42
0.015443
  0
VERTEX
  8
0
 10
72.109088
 20
10.697690
 42
0.015088
  0
VERTEX
  8
0
 10
71.554374
 20
10.024818
 42
0.018918
  0
VERTEX
  8
0
 10
71.083638
 20
9.367438
 42
0.003643
  0
VERTEX
  8
0
 10
70.837986
 20
8.989467
 42
0.005564
  0
VERTEX
  8
0
 10
70.630952
 20
8.657702
 42
0.002202
  0
VERTEX
  8
0
 10
70.458360
 20
8.371319
 42
0.135310
  0
VERTEX
  8
0
 10
70.442667
 20
8.314392
 42
-0.079184
  0
VERTEX
  8
0
 10
70.435313
 20
8.268251
 42
-0.013795
  0
VERTEX
  8
0
 10
70.405514
 20
8.184981
 42
-0.014678
  0
VERTEX
  8
0
 10
70.364610
 20
8.088398
 42
-0.012692
  0
VERTEX
  8
0
 10
70.316188
 20
7.989511
 42
0.025219
  0
VERTEX
  8
0
 10
70.267730
 20
7.883933
 42
0.020909
  0
VERTEX
  8
0
 10
70.226710
 20
7.767253
 42
0.021412
  0
VERTEX
  8
0
 10
70.198144
 20
7.656959
 42
0.051949
  0
VERTEX
  8
0
 10
70.189188
 20
7.573433
 42
-0.048500
  0
VERTEX
  8
0
 10
70.181807
 20
7.499819
 42
-0.037596
  0
VERTEX
  8
0
 10
70.160154
 20
7.422186
 42
-0.038660
  0
VERTEX
  8
0
 10
70.128527
 20
7.352204
 42
-0.071036
  0
VERTEX
  8
0
 10
70.091079
 20
7.302279
 42
0.193689
  0
VERTEX
  8
0
 10
70.002953
 20
7.095434
 42
0.005288
  0
VERTEX
  8
0
 10
69.993405
 20
6.094854
 42
0.005297
  0
VERTEX
  8
0
 10
70.005040
 20
5.094428
 42
0.193143
  0
VERTEX
  8
0
 10
70.093577
 20
4.887223
 42
-0.068511
  0
VERTEX
  8
0
 10
70.130019
 20
4.839145
 42
-0.039008
  0
VERTEX
  8
0
 10
70.160734
 20
4.772840
 42
-0.038148
  0
VERTEX
  8
0
 10
70.181676
 20
4.699893
 42
-0.050872
  0
VERTEX
  8
0
 10
70.188667
 20
4.631362
 42
0.086062
  0
VERTEX
  8
0
 10
70.221469
 20
4.442200
 42
0.022835
  0
VERTEX
  8
0
 10
70.338116
 20
4.157667
 42
0.019592
  0
VERTEX
  8
0
 10
70.519040
 20
3.804910
 42
0.010721
  0
VERTEX
  8
0
 10
70.766643
 20
3.386667
 42
0.055284
  0
VERTEX
  8
0
 10
71.369267
 20
2.620398
 42
0.036425
  0
VERTEX
  8
0
 10
72.212252
 20
1.879395
 42
0.036860
  0
VERTEX
  8
0
 10
73.107015
 20
1.300055
 42
0.087630
  0
VERTEX
  8
0
 10
73.855286
 20
1.047010
 42
-0.015613
  0
VERTEX
  8
0
 10
73.998459
 20
1.020585
 42
-0.017214
  0
VERTEX
  8
0
 10
74.135067
 20
0.985971
 42
-0.016834
  0
VERTEX
  8
0
 10
74.249115
 20
0.948651
 42
-0.079195
  0
VERTEX
  8
0
 10
74.309153
 20
0.915228
 42
0.172167
  0
VERTEX
  8
0
 10
74.505833
 20
0.848948
 42
0.003372
  0
VERTEX
  8
0
 10
75.585693
 20
0.873459
 42
0.007640
  0
VERTEX
  8
0
 10
76.607471
 20
0.919179
 42
0.043494
  0
VERTEX
  8
0
 10
77.145003
 20
0.998732
 42
0.027683
  0
VERTEX
  8
0
 10
77.468835
 20
1.095091
 42
0.012533
  0
VERTEX
  8
0
 10
77.881672
 20
1.255040
 42
0.008363
  0
VERTEX
  8
0
 10
78.275333
 20
1.426803
 42
0.110039
  0
VERTEX
  8
0
 10
78.401333
 20
1.522062
 42
-0.064495
  0
VERTEX
  8
0
 10
78.434498
 20
1.552206
 42
-0.002920
  0
VERTEX
  8
0
 10
78.561438
 20
1.639626
 42
-0.004846
  0
VERTEX
  8
0
 10
78.714035
 20
1.741256
 42
-0.003447
  0
VERTEX
  8
0
 10
78.886924
 20
1.852307
 42
0.045484
  0
VERTEX
  8
0
 10
79.409628
 20
2.253785
 42
0.022487
  0
VERTEX
  8
0
 10
79.998751
 20
2.849359
 42
0.022490
  0
VERTEX
  8
0
 10
80.534105
 20
3.497987
 42
0.043777
  0
VERTEX
  8
0
 10
80.888972
 20
4.067108
 42
0.008981
  0
VERTEX
  8
0
 10
81.006291
 20
4.308689
 42
0.011431
  0
VERTEX
  8
0
 10
81.105340
 20
4.535795
 42
0.009507
  0
VERTEX
  8
0
 10
81.179821
 20
4.728173
 42
0.087819
  0
VERTEX
  8
0
 10
81.195333
 20
4.815809
 42
-0.060600
  0
VERTEX
  8
0
 10
81.203059
 20
4.879320
 42
-0.039076
  0
VERTEX
  8
0
 10
81.226422
 20
4.949768
 42
-0.038940
  0
VERTEX
  8
0
 10
81.260641
 20
5.016116
 42
-0.057912
  0
VERTEX
  8
0
 10
81.301167
 20
5.067300
 42
0.193127
  0
VERTEX
  8
0
 10
81.395657
 20
5.288418
 42
0.004714
  0
VERTEX
  8
0
 10
81.410176
 20
6.417665
 42
0.006991
  0
VERTEX
  8
0
 10
81.398618
 20
7.512701
 42
0.104714
  0
VERTEX
  8
0
 10
81.310817
 20
7.882349
 42
-0.019333
  0
VERTEX
  8
0
 10
81.266453
 20
7.986350
 42
-0.006910
  0
VERTEX
  8
0
 10
81.211022
 20
8.137861
 42
-0.006844
  0
VERTEX
  8
0
 10
81.154737
 20
8.305891
 42
-0.008037
  0
VERTEX
  8
0
 10
81.106153
 20
8.466667
 42
0.030332
  0
VERTEX
  8
0
 10
80.986062
 20
8.808293
 42
0.008638
  0
VERTEX
  8
0
 10
80.758704
 20
9.322991
 42
0.008582
  0
VERTEX
  8
0
 10
80.478709
 20
9.902041
 42
0.008475
  0
VERTEX
  8
0
 10
80.177877
 20
10.473584
 42
-0.014164
  0
VERTEX
  8
0
 10
80.078260
 20
10.668183
 42
-0.067361
  0
VERTEX
  8
0
 10
80.040169
 20
10.786982
 42
-0.119754
  0
VERTEX
  8
0
 10
80.045763
 20
10.876220
 42
-0.098250
  0
VERTEX
  8
0
 10
80.091416
 20
10.960417
 42
-0.041519
  0
VERTEX
  8
0
 10
80.140548
 20
11.010509
 42
-0.039177
  0
VERTEX
  8
0
 10
80.198197
 20
11.052877
 42
-0.041693
  0
VERTEX
  8
0
 10
80.255408
 20
11.082091
 42
-0.097505
  0
VERTEX
  8
0
 10
80.302351
 20
11.091333
 42
0.087235
  0
VERTEX
  8
0
 10
80.363689
 20
11.102117
 42
0.009683
  0
VERTEX
  8
0
 10
80.496941
 20
11.153406
 42
0.011557
  0
VERTEX
  8
0
 10
80.654171
 20
11.221726
 42
0.009120
  0
VERTEX
  8
0
 10
80.821151
 20
11.302646
 42
-0.005459
  0
VERTEX
  8
0
 10
80.985180
 20
11.383624
 42
-0.007679
  0
VERTEX
  8
0
 10
81.133345
 20
11.451989
 42
-0.004842
  0
VERTEX
  8
0
 10
81.258695
 20
11.506062
 42
-0.098265
  0
VERTEX
  8
0
 10
81.299046
 20
11.514312
 42
0.093812
  0
VERTEX
  8
0
 10
81.341265
 20
11.522557
 42
0.002922
  0
VERTEX
  8
0
 10
81.505302
 20
11.589175
 42
0.005618
  0
VERTEX
  8
0
 10
81.698055
 20
11.671318
 42
0.003852
  0
VERTEX
  8
0
 10
81.915000
 20
11.768667
 42
-0.003077
  0
VERTEX
  8
0
 10
82.131022
 20
11.866003
 42
-0.004616
  0
VERTEX
  8
0
 10
82.320868
 20
11.948054
 42
-0.001990
  0
VERTEX
  8
0
 10
82.483719
 20
12.015899
 42
-0.098002
  0
VERTEX
  8
0
 10
82.517915
 20
12.022667
 42
0.107010
  0
VERTEX
  8
0
 10
82.575232
 20
12.035076
 42
0.000654
  0
VERTEX
  8
0
 10
83.062771
 20
12.257332
 42
0.002902
  0
VERTEX
  8
0
 10
83.580610
 20
12.497864
 42
0.002701
  0
VERTEX
  8
0
 10
84.108175
 20
12.750139
 42
-0.016299
  0
VERTEX
  8
0
 10
84.210658
 20
12.795764
 42
-0.016597
  0
VERTEX
  8
0
 10
84.315285
 20
12.834320
 42
-0.016606
  0
VERTEX
  8
0
 10
84.408220
 20
12.861716
 42
-0.063449
  0
VERTEX
  8
0
 10
84.468008
 20
12.869333
 42
0.072631
  0
VERTEX
  8
0
 10
84.511567
 20
12.875694
 42
0.087428
  0
VERTEX
  8
0
 10
84.548515
 20
12.894204
 42
0.100491
  0
VERTEX
  8
0
 10
84.573215
 20
12.921713
 42
0.133622
  0
VERTEX
  8
0
 10
84.582000
 20
12.954000
 42
-0.109094
  0
VERTEX
  8
0
 10
84.589133
 20
12.986301
 42
-0.099783
  0
VERTEX
  8
0
 10
84.609330
 20
13.013796
 42
-0.095291
  0
VERTEX
  8
0
 10
84.639517
 20
13.032234
 42
-0.089817
  0
VERTEX
  8
0
 10
84.675038
 20
13.038667
 42
0.088290
  0
VERTEX
  8
0
 10
84.776782
 20
13.056774
 42
0.010544
  0
VERTEX
  8
0
 10
84.990530
 20
13.140499
 42
0.008441
  0
VERTEX
  8
0
 10
85.307790
 20
13.278881
 42
0.002141
  0
VERTEX
  8
0
 10
85.818106
 20
13.514445
 42
-0.007967
  0
VERTEX
  8
0
 10
85.990573
 20
13.591632
 42
-0.010238
  0
VERTEX
  8
0
 10
86.151654
 20
13.656793
 42
-0.008288
  0
VERTEX
  8
0
 10
86.287757
 20
13.706066
 42
-0.082882
  0
VERTEX
  8
0
 10
86.347272
 20
13.716000
 42
0.085634
  0
VERTEX
  8
0
 10
86.384463
 20
13.722417
 42
0.093748
  0
VERTEX
  8
0
 10
86.416057
 20
13.740871
 42
0.100347
  0
VERTEX
  8
0
 10
86.437187
 20
13.768370
 42
0.114280
  0
VERTEX
  8
0
 10
86.444667
 20
13.800667
 42
-0.139299
  0
VERTEX
  8
0
 10
86.453840
 20
13.832953
 42
-0.100023
  0
VERTEX
  8
0
 10
86.479623
 20
13.860463
 42
-0.085487
  0
VERTEX
  8
0
 10
86.518184
 20
13.878987
 42
-0.069431
  0
VERTEX
  8
0
 10
86.563666
 20
13.885333
 42
0.072580
  0
VERTEX
  8
0
 10
86.629324
 20
13.894915
 42
0.014118
  0
VERTEX
  8
0
 10
86.743325
 20
13.932446
 42
0.014731
  0
VERTEX
  8
0
 10
86.874820
 20
13.984319
 42
0.013154
  0
VERTEX
  8
0
 10
87.008166
 20
14.045718
 42
0.000014
  0
VERTEX
  8
0
 10
87.218272
 20
14.149251
 42
0.000001
  0
VERTEX
  8
0
 10
87.760338
 20
14.416383
 42
0.000002
  0
VERTEX
  8
0
 10
88.406963
 20
14.735047
 42
0.000001
  0
VERTEX
  8
0
 10
89.111667
 20
15.082337
 42
0.004139
  0
VERTEX
  8
0
 10
90.233706
 20
15.646894
 42
0.006079
  0
VERTEX
  8
0
 10
91.209788
 20
16.163274
 42
0.003306
  0
VERTEX
  8
0
 10
92.022306
 20
16.612841
 42
0.096633
  0
VERTEX
  8
0
 10
92.202000
 20
16.765631
 42
-0.063263
  0
VERTEX
  8
0
 10
92.226761
 20
16.789687
 42
-0.020063
  0
VERTEX
  8
0
 10
92.269204
 20
16.819004
 42
-0.019673
  0
VERTEX
  8
0
 10
92.319608
 20
16.848201
 42
-0.020679
  0
VERTEX
  8
0
 10
92.371333
 20
16.872826
 42
0.043604
  0
VERTEX
  8
0
 10
92.450483
 20
16.915057
 42
0.003359
  0
VERTEX
  8
0
 10
92.651673
 20
17.048025
 42
0.004583
  0
VERTEX
  8
0
 10
92.889504
 20
17.210695
 42
0.003480
  0
VERTEX
  8
0
 10
93.147341
 20
17.393220
 42
0.000000
  0
VERTEX
  8
0
 10
93.796348
 20
17.859472
 42
0.000000
  0
VERTEX
  8
0
 10
94.077232
 20
17.417570
 42
0.017533
  0
VERTEX
  8
0
 10
94.646919
 20
16.587119
 42
0.016925
  0
VERTEX
  8
0
 10
95.279845
 20
15.788517
 42
0.011520
  0
VERTEX
  8
0
 10
96.152587
 20
14.807513
 42
0.003253
  0
VERTEX
  8
0
 10
97.557167
 20
13.319632
 42
-0.007716
  0
VERTEX
  8
0
 10
97.910366
 20
12.938730
 42
-0.011807
  0
VERTEX
  8
0
 10
98.203448
 20
12.596808
 42
-0.007623
  0
VERTEX
  8
0
 10
98.432886
 20
12.307074
 42
-0.165109
  0
VERTEX
  8
0
 10
98.467333
 20
12.205600
 42
-0.152161
  0
VERTEX
  8
0
 10
98.439705
 20
12.116915
 42
-0.024984
  0
VERTEX
  8
0
 10
98.329115
 20
11.972634
 42
-0.024633
  0
VERTEX
  8
0
 10
98.173040
 20
11.806166
 42
-0.016795
  0
VERTEX
  8
0
 10
97.980500
 20
11.632198
 42
0.008448
  0
VERTEX
  8
0
 10
97.594645
 20
11.295086
 42
0.014669
  0
VERTEX
  8
0
 10
97.287563
 20
11.000690
 42
0.015201
  0
VERTEX
  8
0
 10
97.005799
 20
10.696261
 42
0.009944
  0
VERTEX
  8
0
 10
96.698950
 20
10.329333
 42
-0.002137
  0
VERTEX
  8
0
 10
96.578223
 20
10.180301
 42
-0.002963
  0
VERTEX
  8
0
 10
96.468644
 20
10.047817
 42
-0.001843
  0
VERTEX
  8
0
 10
96.375441
 20
9.937312
 42
-0.037071
  0
VERTEX
  8
0
 10
96.344560
 20
9.906000
 42
0.069749
  0
VERTEX
  8
0
 10
96.266270
 20
9.815520
 42
0.001116
  0
VERTEX
  8
0
 10
95.899131
 20
9.244987
 42
0.000595
  0
VERTEX
  8
0
 10
95.521675
 20
8.653985
 42
0.142753
  0
VERTEX
  8
0
 10
95.504000
 20
8.593341
 42
-0.095863
  0
VERTEX
  8
0
 10
95.498854
 20
8.566747
 42
-0.001824
  0
VERTEX
  8
0
 10
95.445604
 20
8.435690
 42
-0.004361
  0
VERTEX
  8
0
 10
95.381388
 20
8.283083
 42
-0.002898
  0
VERTEX
  8
0
 10
95.305207
 20
8.109148
 42
0.006028
  0
VERTEX
  8
0
 10
95.221551
 20
7.914847
 42
0.004604
  0
VERTEX
  8
0
 10
95.134550
 20
7.700329
 42
0.004656
  0
VERTEX
  8
0
 10
95.056766
 20
7.497851
 42
0.010928
  0
VERTEX
  8
0
 10
95.003404
 20
7.344865
 42
0.066886
  0
VERTEX
  8
0
 10
94.925417
 20
6.916727
 42
0.010424
  0
VERTEX
  8
0
 10
94.903219
 20
6.055158
 42
0.005838
  0
VERTEX
  8
0
 10
94.909277
 20
5.159702
 42
0.194124
  0
VERTEX
  8
0
 10
94.991719
 20
4.965748
 42
-0.078278
  0
VERTEX
  8
0
 10
95.025845
 20
4.918861
 42
-0.038089
  0
VERTEX
  8
0
 10
95.054538
 20
4.850380
 42
-0.036581
  0
VERTEX
  8
0
 10
95.074109
 20
4.772930
 42
-0.043623
  0
VERTEX
  8
0
 10
95.080667
 20
4.697912
 42
0.095169
  0
VERTEX
  8
0
 10
95.122965
 20
4.477698
 42
0.015169
  0
VERTEX
  8
0
 10
95.298697
 20
4.073226
 42
0.017537
  0
VERTEX
  8
0
 10
95.522607
 20
3.638126
 42
0.023078
  0
VERTEX
  8
0
 10
95.758385
 20
3.259107
 42
0.029852
  0
VERTEX
  8
0
 10
95.973949
 20
2.982685
 42
0.012204
  0
VERTEX
  8
0
 10
96.297450
 20
2.632926
 42
0.011737
  0
VERTEX
  8
0
 10
96.674370
 20
2.262656
 42
0.012274
  0
VERTEX
  8
0
 10
97.062793
 20
1.916111
 42
0.045776
  0
VERTEX
  8
0
 10
97.390366
 20
1.685970
 42
0.014266
  0
VERTEX
  8
0
 10
97.920453
 20
1.401573
 42
0.014599
  0
VERTEX
  8
0
 10
98.473663
 20
1.144705
 42
0.037483
  0
VERTEX
  8
0
 10
98.890667
 20
1.001604
 42
0.048178
  0
VERTEX
  8
0
 10
99.414060
 20
0.917484
 42
0.008540
  0
VERTEX
  8
0
 10
100.407300
 20
0.871766
 42
0.005483
  0
VERTEX
  8
0
 10
101.426900
 20
0.853462
 42
0.113751
  0
VERTEX
  8
0
 10
101.723583
 20
0.919664
 42
-0.028763
  0
VERTEX
  8
0
 10
101.809200
 20
0.954714
 42
-0.012379
  0
VERTEX
  8
0
 10
101.926893
 20
0.991934
 42
-0.012201
  0
VERTEX
  8
0
 10
102.054495
 20
1.025488
 42
-0.015782
  0
VERTEX
  8
0
 10
102.173116
 20
1.049679
 42
0.070975
  0
VERTEX
  8
0
 10
102.770584
 20
1.241937
 42
0.030294
  0
VERTEX
  8
0
 10
103.503532
 20
1.655394
 42
0.028754
  0
VERTEX
  8
0
 10
104.257487
 20
2.207042
 42
0.030120
  0
VERTEX
  8
0
 10
104.930905
 20
2.833621
 42
0.033936
  0
VERTEX
  8
0
 10
105.317012
 20
3.298265
 42
0.021803
  0
VERTEX
  8
0
 10
105.702358
 20
3.883999
 42
0.018864
  0
VERTEX
  8
0
 10
106.011756
 20
4.449576
 42
0.116232
  0
VERTEX
  8
0
 10
106.087333
 20
4.770299
 42
-0.051190
  0
VERTEX
  8
0
 10
106.092799
 20
4.823549
 42
-0.048094
  0
VERTEX
  8
0
 10
106.108990
 20
4.875760
 42
-0.051633
  0
VERTEX
  8
0
 10
106.132801
 20
4.919348
 42
-0.103887
  0
VERTEX
  8
0
 10
106.161058
 20
4.946238
 42
0.211429
  0
VERTEX
  8
0
 10
106.233581
 20
5.052131
 42
0.011646
  0
VERTEX
  8
0
 10
106.299336
 20
5.458316
 42
0.017443
  0
VERTEX
  8
0
 10
106.348341
 20
5.935612
 42
0.015473
  0
VERTEX
  8
0
 10
106.366559
 20
6.434667
 42
0.031516
  0
VERTEX
  8
0
 10
106.334380
 20
6.994021
 42
0.015094
  0
VERTEX
  8
0
 10
106.226345
 20
7.705664
 42
0.014751
  0
VERTEX
  8
0
 10
106.079966
 20
8.391263
 42
0.043415
  0
VERTEX
  8
0
 10
105.925356
 20
8.847667
 42
0.009069
  0
VERTEX
  8
0
 10
105.782865
 20
9.157105
 42
0.002464
  0
VERTEX
  8
0
 10
105.546308
 20
9.641112
 42
0.002430
  0
VERTEX
  8
0
 10
105.305648
 20
10.121534
 42
0.009668
  0
VERTEX
  8
0
 10
105.150882
 20
10.412679
 42
-0.032134
  0
VERTEX
  8
0
 10
105.016617
 20
10.695173
 42
-0.163339
  0
VERTEX
  8
0
 10
105.007069
 20
10.866677
 42
-0.185278
  0
VERTEX
  8
0
 10
105.102807
 20
10.996723
 42
-0.043503
  0
VERTEX
  8
0
 10
105.346500
 20
11.124472
 42
0.002731
  0
VERTEX
  8
0
 10
105.655850
 20
11.255755
 42
0.002597
  0
VERTEX
  8
0
 10
105.968998
 20
11.392604
 42
0.002671
  0
VERTEX
  8
0
 10
106.248716
 20
11.518371
 42
0.007167
  0
VERTEX
  8
0
 10
106.446018
 20
11.611791
 42
-0.028965
  0
VERTEX
  8
0
 10
106.511679
 20
11.639446
 42
-0.021025
  0
VERTEX
  8
0
 10
106.587493
 20
11.662789
 42
-0.021353
  0
VERTEX
  8
0
 10
106.661577
 20
11.678884
 42
-0.042835
  0
VERTEX
  8
0
 10
106.721184
 20
11.684000
 42
0.056974
  0
VERTEX
  8
0
 10
106.770200
 20
11.689603
 42
0.076320
  0
VERTEX
  8
0
 10
106.811690
 20
11.706175
 42
0.095379
  0
VERTEX
  8
0
 10
106.839500
 20
11.730691
 42
0.166024
  0
VERTEX
  8
0
 10
106.849333
 20
11.759488
 42
-0.214304
  0
VERTEX
  8
0
 10
106.864077
 20
11.792306
 42
-0.048352
  0
VERTEX
  8
0
 10
106.914726
 20
11.829214
 42
-0.041853
  0
VERTEX
  8
0
 10
106.986701
 20
11.863932
 42
-0.029979
  0
VERTEX
  8
0
 10
107.071947
 20
11.890849
 42
0.032498
  0
VERTEX
  8
0
 10
107.198881
 20
11.931632
 42
0.005386
  0
VERTEX
  8
0
 10
107.436848
 20
12.028511
 42
0.005893
  0
VERTEX
  8
0
 10
107.714555
 20
12.148940
 42
0.005183
  0
VERTEX
  8
0
 10
108.001555
 20
12.281027
 42
-0.002663
  0
VERTEX
  8
0
 10
108.276286
 20
12.409149
 42
-0.004061
  0
VERTEX
  8
0
 10
108.516200
 20
12.517131
 42
-0.001517
  0
VERTEX
  8
0
 10
108.723283
 20
12.607571
 42
-0.102540
  0
VERTEX
  8
0
 10
108.760736
 20
12.615333
 42
0.101225
  0
VERTEX
  8
0
 10
108.797897
 20
12.622934
 42
0.001762
  0
VERTEX
  8
0
 10
108.987954
 20
12.704874
 42
0.004379
  0
VERTEX
  8
0
 10
109.208834
 20
12.803336
 42
0.002894
  0
VERTEX
  8
0
 10
109.460961
 20
12.920152
 42
-0.000606
  0
VERTEX
  8
0
 10
109.749158
 20
13.055285
 42
-0.000402
  0
VERTEX
  8
0
 10
110.080299
 20
13.209740
 42
-0.000404
  0
VERTEX
  8
0
 10
110.402198
 20
13.359253
 42
-0.000787
  0
VERTEX
  8
0
 10
110.659333
 20
13.477942
 42
0.000241
  0
VERTEX
  8
0
 10
110.900948
 20
13.589145
 42
0.000170
  0
VERTEX
  8
0
 10
111.172360
 20
13.714334
 42
0.000171
  0
VERTEX
  8
0
 10
111.431780
 20
13.834205
 42
0.000361
  0
VERTEX
  8
0
 10
111.633000
 20
13.927445
 42
-0.000399
  0
VERTEX
  8
0
 10
111.842209
 20
14.024367
 42
-0.000157
  0
VERTEX
  8
0
 10
112.130946
 20
14.157742
 42
-0.000155
  0
VERTEX
  8
0
 10
112.443331
 20
14.301805
 42
-0.000193
  0
VERTEX
  8
0
 10
112.733667
 20
14.435454
 42
0.003687
  0
VERTEX
  8
0
 10
113.463002
 20
14.777384
 42
0.003070
  0
VERTEX
  8
0
 10
114.233303
 20
15.151300
 42
0.000756
  0
VERTEX
  8
0
 10
114.979047
 20
15.520375
 42
0.094539
  0
VERTEX
  8
0
 10
115.062000
 20
15.583383
 42
-0.080632
  0
VERTEX
  8
0
 10
115.094568
 20
15.609568
 42
-0.004947
  0
VERTEX
  8
0
 10
115.203817
 20
15.670160
 42
-0.007254
  0
VERTEX
  8
0
 10
115.336307
 20
15.739471
 42
-0.005302
  0
VERTEX
  8
0
 10
115.485333
 20
15.812726
 42
0.008362
  0
VERTEX
  8
0
 10
115.650086
 20
15.894968
 42
0.006120
  0
VERTEX
  8
0
 10
115.830259
 20
15.991524
 42
0.006186
  0
VERTEX
  8
0
 10
115.998715
 20
16.087209
 42
0.013597
  0
VERTEX
  8
0
 10
116.124527
 20
16.165412
 42
0.000000
  0
VERTEX
  8
0
 10
116.382721
 20
16.335802
 42
0.000000
  0
VERTEX
  8
0
 10
116.321579
 20
15.893735
 42
-0.003929
  0
VERTEX
  8
0
 10
116.288776
 20
15.669560
 42
-0.001346
  0
VERTEX
  8
0
 10
116.237821
 20
15.345251
 42
-0.001338
  0
VERTEX
  8
0
 10
116.179674
 20
14.987692
 42
-0.001546
  0
VERTEX
  8
0
 10
116.122307
 20
14.647333
 42
0.000795
  0
VERTEX
  8
0
 10
116.066231
 20
14.317662
 42
0.000827
  0
VERTEX
  8
0
 10
116.011961
 20
13.992225
 42
0.000795
  0
VERTEX
  8
0
 10
115.965946
 20
13.710661
 42
0.003625
  0
VERTEX
  8
0
 10
115.940631
 20
13.546667
 42
-0.009803
  0
VERTEX
  8
0
 10
115.920124
 20
13.423900
 42
-0.009351
  0
VERTEX
  8
0
 10
115.894531
 20
13.300075
 42
-0.009332
  0
VERTEX
  8
0
 10
115.867847
 20
13.191588
 42
-0.032610
  0
VERTEX
  8
0
 10
115.844846
 20
13.123333
 42
0.044697
  0
VERTEX
  8
0
 10
115.792416
 20
12.954385
 42
0.002937
  0
VERTEX
  8
0
 10
115.687993
 20
12.453906
 42
0.004747
  0
VERTEX
  8
0
 10
115.586819
 20
11.928768
 42
0.008368
  0
VERTEX
  8
0
 10
115.514655
 20
11.492969
 42
-0.019559
  0
VERTEX
  8
0
 10
115.491034
 20
11.367769
 42
-0.024860
  0
VERTEX
  8
0
 10
115.459070
 20
11.254613
 42
-0.024173
  0
VERTEX
  8
0
 10
115.423927
 20
11.164898
 42
-0.149995
  0
VERTEX
  8
0
 10
115.391723
 20
11.128139
 42
0.211019
  0
VERTEX
  8
0
 10
115.361889
 20
11.084651
 42
0.014630
  0
VERTEX
  8
0
 10
115.338244
 20
10.934400
 42
0.018798
  0
VERTEX
  8
0
 10
115.321502
 20
10.747300
 42
0.012914
  0
VERTEX
  8
0
 10
115.316000
 20
10.534321
 42
0.049536
  0
VERTEX
  8
0
 10
115.361095
 20
10.080262
 42
0.073708
  0
VERTEX
  8
0
 10
115.495987
 20
9.705063
 42
0.068936
  0
VERTEX
  8
0
 10
115.741852
 20
9.367807
 42
0.037790
  0
VERTEX
  8
0
 10
116.124353
 20
9.027105
 42
0.050512
  0
VERTEX
  8
0
 10
116.465769
 20
8.817226
 42
0.057368
  0
VERTEX
  8
0
 10
116.828299
 20
8.690764
 42
0.050281
  0
VERTEX
  8
0
 10
117.248402
 20
8.639876
 42
0.027632
  0
VERTEX
  8
0
 10
117.766555
 20
8.658112
 42
0.028735
  0
VERTEX
  8
0
 10
118.140920
 20
8.713882
 42
0.061469
  0
VERTEX
  8
0
 10
118.417113
 20
8.807906
 42
0.059933
  0
VERTEX
  8
0
 10
118.666445
 20
8.967943
 42
0.026135
  0
VERTEX
  8
0
 10
118.956667
 20
9.234335
 42
0.045937
  0
VERTEX
  8
0
 10
119.261408
 20
9.608026
 42
0.043483
  0
VERTEX
  8
0
 10
119.499206
 20
10.037786
 42
0.036175
  0
VERTEX
  8
0
 10
119.691186
 20
10.570050
 42
0.018502
  0
VERTEX
  8
0
 10
119.857883
 20
11.260667
 42
-0.014351
  0
VERTEX
  8
0
 10
119.879604
 20
11.354049
 42
-0.009522
  0
VERTEX
  8
0
 10
119.909616
 20
11.459898
 42
-0.009588
  0
VERTEX
  8
0
 10
119.942718
 20
11.561654
 42
-0.018386
  0
VERTEX
  8
0
 10
119.973794
 20
11.641667
 42
0.028757
  0
VERTEX
  8
0
 10
120.004952
 20
11.727098
 42
0.011204
  0
VERTEX
  8
0
 10
120.038474
 20
11.848306
 42
0.011048
  0
VERTEX
  8
0
 10
120.068996
 20
11.981468
 42
0.013475
  0
VERTEX
  8
0
 10
120.091416
 20
12.107333
 42
-0.005015
  0
VERTEX
  8
0
 10
120.161373
 20
12.542598
 42
-0.001420
  0
VERTEX
  8
0
 10
120.278970
 20
13.218622
 42
-0.001399
  0
VERTEX
  8
0
 10
120.399984
 20
13.891790
 42
-0.005400
  0
VERTEX
  8
0
 10
120.480791
 20
14.308667
 42
0.007622
  0
VERTEX
  8
0
 10
120.574712
 20
14.804992
 42
0.002277
  0
VERTEX
  8
0
 10
120.702947
 20
15.564681
 42
0.002341
  0
VERTEX
  8
0
 10
120.834817
 20
16.392421
 42
0.003128
  0
VERTEX
  8
0
 10
120.946287
 20
17.145000
 42
-0.002418
  0
VERTEX
  8
0
 10
120.970526
 20
17.310267
 42
-0.001003
  0
VERTEX
  8
0
 10
121.004814
 20
17.533408
 42
-0.000992
  0
VERTEX
  8
0
 10
121.042511
 20
17.772380
 42
-0.001280
  0
VERTEX
  8
0
 10
121.078125
 20
17.991667
 42
0.005274
  0
VERTEX
  8
0
 10
121.119028
 20
18.256888
 42
0.001585
  0
VERTEX
  8
0
 10
121.175732
 20
18.661327
 42
0.001588
  0
VERTEX
  8
0
 10
121.236480
 20
19.115554
 42
0.001723
  0
VERTEX
  8
0
 10
121.292673
 20
19.558000
 42
-0.000147
  0
VERTEX
  8
0
 10
121.348216
 20
20.006642
 42
-0.000125
  0
VERTEX
  8
0
 10
121.407023
 20
20.479544
 42
-0.000126
  0
VERTEX
  8
0
 10
121.460718
 20
20.909566
 42
-0.000359
  0
VERTEX
  8
0
 10
121.498402
 20
21.209000
 42
0.002811
  0
VERTEX
  8
0
 10
121.614372
 20
22.168441
 42
0.004644
  0
VERTEX
  8
0
 10
121.700229
 20
22.980173
 42
0.004793
  0
VERTEX
  8
0
 10
121.769154
 20
23.774982
 42
0.003262
  0
VERTEX
  8
0
 10
121.832991
 20
24.680333
 42
-0.002650
  0
VERTEX
  8
0
 10
121.872386
 20
25.248972
 42
-0.002387
  0
VERTEX
  8
0
 10
121.919106
 20
25.837324
 42
-0.002391
  0
VERTEX
  8
0
 10
121.966032
 20
26.364406
 42
-0.007563
  0
VERTEX
  8
0
 10
122.004482
 20
26.716727
 42
0.008180
  0
VERTEX
  8
0
 10
122.036993
 20
27.018079
 42
0.005624
  0
VERTEX
  8
0
 10
122.064408
 20
27.360640
 42
0.005670
  0
VERTEX
  8
0
 10
122.083352
 20
27.691040
 42
0.011483
  0
VERTEX
  8
0
 10
122.089333
 20
27.951450
 42
-0.006345
  0
VERTEX
  8
0
 10
122.092057
 20
28.166089
 42
-0.009550
  0
VERTEX
  8
0
 10
122.100378
 20
28.353047
 42
-0.004935
  0
VERTEX
  8
0
 10
122.111900
 20
28.509640
 42
-0.177345
  0
VERTEX
  8
0
 10
122.126932
 20
28.542043
 42
-0.225936
  0
VERTEX
  8
0
 10
122.203813
 20
28.569324
 42
-0.003167
  0
VERTEX
  8
0
 10
122.706203
 20
28.513961
 42
-0.007846
  0
VERTEX
  8
0
 10
123.309193
 20
28.434033
 42
-0.004450
  0
VERTEX
  8
0
 10
124.036667
 20
28.319338
 42
0.000877
  0
VERTEX
  8
0
 10
125.085239
 20
28.146329
 42
0.004765
  0
VERTEX
  8
0
 10
125.654737
 20
28.058955
 42
0.007367
  0
VERTEX
  8
0
 10
126.108899
 20
28.000516
 42
0.004349
  0
VERTEX
  8
0
 10
126.652745
 20
27.943455
 42
-0.010166
  0
VERTEX
  8
0
 10
126.981563
 20
27.905082
 42
-0.018478
  0
VERTEX
  8
0
 10
127.248041
 20
27.858391
 42
-0.016537
  0
VERTEX
  8
0
 10
127.450375
 20
27.808129
 42
-0.187313
  0
VERTEX
  8
0
 10
127.515026
 20
27.759298
 42
-0.135064
  0
VERTEX
  8
0
 10
127.549945
 20
27.640142
 42
-0.031417
  0
VERTEX
  8
0
 10
127.540213
 20
27.429832
 42
-0.031599
  0
VERTEX
  8
0
 10
127.498728
 20
27.191352
 42
-0.034168
  0
VERTEX
  8
0
 10
127.428204
 20
26.966333
 42
0.013890
  0
VERTEX
  8
0
 10
127.327554
 20
26.685600
 42
0.013023
  0
VERTEX
  8
0
 10
127.240297
 20
26.393649
 42
0.013211
  0
VERTEX
  8
0
 10
127.169624
 20
26.102279
 42
0.015615
  0
VERTEX
  8
0
 10
127.118775
 20
25.823333
 42
-0.011682
  0
VERTEX
  8
0
 10
127.092286
 20
25.671254
 42
-0.013947
  0
VERTEX
  8
0
 10
127.060008
 20
25.529381
 42
-0.012735
  0
VERTEX
  8
0
 10
127.026641
 20
25.412049
 42
-0.083479
  0
VERTEX
  8
0
 10
126.999078
 20
25.357667
 42
0.064057
  0
VERTEX
  8
0
 10
126.971879
 20
25.308782
 42
0.016283
  0
VERTEX
  8
0
 10
126.940928
 20
25.223258
 42
0.016330
  0
VERTEX
  8
0
 10
126.911721
 20
25.122451
 42
0.015874
  0
VERTEX
  8
0
 10
126.888846
 20
25.019000
 42
-0.006233
  0
VERTEX
  8
0
 10
126.863940
 20
24.895071
 42
-0.002564
  0
VERTEX
  8
0
 10
126.827226
 20
24.727694
 42
-0.002536
  0
VERTEX
  8
0
 10
126.785993
 20
24.548467
 42
-0.003253
  0
VERTEX
  8
0
 10
126.746145
 20
24.384000
 42
0.007198
  0
VERTEX
  8
0
 10
126.701133
 20
24.191599
 42
0.002574
  0
VERTEX
  8
0
 10
126.642303
 20
23.915952
 42
0.002553
  0
VERTEX
  8
0
 10
126.580869
 20
23.612920
 42
0.003016
  0
VERTEX
  8
0
 10
126.525959
 20
23.325667
 42
-0.000949
  0
VERTEX
  8
0
 10
126.472278
 20
23.038413
 42
-0.000807
  0
VERTEX
  8
0
 10
126.414546
 20
22.735381
 42
-0.000813
  0
VERTEX
  8
0
 10
126.361093
 20
22.459672
 42
-0.002297
  0
VERTEX
  8
0
 10
126.322561
 20
22.267333
 42
0.002550
  0
VERTEX
  8
0
 10
126.289091
 20
22.099825
 42
0.001798
  0
VERTEX
  8
0
 10
126.253105
 20
21.911204
 42
0.001814
  0
VERTEX
  8
0
 10
126.219992
 20
21.730562
 42
0.003817
  0
VERTEX
  8
0
 10
126.195858
 20
21.590000
 42
-0.001291
  0
VERTEX
  8
0
 10
126.171493
 20
21.443660
 42
-0.000506
  0
VERTEX
  8
0
 10
126.137154
 20
21.241890
 42
-0.000500
  0
VERTEX
  8
0
 10
126.099571
 20
21.023719
 42
-0.000624
  0
VERTEX
  8
0
 10
126.064194
 20
20.821074
 42
0.009746
  0
VERTEX
  8
0
 10
125.998009
 20
20.396367
 42
0.003517
  0
VERTEX
  8
0
 10
125.919961
 20
19.790278
 42
0.002879
  0
VERTEX
  8
0
 10
125.829997
 20
19.013326
 42
0.001458
  0
VERTEX
  8
0
 10
125.725201
 20
18.034000
 42
0.008926
  0
VERTEX
  8
0
 10
125.690260
 20
17.627926
 42
0.001787
  0
VERTEX
  8
0
 10
125.643483
 20
16.902697
 42
0.001889
  0
VERTEX
  8
0
 10
125.595242
 20
16.058144
 42
0.001761
  0
VERTEX
  8
0
 10
125.552175
 20
15.193352
 42
0.007941
  0
VERTEX
  8
0
 10
125.506870
 20
13.701252
 42
0.012495
  0
VERTEX
  8
0
 10
125.520350
 20
12.419361
 42
0.014596
  0
VERTEX
  8
0
 10
125.590547
 20
11.335828
 42
0.026373
  0
VERTEX
  8
0
 10
125.720429
 20
10.456333
 42
-0.000954
  0
VERTEX
  8
0
 10
125.759107
 20
10.262989
 42
-0.000551
  0
VERTEX
  8
0
 10
125.804926
 20
10.030318
 42
-0.000551
  0
VERTEX
  8
0
 10
125.850381
 20
9.796774
 42
-0.000926
  0
VERTEX
  8
0
 10
125.887974
 20
9.600536
 42
0.011208
  0
VERTEX
  8
0
 10
126.000776
 20
9.070884
 42
0.015493
  0
VERTEX
  8
0
 10
126.127213
 20
8.601719
 42
0.017412
  0
VERTEX
  8
0
 10
126.266208
 20
8.194656
 42
0.026686
  0
VERTEX
  8
0
 10
126.417211
 20
7.853982
 42
-0.025832
  0
VERTEX
  8
0
 10
126.445845
 20
7.789680
 42
-0.020854
  0
VERTEX
  8
0
 10
126.470031
 20
7.718037
 42
-0.021330
  0
VERTEX
  8
0
 10
126.486795
 20
7.649894
 42
-0.049683
  0
VERTEX
  8
0
 10
126.492000
 20
7.597642
 42
0.115180
  0
VERTEX
  8
0
 10
126.534437
 20
7.415867
 42
0.004759
  0
VERTEX
  8
0
 10
126.838310
 20
6.815003
 42
0.009133
  0
VERTEX
  8
0
 10
127.161438
 20
6.217857
 42
0.020474
  0
VERTEX
  8
0
 10
127.433166
 20
5.779795
 42
0.034311
  0
VERTEX
  8
0
 10
127.722504
 20
5.410619
 42
0.010519
  0
VERTEX
  8
0
 10
128.207946
 20
4.894088
 42
0.004545
  0
VERTEX
  8
0
 10
128.725600
 20
4.375511
 42
0.196782
  0
VERTEX
  8
0
 10
128.866070
 20
4.318000
 42
-0.102039
  0
VERTEX
  8
0
 10
128.900180
 20
4.310966
 42
-0.030569
  0
VERTEX
  8
0
 10
128.947785
 20
4.286911
 42
-0.029250
  0
VERTEX
  8
0
 10
128.999205
 20
4.252671
 42
-0.027926
  0
VERTEX
  8
0
 10
129.047119
 20
4.212167
 42
0.088812
  0
VERTEX
  8
0
 10
129.424535
 20
3.964643
 42
0.041349
  0
VERTEX
  8
0
 10
129.982012
 20
3.779493
 42
0.035187
  0
VERTEX
  8
0
 10
130.677183
 20
3.661835
 42
0.023803
  0
VERTEX
  8
0
 10
131.480250
 20
3.621874
 42
0.018820
  0
VERTEX
  8
0
 10
132.215654
 20
3.648001
 42
0.044239
  0
VERTEX
  8
0
 10
132.757458
 20
3.736310
 42
0.045330
  0
VERTEX
  8
0
 10
133.267352
 20
3.917015
 42
0.020658
  0
VERTEX
  8
0
 10
133.897441
 20
4.239059
 42
0.037553
  0
VERTEX
  8
0
 10
134.432795
 20
4.596638
 42
0.019576
  0
VERTEX
  8
0
 10
135.045378
 20
5.115859
 42
0.019050
  0
VERTEX
  8
0
 10
135.649777
 20
5.714171
 42
0.023359
  0
VERTEX
  8
0
 10
136.164971
 20
6.318859
 42
-0.004792
  0
VERTEX
  8
0
 10
136.247821
 20
6.423750
 42
-0.003542
  0
VERTEX
  8
0
 10
136.341401
 20
6.538250
 42
-0.003580
  0
VERTEX
  8
0
 10
136.431358
 20
6.645173
 42
-0.008025
  0
VERTEX
  8
0
 10
136.501534
 20
6.724759
 42
0.025979
  0
VERTEX
  8
0
 10
136.561996
 20
6.798502
 42
0.019566
  0
VERTEX
  8
0
 10
136.620829
 20
6.885300
 42
0.019911
  0
VERTEX
  8
0
 10
136.669803
 20
6.971486
 42
0.042423
  0
VERTEX
  8
0
 10
136.699071
 20
7.042259
 42
-0.043537
  0
VERTEX
  8
0
 10
136.723657
 20
7.101339
 42
-0.052715
  0
VERTEX
  8
0
 10
136.756877
 20
7.151309
 42
-0.061474
  0
VERTEX
  8
0
 10
136.793242
 20
7.185595
 42
-0.159628
  0
VERTEX
  8
0
 10
136.827039
 20
7.196667
 42
0.158110
  0
VERTEX
  8
0
 10
136.857155
 20
7.206434
 42
0.097128
  0
VERTEX
  8
0
 10
136.882805
 20
7.233973
 42
0.079016
  0
VERTEX
  8
0
 10
136.900123
 20
7.275100
 42
0.060283
  0
VERTEX
  8
0
 10
136.906000
 20
7.323667
 42
-0.064853
  0
VERTEX
  8
0
 10
136.912324
 20
7.372219
 42
-0.082425
  0
VERTEX
  8
0
 10
136.930871
 20
7.413360
 42
-0.098894
  0
VERTEX
  8
0
 10
136.958379
 20
7.440882
 42
-0.148195
  0
VERTEX
  8
0
 10
136.990667
 20
7.450667
 42
0.124059
  0
VERTEX
  8
0
 10
137.022986
 20
7.458811
 42
0.100399
  0
VERTEX
  8
0
 10
137.050569
 20
7.481755
 42
0.090294
  0
VERTEX
  8
0
 10
137.069170
 20
7.516071
 42
0.078461
  0
VERTEX
  8
0
 10
137.075696
 20
7.556500
 42
-0.107279
  0
VERTEX
  8
0
 10
137.089260
 20
7.617977
 42
-0.012945
  0
VERTEX
  8
0
 10
137.150785
 20
7.743164
 42
-0.014911
  0
VERTEX
  8
0
 10
137.233232
 20
7.889696
 42
-0.011762
  0
VERTEX
  8
0
 10
137.330811
 20
8.043333
 42
0.026331
  0
VERTEX
  8
0
 10
137.596908
 20
8.490571
 42
0.005049
  0
VERTEX
  8
0
 10
138.028018
 20
9.330985
 42
0.002035
  0
VERTEX
  8
0
 10
138.472800
 20
10.229162
 42
0.114429
  0
VERTEX
  8
0
 10
138.514667
 20
10.409706
 42
-0.094097
  0
VERTEX
  8
0
 10
138.521114
 20
10.443664
 42
-0.096646
  0
VERTEX
  8
0
 10
138.539537
 20
10.472534
 42
-0.099018
  0
VERTEX
  8
0
 10
138.567027
 20
10.491860
 42
-0.104209
  0
VERTEX
  8
0
 10
138.599333
 20
10.498667
 42
0.134076
  0
VERTEX
  8
0
 10
138.631620
 20
10.507483
 42
0.100461
  0
VERTEX
  8
0
 10
138.659129
 20
10.532269
 42
0.087273
  0
VERTEX
  8
0
 10
138.677640
 20
10.569344
 42
0.072366
  0
VERTEX
  8
0
 10
138.684000
 20
10.613056
 42
-0.084946
  0
VERTEX
  8
0
 10
138.695261
 20
10.678859
 42
-0.012374
  0
VERTEX
  8
0
 10
138.743715
 20
10.806153
 42
-0.013700
  0
VERTEX
  8
0
 10
138.809452
 20
10.955007
 42
-0.011358
  0
VERTEX
  8
0
 10
138.887286
 20
11.109774
 42
0.008621
  0
VERTEX
  8
0
 10
138.967868
 20
11.267844
 42
0.008954
  0
VERTEX
  8
0
 10
139.041905
 20
11.426632
 42
0.008707
  0
VERTEX
  8
0
 10
139.101049
 20
11.566142
 42
0.037997
  0
VERTEX
  8
0
 10
139.128183
 20
11.651551
 42
-0.007853
  0
VERTEX
  8
0
 10
139.153794
 20
11.752971
 42
-0.365350
  0
VERTEX
  8
0
 10
139.170099
 20
11.764298
 42
-0.274966
  0
VERTEX
  8
0
 10
139.188450
 20
11.750916
 42
-0.005659
  0
VERTEX
  8
0
 10
139.233708
 20
11.641667
 42
0.009908
  0
VERTEX
  8
0
 10
139.515545
 20
10.977350
 42
0.011989
  0
VERTEX
  8
0
 10
139.807028
 20
10.366196
 42
0.013103
  0
VERTEX
  8
0
 10
140.096356
 20
9.830503
 42
0.021732
  0
VERTEX
  8
0
 10
140.371214
 20
9.396808
 42
0.029362
  0
VERTEX
  8
0
 10
140.924106
 20
8.694672
 42
0.028916
  0
VERTEX
  8
0
 10
141.558112
 20
8.058332
 42
0.030281
  0
VERTEX
  8
0
 10
142.224802
 20
7.531364
 42
0.043997
  0
VERTEX
  8
0
 10
142.875000
 20
7.158745
 42
-0.000936
  0
VERTEX
  8
0
 10
143.015442
 20
7.093599
 42
-0.000902
  0
VERTEX
  8
0
 10
143.157370
 20
7.027128
 42
-0.000891
  0
VERTEX
  8
0
 10
143.282194
 20
6.968121
 42
-0.003294
  0
VERTEX
  8
0
 10
143.360684
 20
6.930209
 42
0.033669
  0
VERTEX
  8
0
 10
143.428148
 20
6.902538
 42
0.021541
  0
VERTEX
  8
0
 10
143.509621
 20
6.879211
 42
0.021636
  0
VERTEX
  8
0
 10
143.591805
 20
6.863192
 42
0.037328
  0
VERTEX
  8
0
 10
143.661251
 20
6.858000
 42
-0.054404
  0
VERTEX
  8
0
 10
143.727238
 20
6.850799
 42
-0.038628
  0
VERTEX
  8
0
 10
143.798530
 20
6.829165
 42
-0.039127
  0
VERTEX
  8
0
 10
143.864189
 20
6.797444
 42
-0.064372
  0
VERTEX
  8
0
 10
143.912962
 20
6.759838
 42
0.191930
  0
VERTEX
  8
0
 10
144.118783
 20
6.671322
 42
0.004943
  0
VERTEX
  8
0
 10
145.143767
 20
6.653881
 42
0.007328
  0
VERTEX
  8
0
 10
146.137832
 20
6.661365
 42
0.103228
  0
VERTEX
  8
0
 10
146.483393
 20
6.741515
 42
-0.015905
  0
VERTEX
  8
0
 10
146.591311
 20
6.787375
 42
-0.004470
  0
VERTEX
  8
0
 10
146.762568
 20
6.852048
 42
-0.004502
  0
VERTEX
  8
0
 10
146.957598
 20
6.921727
 42
-0.004731
  0
VERTEX
  8
0
 10
147.150667
 20
6.986711
 42
0.069933
  0
VERTEX
  8
0
 10
147.988580
 20
7.396491
 42
0.032995
  0
VERTEX
  8
0
 10
148.941516
 20
8.136761
 42
0.031398
  0
VERTEX
  8
0
 10
149.870566
 20
9.072891
 42
0.034297
  0
VERTEX
  8
0
 10
150.645758
 20
10.092059
 42
0.005175
  0
VERTEX
  8
0
 10
150.831307
 20
10.380689
 42
0.007619
  0
VERTEX
  8
0
 10
150.987754
 20
10.638311
 42
0.004020
  0
VERTEX
  8
0
 10
151.114394
 20
10.858231
 42
0.129322
  0
VERTEX
  8
0
 10
151.130000
 20
10.917559
 42
-0.093936
  0
VERTEX
  8
0
 10
151.136447
 20
10.951573
 42
-0.096599
  0
VERTEX
  8
0
 10
151.154871
 20
10.980491
 42
-0.099050
  0
VERTEX
  8
0
 10
151.182361
 20
10.999848
 42
-0.104386
  0
VERTEX
  8
0
 10
151.214667
 20
11.006667
 42
0.116793
  0
VERTEX
  8
0
 10
151.246961
 20
11.014315
 42
0.100534
  0
VERTEX
  8
0
 10
151.274462
 20
11.035900
 42
0.092969
  0
VERTEX
  8
0
 10
151.292924
 20
11.068179
 42
0.083727
  0
VERTEX
  8
0
 10
151.299333
 20
11.106184
 42
-0.092288
  0
VERTEX
  8
0
 10
151.311303
 20
11.170481
 42
-0.005653
  0
VERTEX
  8
0
 10
151.383848
 20
11.352420
 42
-0.008257
  0
VERTEX
  8
0
 10
151.476835
 20
11.567993
 42
-0.006011
  0
VERTEX
  8
0
 10
151.587043
 20
11.804684
 42
0.008035
  0
VERTEX
  8
0
 10
151.708375
 20
12.068046
 42
0.005853
  0
VERTEX
  8
0
 10
151.835096
 20
12.364505
 42
0.005915
  0
VERTEX
  8
0
 10
151.948683
 20
12.648557
 42
0.012925
  0
VERTEX
  8
0
 10
152.027458
 20
12.869333
 42
-0.007349
  0
VERTEX
  8
0
 10
152.090877
 20
13.053537
 42
-0.009288
  0
VERTEX
  8
0
 10
152.155160
 20
13.221838
 42
-0.007649
  0
VERTEX
  8
0
 10
152.213564
 20
13.360472
 42
-0.071319
  0
VERTEX
  8
0
 10
152.247749
 20
13.415433
 42
0.084415
  0
VERTEX
  8
0
 10
152.273758
 20
13.459786
 42
0.030526
  0
VERTEX
  8
0
 10
152.295480
 20
13.529780
 42
0.029236
  0
VERTEX
  8
0
 10
152.310353
 20
13.610856
 42
0.030753
  0
VERTEX
  8
0
 10
152.315333
 20
13.691749
 42
-0.034270
  0
VERTEX
  8
0
 10
152.321217
 20
13.777491
 42
-0.023588
  0
VERTEX
  8
0
 10
152.339062
 20
13.873277
 42
-0.023854
  0
VERTEX
  8
0
 10
152.365127
 20
13.964243
 42
-0.043945
  0
VERTEX
  8
0
 10
152.396113
 20
14.034649
 42
0.051102
  0
VERTEX
  8
0
 10
152.433003
 20
14.121827
 42
0.009721
  0
VERTEX
  8
0
 10
152.480477
 20
14.287705
 42
0.010282
  0
VERTEX
  8
0
 10
152.528351
 20
14.484399
 42
0.009287
  0
VERTEX
  8
0
 10
152.569877
 20
14.689667
 42
-0.001192
  0
VERTEX
  8
0
 10
152.611680
 20
14.915009
 42
-0.000797
  0
VERTEX
  8
0
 10
152.660563
 20
15.172796
 42
-0.000802
  0
VERTEX
  8
0
 10
152.708752
 20
15.422555
 42
-0.001577
  0
VERTEX
  8
0
 10
152.748021
 20
15.621000
 42
0.028258
  0
VERTEX
  8
0
 10
152.889253
 20
16.608833
 42
0.013144
  0
VERTEX
  8
0
 10
152.965912
 20
17.901734
 42
0.012601
  0
VERTEX
  8
0
 10
152.976867
 20
19.317614
 42
0.013470
  0
VERTEX
  8
0
 10
152.915401
 20
20.701000
 42
-0.005200
  0
VERTEX
  8
0
 10
152.876124
 20
21.344694
 42
-0.037833
  0
VERTEX
  8
0
 10
152.883884
 20
21.653940
 42
-0.169634
  0
VERTEX
  8
0
 10
152.936728
 20
21.767130
 42
-0.383390
  0
VERTEX
  8
0
 10
153.023721
 20
21.772856
 42
0.076791
  0
VERTEX
  8
0
 10
153.124026
 20
21.716327
 42
0.023862
  0
VERTEX
  8
0
 10
153.289161
 20
21.663028
 42
0.012576
  0
VERTEX
  8
0
 10
153.562183
 20
21.596406
 42
0.002068
  0
VERTEX
  8
0
 10
154.093333
 20
21.483165
 42
0.035743
  0
VERTEX
  8
0
 10
154.387714
 20
21.443342
 42
0.006336
  0
VERTEX
  8
0
 10
154.943897
 20
21.415322
 42
0.006398
  0
VERTEX
  8
0
 10
155.633456
 20
21.398170
 42
0.004298
  0
VERTEX
  8
0
 10
156.421667
 20
21.395427
 42
0.003991
  0
VERTEX
  8
0
 10
157.741026
 20
21.412710
 42
0.012054
  0
VERTEX
  8
0
 10
158.639160
 20
21.453320
 42
0.012402
  0
VERTEX
  8
0
 10
159.265976
 20
21.512476
 42
0.143200
  0
VERTEX
  8
0
 10
159.490833
 20
21.608437
 42
-0.059360
  0
VERTEX
  8
0
 10
159.563298
 20
21.654809
 42
-0.504390
  0
VERTEX
  8
0
 10
159.592403
 20
21.639521
 42
-0.146509
  0
VERTEX
  8
0
 10
159.583282
 20
21.573889
 42
-0.017314
  0
VERTEX
  8
0
 10
159.516676
 20
21.440684
 42
0.072337
  0
VERTEX
  8
0
 10
159.455228
 20
21.274347
 42
0.008336
  0
VERTEX
  8
0
 10
159.378695
 20
20.882267
 42
0.007067
  0
VERTEX
  8
0
 10
159.283641
 20
20.300532
 42
0.001979
  0
VERTEX
  8
0
 10
159.151533
 20
19.388667
 42
0.028979
  0
VERTEX
  8
0
 10
159.081456
 20
18.535728
 42
0.006186
  0
VERTEX
  8
0
 10
159.064106
 20
17.047954
 42
0.005918
  0
VERTEX
  8
0
 10
159.082734
 20
15.563296
 42
0.033372
  0
VERTEX
  8
0
 10
159.154810
 20
14.774333
 42
0.001798
  0
VERTEX
  8
0
 10
159.332885
 20
13.680741
 42
0.011828
  0
VERTEX
  8
0
 10
159.436948
 20
13.135735
 42
0.021265
  0
VERTEX
  8
0
 10
159.539428
 20
12.742352
 42
0.015971
  0
VERTEX
  8
0
 10
159.684109
 20
12.319000
 42
-0.004614
  0
VERTEX
  8
0
 10
159.717933
 20
12.226919
 42
-0.001137
  0
VERTEX
  8
0
 10
159.771741
 20
12.075054
 42
-0.001163
  0
VERTEX
  8
0
 10
159.832573
 20
11.900826
 42
-0.001164
  0
VERTEX
  8
0
 10
159.892588
 20
11.726333
 42
0.025565
  0
VERTEX
  8
0
 10
160.174883
 20
11.019673
 42
0.013692
  0
VERTEX
  8
0
 10
160.590983
 20
10.176773
 42
0.012166
  0
VERTEX
  8
0
 10
161.024817
 20
9.401675
 42
0.061751
  0
VERTEX
  8
0
 10
161.326886
 20
9.010809
 42
-0.017824
  0
VERTEX
  8
0
 10
161.376699
 20
8.956869
 42
-0.003209
  0
VERTEX
  8
0
 10
161.465141
 20
8.852628
 42
-0.003458
  0
VERTEX
  8
0
 10
161.567147
 20
8.729098
 42
-0.003122
  0
VERTEX
  8
0
 10
161.671000
 20
8.599906
 42
0.039014
  0
VERTEX
  8
0
 10
161.955456
 20
8.293850
 42
0.013086
  0
VERTEX
  8
0
 10
162.415450
 20
7.892191
 42
0.007318
  0
VERTEX
  8
0
 10
162.894509
 20
7.507170
 42
0.167120
  0
VERTEX
  8
0
 10
163.058838
 20
7.450667
 42
-0.066425
  0
VERTEX
  8
0
 10
163.094706
 20
7.445881
 42
-0.083516
  0
VERTEX
  8
0
 10
163.125105
 20
7.431867
 42
-0.099348
  0
VERTEX
  8
0
 10
163.145436
 20
7.411074
 42
-0.145030
  0
VERTEX
  8
0
 10
163.152667
 20
7.386668
 42
0.226631
  0
VERTEX
  8
0
 10
163.167617
 20
7.355378
 42
0.025095
  0
VERTEX
  8
0
 10
163.233497
 20
7.307430
 42
0.026642
  0
VERTEX
  8
0
 10
163.322422
 20
7.255840
 42
0.018465
  0
VERTEX
  8
0
 10
163.427833
 20
7.206792
 42
-0.003206
  0
VERTEX
  8
0
 10
163.551050
 20
7.153970
 42
-0.002016
  0
VERTEX
  8
0
 10
163.694386
 20
7.090744
 42
-0.002024
  0
VERTEX
  8
0
 10
163.834909
 20
7.027397
 42
-0.003708
  0
VERTEX
  8
0
 10
163.948841
 20
6.974457
 42
0.019334
  0
VERTEX
  8
0
 10
164.053192
 20
6.929879
 42
0.017877
  0
VERTEX
  8
0
 10
164.163413
 20
6.892209
 42
0.018200
  0
VERTEX
  8
0
 10
164.263924
 20
6.865775
 42
0.055250
  0
VERTEX
  8
0
 10
164.334075
 20
6.858000
 42
-0.058312
  0
VERTEX
  8
0
 10
164.394526
 20
6.850926
 42
-0.038966
  0
VERTEX
  8
0
 10
164.460929
 20
6.829591
 42
-0.039061
  0
VERTEX
  8
0
 10
164.522960
 20
6.798327
 42
-0.060190
  0
VERTEX
  8
0
 10
164.570178
 20
6.761289
 42
0.193019
  0
VERTEX
  8
0
 10
164.788140
 20
6.668093
 42
0.005104
  0
VERTEX
  8
0
 10
165.859288
 20
6.654709
 42
0.005084
  0
VERTEX
  8
0
 10
166.930800
 20
6.663151
 42
0.194227
  0
VERTEX
  8
0
 10
167.147924
 20
6.755391
 42
-0.085237
  0
VERTEX
  8
0
 10
167.203669
 20
6.794797
 42
-0.036962
  0
VERTEX
  8
0
 10
167.288562
 20
6.827859
 42
-0.035196
  0
VERTEX
  8
0
 10
167.386226
 20
6.850430
 42
-0.039211
  0
VERTEX
  8
0
 10
167.482603
 20
6.858000
 42
0.029987
  0
VERTEX
  8
0
 10
167.574854
 20
6.863538
 42
0.036020
  0
VERTEX
  8
0
 10
167.660171
 20
6.880116
 42
0.038939
  0
VERTEX
  8
0
 10
167.727972
 20
6.904235
 42
0.150525
  0
VERTEX
  8
0
 10
167.761203
 20
6.933287
 42
-0.110297
  0
VERTEX
  8
0
 10
167.792963
 20
6.965827
 42
-0.029188
  0
VERTEX
  8
0
 10
167.856407
 20
7.002106
 42
-0.028150
  0
VERTEX
  8
0
 10
167.935307
 20
7.035912
 42
-0.025660
  0
VERTEX
  8
0
 10
168.019961
 20
7.061840
 42
0.077723
  0
VERTEX
  8
0
 10
168.402843
 20
7.224189
 42
0.020638
  0
VERTEX
  8
0
 10
168.953056
 20
7.598547
 42
0.020555
  0
VERTEX
  8
0
 10
169.547224
 20
8.078846
 42
0.020647
  0
VERTEX
  8
0
 10
170.099030
 20
8.605635
 42
0.023188
  0
VERTEX
  8
0
 10
170.612233
 20
9.189671
 42
0.012215
  0
VERTEX
  8
0
 10
171.196892
 20
9.958537
 42
0.011767
  0
VERTEX
  8
0
 10
171.722038
 20
10.722575
 42
0.038306
  0
VERTEX
  8
0
 10
172.017443
 20
11.260667
 42
0.000967
  0
VERTEX
  8
0
 10
172.068835
 20
11.374657
 42
0.000247
  0
VERTEX
  8
0
 10
172.151578
 20
11.559381
 42
0.000252
  0
VERTEX
  8
0
 10
172.245810
 20
11.770320
 42
0.000256
  0
VERTEX
  8
0
 10
172.339374
 20
11.980333
 42
-0.001318
  0
VERTEX
  8
0
 10
172.430783
 20
12.184345
 42
-0.001548
  0
VERTEX
  8
0
 10
172.518540
 20
12.377231
 42
-0.001360
  0
VERTEX
  8
0
 10
172.593644
 20
12.539796
 42
-0.009570
  0
VERTEX
  8
0
 10
172.631926
 20
12.618112
 42
0.033927
  0
VERTEX
  8
0
 10
172.661735
 20
12.687462
 42
0.010360
  0
VERTEX
  8
0
 10
172.697391
 20
12.796000
 42
0.010319
  0
VERTEX
  8
0
 10
172.732388
 20
12.919539
 42
0.011104
  0
VERTEX
  8
0
 10
172.761344
 20
13.041446
 42
-0.013362
  0
VERTEX
  8
0
 10
172.790080
 20
13.160039
 42
-0.014524
  0
VERTEX
  8
0
 10
172.824412
 20
13.273639
 42
-0.014110
  0
VERTEX
  8
0
 10
172.859274
 20
13.368921
 42
-0.066282
  0
VERTEX
  8
0
 10
172.887748
 20
13.419667
 42
0.059520
  0
VERTEX
  8
0
 10
172.916032
 20
13.468518
 42
0.015034
  0
VERTEX
  8
0
 10
172.949793
 20
13.554075
 42
0.015124
  0
VERTEX
  8
0
 10
172.982701
 20
13.654882
 42
0.014751
  0
VERTEX
  8
0
 10
173.009755
 20
13.758333
 42
-0.000460
  0
VERTEX
  8
0
 10
173.040668
 20
13.892037
 42
-0.000132
  0
VERTEX
  8
0
 10
173.088865
 20
14.099381
 42
-0.000132
  0
VERTEX
  8
0
 10
173.143378
 20
14.333340
 42
-0.000141
  0
VERTEX
  8
0
 10
173.196945
 20
14.562667
 42
0.018979
  0
VERTEX
  8
0
 10
173.479348
 20
16.016987
 42
0.021835
  0
VERTEX
  8
0
 10
173.634796
 20
17.422123
 42
0.019723
  0
VERTEX
  8
0
 10
173.676171
 20
18.949745
 42
0.011425
  0
VERTEX
  8
0
 10
173.611499
 20
20.785667
 42
-0.003054
  0
VERTEX
  8
0
 10
173.580725
 20
21.377490
 42
-0.023317
  0
VERTEX
  8
0
 10
173.580942
 20
21.656121
 42
-0.091585
  0
VERTEX
  8
0
 10
173.607667
 20
21.770229
 42
-0.520251
  0
VERTEX
  8
0
 10
173.658694
 20
21.780500
 42
0.079426
  0
VERTEX
  8
0
 10
173.717792
 20
21.739871
 42
0.036184
  0
VERTEX
  8
0
 10
173.805380
 20
21.705755
 42
0.034660
  0
VERTEX
  8
0
 10
173.904928
 20
21.682468
 42
0.040147
  0
VERTEX
  8
0
 10
174.001937
 20
21.674667
 42
-0.029377
  0
VERTEX
  8
0
 10
174.094118
 20
21.669246
 42
-0.035535
  0
VERTEX
  8
0
 10
174.179221
 20
21.653010
 42
-0.038304
  0
VERTEX
  8
0
 10
174.246790
 20
21.629402
 42
-0.152292
  0
VERTEX
  8
0
 10
174.279571
 20
21.600942
 42
0.227055
  0
VERTEX
  8
0
 10
174.435008
 20
21.501162
 42
0.012597
  0
VERTEX
  8
0
 10
175.024491
 20
21.442642
 42
0.013966
  0
VERTEX
  8
0
 10
175.861554
 20
21.404256
 42
0.004737
  0
VERTEX
  8
0
 10
177.080333
 20
21.393993
 42
0.004631
  0
VERTEX
  8
0
 10
178.350382
 20
21.407095
 42
0.012244
  0
VERTEX
  8
0
 10
179.258377
 20
21.447131
 42
0.011842
  0
VERTEX
  8
0
 10
179.910405
 20
21.507442
 42
0.140809
  0
VERTEX
  8
0
 10
180.142045
 20
21.604205
 42
-0.578438
  0
VERTEX
  8
0
 10
180.193806
 20
21.583929
 42
-0.015157
  0
VERTEX
  8
0
 10
180.229848
 20
21.280691
 42
-0.012263
  0
VERTEX
  8
0
 10
180.261409
 20
20.784053
 42
-0.002636
  0
VERTEX
  8
0
 10
180.290443
 20
19.922013
 42
0.002236
  0
VERTEX
  8
0
 10
180.315060
 20
19.173319
 42
0.001877
  0
VERTEX
  8
0
 10
180.347685
 20
18.379848
 42
0.001893
  0
VERTEX
  8
0
 10
180.382954
 20
17.655233
 42
0.005220
  0
VERTEX
  8
0
 10
180.415071
 20
17.145000
 42
0.001540
  0
VERTEX
  8
0
 10
180.517358
 20
15.808469
 42
0.002948
  0
VERTEX
  8
0
 10
180.609108
 20
14.736214
 42
0.003443
  0
VERTEX
  8
0
 10
180.690923
 20
13.905234
 42
0.012400
  0
VERTEX
  8
0
 10
180.759845
 20
13.377333
 42
-0.000979
  0
VERTEX
  8
0
 10
180.796082
 20
13.141819
 42
-0.000795
  0
VERTEX
  8
0
 10
180.834036
 20
12.889177
 42
-0.000803
  0
VERTEX
  8
0
 10
180.868276
 20
12.656196
 42
-0.002088
  0
VERTEX
  8
0
 10
180.891955
 20
12.488333
 42
0.003235
  0
VERTEX
  8
0
 10
180.915271
 20
12.325737
 42
0.001452
  0
VERTEX
  8
0
 10
180.947914
 20
12.112360
 42
0.001437
  0
VERTEX
  8
0
 10
180.983716
 20
11.887047
 42
0.001955
  0
VERTEX
  8
0
 10
181.017394
 20
11.684000
 42
-0.002353
  0
VERTEX
  8
0
 10
181.055271
 20
11.454497
 42
-0.000936
  0
VERTEX
  8
0
 10
181.105160
 20
11.139332
 42
-0.000927
  0
VERTEX
  8
0
 10
181.157719
 20
10.799085
 42
-0.001166
  0
VERTEX
  8
0
 10
181.205084
 20
10.483725
 42
0.006725
  0
VERTEX
  8
0
 10
181.251298
 20
10.197715
 42
0.009732
  0
VERTEX
  8
0
 10
181.300424
 20
9.946498
 42
0.005863
  0
VERTEX
  8
0
 10
181.347945
 20
9.738201
 42
0.139891
  0
VERTEX
  8
0
 10
181.377167
 20
9.686447
 42
-0.091557
  0
VERTEX
  8
0
 10
181.401574
 20
9.651479
 42
-0.036168
  0
VERTEX
  8
0
 10
181.422013
 20
9.596253
 42
-0.034278
  0
VERTEX
  8
0
 10
181.435981
 20
9.531870
 42
-0.036293
  0
VERTEX
  8
0
 10
181.440667
 20
9.467407
 42
0.038357
  0
VERTEX
  8
0
 10
181.446086
 20
9.396871
 42
0.022470
  0
VERTEX
  8
0
 10
181.462780
 20
9.313783
 42
0.022384
  0
VERTEX
  8
0
 10
181.487098
 20
9.231686
 42
0.035139
  0
VERTEX
  8
0
 10
181.515947
 20
9.164018
 42
-0.004883
  0
VERTEX
  8
0
 10
181.555145
 20
9.085587
 42
-0.001338
  0
VERTEX
  8
0
 10
181.615394
 20
8.961189
 42
-0.001352
  0
VERTEX
  8
0
 10
181.682938
 20
8.819797
 42
-0.001409
  0
VERTEX
  8
0
 10
181.748780
 20
8.679988
 42
0.060204
  0
VERTEX
  8
0
 10
181.967495
 20
8.329244
 42
0.026402
  0
VERTEX
  8
0
 10
182.333538
 20
7.920738
 42
0.026461
  0
VERTEX
  8
0
 10
182.747469
 20
7.546961
 42
0.050967
  0
VERTEX
  8
0
 10
183.120834
 20
7.302500
 42
0.032254
  0
VERTEX
  8
0
 10
183.328025
 20
7.211616
 42
0.037638
  0
VERTEX
  8
0
 10
183.534877
 20
7.153554
 42
0.032760
  0
VERTEX
  8
0
 10
183.770578
 20
7.122041
 42
0.016856
  0
VERTEX
  8
0
 10
184.068338
 20
7.112000
 42
0.013622
  0
VERTEX
  8
0
 10
184.294220
 20
7.118155
 42
0.019675
  0
VERTEX
  8
0
 10
184.493100
 20
7.136871
 42
0.015823
  0
VERTEX
  8
0
 10
184.652355
 20
7.163359
 42
0.208120
  0
VERTEX
  8
0
 10
184.700333
 20
7.196667
 42
-0.088957
  0
VERTEX
  8
0
 10
184.729402
 20
7.229081
 42
-0.053268
  0
VERTEX
  8
0
 10
184.773476
 20
7.256462
 42
-0.051154
  0
VERTEX
  8
0
 10
184.824847
 20
7.275054
 42
-0.061331
  0
VERTEX
  8
0
 10
184.875851
 20
7.281333
 42
0.126888
  0
VERTEX
  8
0
 10
185.053612
 20
7.327183
 42
0.031076
  0
VERTEX
  8
0
 10
185.310634
 20
7.490834
 42
0.032512
  0
VERTEX
  8
0
 10
185.562951
 20
7.700833
 42
0.053761
  0
VERTEX
  8
0
 10
185.742233
 20
7.911853
 42
0.044082
  0
VERTEX
  8
0
 10
185.954049
 20
8.291658
 42
0.046686
  0
VERTEX
  8
0
 10
186.091198
 20
8.695590
 42
0.046264
  0
VERTEX
  8
0
 10
186.151866
 20
9.121299
 42
0.041844
  0
VERTEX
  8
0
 10
186.136506
 20
9.565782
 42
-0.019451
  0
VERTEX
  8
0
 10
186.087651
 20
10.180685
 42
-0.012975
  0
VERTEX
  8
0
 10
186.077448
 20
10.887233
 42
-0.012637
  0
VERTEX
  8
0
 10
186.104442
 20
11.620810
 42
-0.014503
  0
VERTEX
  8
0
 10
186.168192
 20
12.319000
 42
-0.001415
  0
VERTEX
  8
0
 10
186.312251
 20
13.485353
 42
-0.003098
  0
VERTEX
  8
0
 10
186.430622
 20
14.377464
 42
-0.003611
  0
VERTEX
  8
0
 10
186.528345
 20
15.045125
 42
-0.016498
  0
VERTEX
  8
0
 10
186.600683
 20
15.430500
 42
0.001490
  0
VERTEX
  8
0
 10
186.689820
 20
15.837584
 42
0.001689
  0
VERTEX
  8
0
 10
186.772827
 20
16.228548
 42
0.001650
  0
VERTEX
  8
0
 10
186.854827
 20
16.627881
 42
0.001305
  0
VERTEX
  8
0
 10
186.940968
 20
17.060333
 42
-0.008530
  0
VERTEX
  8
0
 10
186.984949
 20
17.265601
 42
-0.009453
  0
VERTEX
  8
0
 10
187.034552
 20
17.462295
 42
-0.008905
  0
VERTEX
  8
0
 10
187.082954
 20
17.628273
 42
-0.047400
  0
VERTEX
  8
0
 10
187.119390
 20
17.715351
 42
0.045149
  0
VERTEX
  8
0
 10
187.149557
 20
17.786547
 42
0.023136
  0
VERTEX
  8
0
 10
187.174908
 20
17.880229
 42
0.022789
  0
VERTEX
  8
0
 10
187.192262
 20
17.979864
 42
0.031730
  0
VERTEX
  8
0
 10
187.198000
 20
18.070188
 42
-0.033177
  0
VERTEX
  8
0
 10
187.203509
 20
18.153128
 42
-0.038419
  0
VERTEX
  8
0
 10
187.219964
 20
18.230534
 42
-0.041969
  0
VERTEX
  8
0
 10
187.243968
 20
18.292394
 42
-0.141735
  0
VERTEX
  8
0
 10
187.272771
 20
18.324218
 42
0.176986
  0
VERTEX
  8
0
 10
187.304981
 20
18.365135
 42
0.015591
  0
VERTEX
  8
0
 10
187.342661
 20
18.493581
 42
0.018899
  0
VERTEX
  8
0
 10
187.377974
 20
18.654222
 42
0.013573
  0
VERTEX
  8
0
 10
187.405697
 20
18.835880
 42
-0.014286
  0
VERTEX
  8
0
 10
187.433712
 20
19.017710
 42
-0.019701
  0
VERTEX
  8
0
 10
187.469899
 20
19.178900
 42
-0.016702
  0
VERTEX
  8
0
 10
187.508788
 20
19.307514
 42
-0.174279
  0
VERTEX
  8
0
 10
187.542592
 20
19.349996
 42
0.117993
  0
VERTEX
  8
0
 10
187.572816
 20
19.380406
 42
0.048807
  0
VERTEX
  8
0
 10
187.598203
 20
19.432976
 42
0.044683
  0
VERTEX
  8
0
 10
187.615506
 20
19.497232
 42
0.043461
  0
VERTEX
  8
0
 10
187.621333
 20
19.564146
 42
-0.037812
  0
VERTEX
  8
0
 10
187.626941
 20
19.638196
 42
-0.023083
  0
VERTEX
  8
0
 10
187.644138
 20
19.724206
 42
-0.023075
  0
VERTEX
  8
0
 10
187.669210
 20
19.808339
 42
-0.037531
  0
VERTEX
  8
0
 10
187.698965
 20
19.876649
 42
0.034768
  0
VERTEX
  8
0
 10
187.737357
 20
19.963477
 42
0.006336
  0
VERTEX
  8
0
 10
187.795065
 20
20.129705
 42
0.006791
  0
VERTEX
  8
0
 10
187.857613
 20
20.326398
 42
0.006118
  0
VERTEX
  8
0
 10
187.917099
 20
20.531667
 42
-0.003921
  0
VERTEX
  8
0
 10
188.011320
 20
20.862218
 42
-0.011365
  0
VERTEX
  8
0
 10
188.083469
 20
21.088818
 42
-0.012147
  0
VERTEX
  8
0
 10
188.163145
 20
21.303569
 42
-0.005036
  0
VERTEX
  8
0
 10
188.280763
 20
21.590000
 42
0.008861
  0
VERTEX
  8
0
 10
188.324806
 20
21.699637
 42
0.002847
  0
VERTEX
  8
0
 10
188.386347
 20
21.863844
 42
0.002838
  0
VERTEX
  8
0
 10
188.452770
 20
22.047401
 42
0.003174
  0
VERTEX
  8
0
 10
188.514632
 20
22.225000
 42
-0.010584
  0
VERTEX
  8
0
 10
188.589026
 20
22.428802
 42
-0.004529
  0
VERTEX
  8
0
 10
188.696647
 20
22.698075
 42
-0.004479
  0
VERTEX
  8
0
 10
188.816569
 20
22.983113
 42
-0.005882
  0
VERTEX
  8
0
 10
188.931414
 20
23.241000
 42
0.000979
  0
VERTEX
  8
0
 10
189.044365
 20
23.488087
 42
0.000925
  0
VERTEX
  8
0
 10
189.158546
 20
23.740401
 42
0.000918
  0
VERTEX
  8
0
 10
189.258850
 20
23.964242
 42
0.003227
  0
VERTEX
  8
0
 10
189.322207
 20
24.108833
 42
-0.018337
  0
VERTEX
  8
0
 10
189.372245
 20
24.214244
 42
-0.026420
  0
VERTEX
  8
0
 10
189.424671
 20
24.303170
 42
-0.024791
  0
VERTEX
  8
0
 10
189.473252
 20
24.369092
 42
-0.225228
  0
VERTEX
  8
0
 10
189.504668
 20
24.384000
 42
0.138141
  0
VERTEX
  8
0
 10
189.529073
 20
24.390874
 42
0.100135
  0
VERTEX
  8
0
 10
189.549867
 20
24.410195
 42
0.085885
  0
VERTEX
  8
0
 10
189.563867
 20
24.439093
 42
0.070065
  0
VERTEX
  8
0
 10
189.568667
 20
24.473173
 42
-0.160444
  0
VERTEX
  8
0
 10
189.625700
 20
24.646334
 42
-0.005690
  0
VERTEX
  8
0
 10
190.055064
 20
25.213801
 42
-0.010993
  0
VERTEX
  8
0
 10
190.493476
 20
25.754732
 42
-0.037508
  0
VERTEX
  8
0
 10
190.811379
 20
26.077333
 42
-0.007433
  0
VERTEX
  8
0
 10
191.287605
 20
26.480807
 42
-0.047424
  0
VERTEX
  8
0
 10
191.549843
 20
26.657622
 42
-0.096373
  0
VERTEX
  8
0
 10
191.752445
 20
26.721698
 42
-0.092733
  0
VERTEX
  8
0
 10
191.967228
 20
26.706471
 42
-0.154486
  0
VERTEX
  8
0
 10
192.141790
 20
26.596478
 42
-0.029142
  0
VERTEX
  8
0
 10
192.370801
 20
26.291267
 42
-0.032011
  0
VERTEX
  8
0
 10
192.572455
 20
25.940247
 42
-0.065104
  0
VERTEX
  8
0
 10
192.674596
 20
25.639520
 42
0.023447
  0
VERTEX
  8
0
 10
192.698621
 20
25.543136
 42
0.027448
  0
VERTEX
  8
0
 10
192.730584
 20
25.454485
 42
0.028060
  0
VERTEX
  8
0
 10
192.765341
 20
25.383806
 42
0.126692
  0
VERTEX
  8
0
 10
192.796936
 20
25.350908
 42
-0.140368
  0
VERTEX
  8
0
 10
192.825332
 20
25.319703
 42
-0.042419
  0
VERTEX
  8
0
 10
192.849008
 20
25.259484
 42
-0.038789
  0
VERTEX
  8
0
 10
192.865232
 20
25.184207
 42
-0.033698
  0
VERTEX
  8
0
 10
192.870667
 20
25.103667
 42
0.034401
  0
VERTEX
  8
0
 10
192.876219
 20
25.023056
 42
0.039279
  0
VERTEX
  8
0
 10
192.892790
 20
24.947562
 42
0.043007
  0
VERTEX
  8
0
 10
192.916983
 20
24.887085
 42
0.138556
  0
VERTEX
  8
0
 10
192.945979
 20
24.855448
 42
-0.137412
  0
VERTEX
  8
0
 10
192.978097
 20
24.820561
 42
-0.026656
  0
VERTEX
  8
0
 10
193.013179
 20
24.741515
 42
-0.026524
  0
VERTEX
  8
0
 10
193.045202
 20
24.642011
 42
-0.021795
  0
VERTEX
  8
0
 10
193.068989
 20
24.532951
 42
0.003972
  0
VERTEX
  8
0
 10
193.096016
 20
24.383666
 42
0.000980
  0
VERTEX
  8
0
 10
193.142801
 20
24.139094
 42
0.001003
  0
VERTEX
  8
0
 10
193.197489
 20
23.859224
 42
0.001004
  0
VERTEX
  8
0
 10
193.253283
 20
23.579667
 42
-0.003973
  0
VERTEX
  8
0
 10
193.362540
 20
23.014765
 42
-0.004490
  0
VERTEX
  8
0
 10
193.458235
 20
22.470747
 42
-0.004446
  0
VERTEX
  8
0
 10
193.544950
 20
21.920301
 42
-0.003745
  0
VERTEX
  8
0
 10
193.627214
 20
21.336000
 42
0.001193
  0
VERTEX
  8
0
 10
193.659146
 20
21.100487
 42
0.000965
  0
VERTEX
  8
0
 10
193.694512
 20
20.847844
 42
0.000974
  0
VERTEX
  8
0
 10
193.728043
 20
20.614889
 42
0.002520
  0
VERTEX
  8
0
 10
193.753408
 20
20.447000
 42
-0.021660
  0
VERTEX
  8
0
 10
193.871055
 20
19.397868
 42
-0.003294
  0
VERTEX
  8
0
 10
194.001168
 20
17.294045
 42
-0.003559
  0
VERTEX
  8
0
 10
194.124258
 20
14.734950
 42
-0.002630
  0
VERTEX
  8
0
 10
194.225395
 20
11.901953
 42
0.001182
  0
VERTEX
  8
0
 10
194.287289
 20
10.015032
 42
0.009687
  0
VERTEX
  8
0
 10
194.334237
 20
9.154903
 42
0.020798
  0
VERTEX
  8
0
 10
194.392574
 20
8.652023
 42
0.070699
  0
VERTEX
  8
0
 10
194.489301
 20
8.337375
 42
0.118093
  0
VERTEX
  8
0
 10
195.119769
 20
7.548907
 42
0.119183
  0
VERTEX
  8
0
 10
196.036986
 20
7.134952
 42
0.117408
  0
VERTEX
  8
0
 10
197.053153
 20
7.182793
 42
0.112225
  0
VERTEX
  8
0
 10
197.957929
 20
7.682146
 42
0.065932
  0
VERTEX
  8
0
 10
198.175709
 20
7.934852
 42
0.027833
  0
VERTEX
  8
0
 10
198.400314
 20
8.323540
 42
0.027083
  0
VERTEX
  8
0
 10
198.576676
 20
8.724727
 42
0.090249
  0
VERTEX
  8
0
 10
198.628000
 20
9.006760
 42
-0.036732
  0
VERTEX
  8
0
 10
198.634249
 20
9.091713
 42
-0.040827
  0
VERTEX
  8
0
 10
198.652871
 20
9.171795
 42
-0.044804
  0
VERTEX
  8
0
 10
198.680101
 20
9.236267
 42
-0.132783
  0
VERTEX
  8
0
 10
198.712667
 20
9.271000
 42
0.138315
  0
VERTEX
  8
0
 10
198.745343
 20
9.306619
 42
0.042611
  0
VERTEX
  8
0
 10
198.772789
 20
9.374883
 42
0.038969
  0
VERTEX
  8
0
 10
198.791778
 20
9.460113
 42
0.034122
  0
VERTEX
  8
0
 10
198.798446
 20
9.551163
 42
-0.035994
  0
VERTEX
  8
0
 10
198.808735
 20
9.684811
 42
-0.005514
  0
VERTEX
  8
0
 10
198.851217
 20
9.948346
 42
-0.006139
  0
VERTEX
  8
0
 10
198.908692
 20
10.258681
 42
-0.005291
  0
VERTEX
  8
0
 10
198.976529
 20
10.583333
 42
0.001898
  0
VERTEX
  8
0
 10
199.047430
 20
10.911509
 42
0.002039
  0
VERTEX
  8
0
 10
199.114128
 20
11.232454
 42
0.001928
  0
VERTEX
  8
0
 10
199.169216
 20
11.508507
 42
0.009688
  0
VERTEX
  8
0
 10
199.196438
 20
11.663618
 42
-0.022191
  0
VERTEX
  8
0
 10
199.218402
 20
11.772678
 42
-0.027091
  0
VERTEX
  8
0
 10
199.248886
 20
11.872181
 42
-0.027335
  0
VERTEX
  8
0
 10
199.282858
 20
11.951184
 42
-0.140020
  0
VERTEX
  8
0
 10
199.314688
 20
11.986115
 42
0.139415
  0
VERTEX
  8
0
 10
199.343688
 20
12.017864
 42
0.042730
  0
VERTEX
  8
0
 10
199.367877
 20
12.078828
 42
0.039047
  0
VERTEX
  8
0
 10
199.384448
 20
12.154980
 42
0.034066
  0
VERTEX
  8
0
 10
199.390000
 20
12.236371
 42
-0.058432
  0
VERTEX
  8
0
 10
199.415175
 20
12.451058
 42
-0.013122
  0
VERTEX
  8
0
 10
199.509881
 20
12.807487
 42
-0.013984
  0
VERTEX
  8
0
 10
199.625598
 20
13.163925
 42
-0.041746
  0
VERTEX
  8
0
 10
199.731335
 20
13.397351
 42
0.038849
  0
VERTEX
  8
0
 10
199.762760
 20
13.465672
 42
0.024215
  0
VERTEX
  8
0
 10
199.789246
 20
13.549794
 42
0.024247
  0
VERTEX
  8
0
 10
199.807410
 20
13.635804
 42
0.039931
  0
VERTEX
  8
0
 10
199.813333
 20
13.709854
 42
-0.041517
  0
VERTEX
  8
0
 10
199.818885
 20
13.776601
 42
-0.043659
  0
VERTEX
  8
0
 10
199.835385
 20
13.840357
 42
-0.047817
  0
VERTEX
  8
0
 10
199.859573
 20
13.892266
 42
-0.122001
  0
VERTEX
  8
0
 10
199.888402
 20
13.921735
 42
0.142149
  0
VERTEX
  8
0
 10
199.920969
 20
13.957775
 42
0.023408
  0
VERTEX
  8
0
 10
199.958375
 20
14.044886
 42
0.024117
  0
VERTEX
  8
0
 10
199.993593
 20
14.154612
 42
0.019228
  0
VERTEX
  8
0
 10
200.021194
 20
14.275821
 42
-0.011913
  0
VERTEX
  8
0
 10
200.048358
 20
14.403725
 42
-0.011017
  0
VERTEX
  8
0
 10
200.082229
 20
14.533591
 42
-0.011080
  0
VERTEX
  8
0
 10
200.117490
 20
14.647853
 42
-0.035738
  0
VERTEX
  8
0
 10
200.147914
 20
14.721256
 42
0.009406
  0
VERTEX
  8
0
 10
200.180198
 20
14.788854
 42
0.003977
  0
VERTEX
  8
0
 10
200.221087
 20
14.880715
 42
0.003933
  0
VERTEX
  8
0
 10
200.263219
 20
14.979545
 42
0.005130
  0
VERTEX
  8
0
 10
200.300127
 20
15.070667
 42
-0.017087
  0
VERTEX
  8
0
 10
200.784845
 20
16.189703
 42
-0.019018
  0
VERTEX
  8
0
 10
201.329223
 20
17.232903
 42
-0.020349
  0
VERTEX
  8
0
 10
201.875457
 20
18.104769
 42
-0.051772
  0
VERTEX
  8
0
 10
202.358023
 20
18.673260
 42
-0.008060
  0
VERTEX
  8
0
 10
202.527994
 20
18.830780
 42
-0.128727
  0
VERTEX
  8
0
 10
202.597208
 20
18.866395
 42
-0.277124
  0
VERTEX
  8
0
 10
202.651162
 20
18.848426
 42
-0.043790
  0
VERTEX
  8
0
 10
202.718969
 20
18.753667
 42
-0.033458
  0
VERTEX
  8
0
 10
202.794175
 20
18.604391
 42
-0.024196
  0
VERTEX
  8
0
 10
202.858321
 20
18.429428
 42
-0.012775
  0
VERTEX
  8
0
 10
202.934027
 20
18.163634
 42
-0.002172
  0
VERTEX
  8
0
 10
203.063101
 20
17.653000
 42
0.002531
  0
VERTEX
  8
0
 10
203.152626
 20
17.299895
 42
0.003281
  0
VERTEX
  8
0
 10
203.238467
 20
16.977115
 42
0.003062
  0
VERTEX
  8
0
 10
203.333170
 20
16.638377
 42
0.001806
  0
VERTEX
  8
0
 10
203.450237
 20
16.234833
 42
-0.003192
  0
VERTEX
  8
0
 10
203.489724
 20
16.097294
 42
-0.001192
  0
VERTEX
  8
0
 10
203.543470
 20
15.903707
 42
-0.001180
  0
VERTEX
  8
0
 10
203.601043
 20
15.692451
 42
-0.001430
  0
VERTEX
  8
0
 10
203.654015
 20
15.494000
 42
0.008649
  0
VERTEX
  8
0
 10
203.874085
 20
14.714870
 42
0.007354
  0
VERTEX
  8
0
 10
204.132601
 20
13.900240
 42
0.006930
  0
VERTEX
  8
0
 10
204.384337
 20
13.179099
 42
0.030227
  0
VERTEX
  8
0
 10
204.564545
 20
12.764649
 42
-0.025694
  0
VERTEX
  8
0
 10
204.593178
 20
12.700394
 42
-0.020818
  0
VERTEX
  8
0
 10
204.617364
 20
12.628899
 42
-0.021296
  0
VERTEX
  8
0
 10
204.634133
 20
12.560963
 42
-0.049892
  0
VERTEX
  8
0
 10
204.639333
 20
12.508973
 42
0.094910
  0
VERTEX
  8
0
 10
204.651909
 20
12.443317
 42
0.009584
  0
VERTEX
  8
0
 10
204.713818
 20
12.295936
 42
0.011737
  0
VERTEX
  8
0
 10
204.795792
 20
12.121954
 42
0.009088
  0
VERTEX
  8
0
 10
204.892897
 20
11.936324
 42
-0.004941
  0
VERTEX
  8
0
 10
204.996822
 20
11.741605
 42
-0.004603
  0
VERTEX
  8
0
 10
205.099408
 20
11.540236
 42
-0.004590
  0
VERTEX
  8
0
 10
205.187280
 20
11.359612
 42
-0.015542
  0
VERTEX
  8
0
 10
205.239846
 20
11.239500
 42
0.026406
  0
VERTEX
  8
0
 10
205.281194
 20
11.150342
 42
0.035760
  0
VERTEX
  8
0
 10
205.328237
 20
11.075062
 42
0.038761
  0
VERTEX
  8
0
 10
205.374163
 20
11.021360
 42
0.199019
  0
VERTEX
  8
0
 10
205.409616
 20
11.006667
 42
-0.120266
  0
VERTEX
  8
0
 10
205.438749
 20
10.999556
 42
-0.100705
  0
VERTEX
  8
0
 10
205.463562
 20
10.979512
 42
-0.091866
  0
VERTEX
  8
0
 10
205.480227
 20
10.949532
 42
-0.081211
  0
VERTEX
  8
0
 10
205.486000
 20
10.914224
 42
0.179262
  0
VERTEX
  8
0
 10
205.574538
 20
10.675208
 42
0.006040
  0
VERTEX
  8
0
 10
206.250217
 20
9.907294
 42
0.005541
  0
VERTEX
  8
0
 10
206.948050
 20
9.150296
 42
0.206304
  0
VERTEX
  8
0
 10
207.158167
 20
9.059457
 42
-0.057982
  0
VERTEX
  8
0
 10
207.198716
 20
9.054691
 42
-0.076251
  0
VERTEX
  8
0
 10
207.233197
 20
9.040716
 42
-0.094236
  0
VERTEX
  8
0
 10
207.256493
 20
9.020070
 42
-0.162000
  0
VERTEX
  8
0
 10
207.264971
 20
8.995833
 42
0.239262
  0
VERTEX
  8
0
 10
207.281995
 20
8.963528
 42
0.016357
  0
VERTEX
  8
0
 10
207.371073
 20
8.904733
 42
0.020531
  0
VERTEX
  8
0
 10
207.487230
 20
8.839815
 42
0.013776
  0
VERTEX
  8
0
 10
207.624805
 20
8.774875
 42
-0.002254
  0
VERTEX
  8
0
 10
207.772978
 20
8.709062
 42
-0.002214
  0
VERTEX
  8
0
 10
207.921437
 20
8.641528
 42
-0.002176
  0
VERTEX
  8
0
 10
208.051085
 20
8.581172
 42
-0.008424
  0
VERTEX
  8
0
 10
208.130684
 20
8.542041
 42
0.036812
  0
VERTEX
  8
0
 10
208.198989
 20
8.513150
 42
0.022476
  0
VERTEX
  8
0
 10
208.283127
 20
8.488808
 42
0.022474
  0
VERTEX
  8
0
 10
208.369137
 20
8.472112
 42
0.036716
  0
VERTEX
  8
0
 10
208.443188
 20
8.466667
 42
-0.046572
  0
VERTEX
  8
0
 10
208.510371
 20
8.460395
 42
-0.046179
  0
VERTEX
  8
0
 10
208.575433
 20
8.441796
 42
-0.050144
  0
VERTEX
  8
0
 10
208.629089
 20
8.414476
 42
-0.111983
  0
VERTEX
  8
0
 10
208.661000
 20
8.382000
 42
0.232996
  0
VERTEX
  8
0
 10
208.717733
 20
8.346479
 42
0.006909
  0
VERTEX
  8
0
 10
209.005519
 20
8.321159
 42
0.011895
  0
VERTEX
  8
0
 10
209.364867
 20
8.303122
 42
0.006591
  0
VERTEX
  8
0
 10
209.804000
 20
8.297333
 42
0.006591
  0
VERTEX
  8
0
 10
210.243133
 20
8.303122
 42
0.011895
  0
VERTEX
  8
0
 10
210.602481
 20
8.321159
 42
0.006909
  0
VERTEX
  8
0
 10
210.890267
 20
8.346479
 42
0.232996
  0
VERTEX
  8
0
 10
210.947000
 20
8.382000
 42
-0.130646
  0
VERTEX
  8
0
 10
210.981431
 20
8.414555
 42
-0.045439
  0
VERTEX
  8
0
 10
211.044665
 20
8.441796
 42
-0.041396
  0
VERTEX
  8
0
 10
211.123051
 20
8.460415
 42
-0.037634
  0
VERTEX
  8
0
 10
211.205997
 20
8.466667
 42
0.039081
  0
VERTEX
  8
0
 10
211.285135
 20
8.472862
 42
0.058208
  0
VERTEX
  8
0
 10
211.351957
 20
8.491537
 42
0.076538
  0
VERTEX
  8
0
 10
211.397479
 20
8.518924
 42
0.222681
  0
VERTEX
  8
0
 10
211.412667
 20
8.551333
 42
-0.109094
  0
VERTEX
  8
0
 10
211.419799
 20
8.583634
 42
-0.099783
  0
VERTEX
  8
0
 10
211.439996
 20
8.611129
 42
-0.095291
  0
VERTEX
  8
0
 10
211.470184
 20
8.629567
 42
-0.089817
  0
VERTEX
  8
0
 10
211.505704
 20
8.636000
 42
0.102936
  0
VERTEX
  8
0
 10
211.668214
 20
8.669815
 42
0.015448
  0
VERTEX
  8
0
 10
211.971168
 20
8.812882
 42
0.016832
  0
VERTEX
  8
0
 10
212.322245
 20
9.007304
 42
0.013944
  0
VERTEX
  8
0
 10
212.682667
 20
9.236950
 42
0.055292
  0
VERTEX
  8
0
 10
213.631124
 20
10.045032
 42
0.032193
  0
VERTEX
  8
0
 10
214.584203
 20
11.199082
 42
0.026703
  0
VERTEX
  8
0
 10
215.556277
 20
12.707165
 42
0.015650
  0
VERTEX
  8
0
 10
216.563355
 20
14.605000
 42
0.001554
  0
VERTEX
  8
0
 10
216.732668
 20
14.952431
 42
0.001619
  0
VERTEX
  8
0
 10
216.897515
 20
15.296224
 42
0.001555
  0
VERTEX
  8
0
 10
217.038160
 20
15.594380
 42
0.007093
  0
VERTEX
  8
0
 10
217.116943
 20
15.769167
 42
0.002090
  0
VERTEX
  8
0
 10
217.271128
 20
16.128723
 42
0.001240
  0
VERTEX
  8
0
 10
217.452050
 20
16.558513
 42
0.001236
  0
VERTEX
  8
0
 10
217.625560
 20
16.976472
 42
0.002815
  0
VERTEX
  8
0
 10
217.754034
 20
17.293167
 42
-0.003797
  0
VERTEX
  8
0
 10
217.792533
 20
17.387537
 42
-0.001446
  0
VERTEX
  8
0
 10
217.847575
 20
17.518514
 42
-0.001432
  0
VERTEX
  8
0
 10
217.908200
 20
17.660484
 42
-0.001754
  0
VERTEX
  8
0
 10
217.965701
 20
17.792796
 42
0.013945
  0
VERTEX
  8
0
 10
218.017620
 20
17.920709
 42
0.014591
  0
VERTEX
  8
0
 10
218.061491
 20
18.049415
 42
0.014388
  0
VERTEX
  8
0
 10
218.092852
 20
18.162485
 42
0.060520
  0
VERTEX
  8
0
 10
218.101333
 20
18.232299
 42
-0.058224
  0
VERTEX
  8
0
 10
218.107614
 20
18.286050
 42
-0.050373
  0
VERTEX
  8
0
 10
218.126204
 20
18.339747
 42
-0.052970
  0
VERTEX
  8
0
 10
218.153577
 20
18.385432
 42
-0.093165
  0
VERTEX
  8
0
 10
218.186000
 20
18.415000
 42
0.249013
  0
VERTEX
  8
0
 10
218.269611
 20
18.557989
 42
0.024942
  0
VERTEX
  8
0
 10
218.265992
 20
18.967055
 42
0.030989
  0
VERTEX
  8
0
 10
218.212551
 20
19.407737
 42
0.055637
  0
VERTEX
  8
0
 10
218.107161
 20
19.756072
 42
0.075520
  0
VERTEX
  8
0
 10
217.892203
 20
20.102225
 42
0.040801
  0
VERTEX
  8
0
 10
217.535728
 20
20.456834
 42
0.040937
  0
VERTEX
  8
0
 10
217.133324
 20
20.743742
 42
0.088257
  0
VERTEX
  8
0
 10
216.778597
 20
20.877871
 42
0.046351
  0
VERTEX
  8
0
 10
216.309514
 20
20.921532
 42
0.030524
  0
VERTEX
  8
0
 10
215.768179
 20
20.888549
 42
0.030274
  0
VERTEX
  8
0
 10
215.270228
 20
20.796695
 42
0.092082
  0
VERTEX
  8
0
 10
214.958228
 20
20.654892
 42
0.045214
  0
VERTEX
  8
0
 10
214.582549
 20
20.338075
 42
0.057092
  0
VERTEX
  8
0
 10
214.301949
 20
19.980799
 42
0.033330
  0
VERTEX
  8
0
 10
214.015712
 20
19.437732
 42
0.006092
  0
VERTEX
  8
0
 10
213.566644
 20
18.393833
 42
-0.006050
  0
VERTEX
  8
0
 10
213.504259
 20
18.248780
 42
-0.003395
  0
VERTEX
  8
0
 10
213.425137
 20
18.073983
 42
-0.003387
  0
VERTEX
  8
0
 10
213.342812
 20
17.898488
 42
-0.005519
  0
VERTEX
  8
0
 10
213.270311
 20
17.750832
 42
0.013353
  0
VERTEX
  8
0
 10
213.207409
 20
17.617487
 42
0.014999
  0
VERTEX
  8
0
 10
213.154266
 20
17.485991
 42
0.014372
  0
VERTEX
  8
0
 10
213.115807
 20
17.371975
 42
0.074284
  0
VERTEX
  8
0
 10
213.106000
 20
17.306332
 42
-0.069431
  0
VERTEX
  8
0
 10
213.099654
 20
17.260851
 42
-0.085487
  0
VERTEX
  8
0
 10
213.081129
 20
17.222289
 42
-0.100023
  0
VERTEX
  8
0
 10
213.053620
 20
17.196506
 42
-0.139299
  0
VERTEX
  8
0
 10
213.021333
 20
17.187333
 42
0.126953
  0
VERTEX
  8
0
 10
212.989044
 20
17.179001
 42
0.100762
  0
VERTEX
  8
0
 10
212.961537
 20
17.155551
 42
0.089674
  0
VERTEX
  8
0
 10
212.943046
 20
17.120472
 42
0.076714
  0
VERTEX
  8
0
 10
212.936667
 20
17.079137
 42
-0.115951
  0
VERTEX
  8
0
 10
212.892296
 20
16.890375
 42
-0.001351
  0
VERTEX
  8
0
 10
212.314559
 20
15.737194
 42
-0.001887
  0
VERTEX
  8
0
 10
211.742272
 20
14.613130
 42
-0.077833
  0
VERTEX
  8
0
 10
211.582000
 20
14.393333
 42
0.055711
  0
VERTEX
  8
0
 10
211.557907
 20
14.363177
 42
0.004460
  0
VERTEX
  8
0
 10
211.504233
 20
14.276388
 42
0.005986
  0
VERTEX
  8
0
 10
211.442211
 20
14.171250
 42
0.004557
  0
VERTEX
  8
0
 10
211.376710
 20
14.054667
 42
-0.006190
  0
VERTEX
  8
0
 10
211.310709
 20
13.938087
 42
-0.008022
  0
VERTEX
  8
0
 10
211.247172
 20
13.832946
 42
-0.006259
  0
VERTEX
  8
0
 10
211.191658
 20
13.746744
 42
-0.068992
  0
VERTEX
  8
0
 10
211.164561
 20
13.716000
 42
0.044367
  0
VERTEX
  8
0
 10
211.134696
 20
13.685294
 42
0.003003
  0
VERTEX
  8
0
 10
211.058210
 20
13.590095
 42
0.004290
  0
VERTEX
  8
0
 10
210.968551
 20
13.475105
 42
0.003202
  0
VERTEX
  8
0
 10
210.871591
 20
13.346834
 42
-0.024399
  0
VERTEX
  8
0
 10
210.587355
 20
13.002200
 42
-0.030315
  0
VERTEX
  8
0
 10
210.289631
 20
12.712497
 42
-0.031721
  0
VERTEX
  8
0
 10
210.016980
 20
12.506209
 42
-0.143995
  0
VERTEX
  8
0
 10
209.828593
 20
12.448291
 42
-0.159565
  0
VERTEX
  8
0
 10
209.624284
 20
12.512436
 42
-0.062592
  0
VERTEX
  8
0
 10
209.404699
 20
12.715245
 42
-0.043610
  0
VERTEX
  8
0
 10
209.167342
 20
13.052755
 42
-0.018375
  0
VERTEX
  8
0
 10
208.906635
 20
13.542713
 42
-0.009271
  0
VERTEX
  8
0
 10
208.592921
 20
14.220106
 42
-0.018036
  0
VERTEX
  8
0
 10
208.372413
 20
14.773630
 42
-0.022107
  0
VERTEX
  8
0
 10
208.236029
 20
15.216362
 42
-0.063741
  0
VERTEX
  8
0
 10
208.195333
 20
15.534295
 42
0.034066
  0
VERTEX
  8
0
 10
208.189782
 20
15.615687
 42
0.039047
  0
VERTEX
  8
0
 10
208.173210
 20
15.691839
 42
0.042730
  0
VERTEX
  8
0
 10
208.149021
 20
15.752803
 42
0.139415
  0
VERTEX
  8
0
 10
208.120021
 20
15.784552
 42
-0.139540
  0
VERTEX
  8
0
 10
208.088138
 20
15.819475
 42
-0.027210
  0
VERTEX
  8
0
 10
208.053963
 20
15.898485
 42
-0.026987
  0
VERTEX
  8
0
 10
208.023197
 20
15.997989
 42
-0.022119
  0
VERTEX
  8
0
 10
208.000899
 20
16.107049
 42
0.012098
  0
VERTEX
  8
0
 10
207.977057
 20
16.236862
 42
0.005889
  0
VERTEX
  8
0
 10
207.940670
 20
16.401423
 42
0.005837
  0
VERTEX
  8
0
 10
207.898767
 20
16.571865
 42
0.008393
  0
VERTEX
  8
0
 10
207.857384
 20
16.721667
 42
-0.008394
  0
VERTEX
  8
0
 10
207.812192
 20
16.885258
 42
-0.003754
  0
VERTEX
  8
0
 10
207.757982
 20
17.101862
 42
-0.003715
  0
VERTEX
  8
0
 10
207.704068
 20
17.331818
 42
-0.005034
  0
VERTEX
  8
0
 10
207.659006
 20
17.540374
 42
0.009341
  0
VERTEX
  8
0
 10
207.616581
 20
17.728847
 42
0.012500
  0
VERTEX
  8
0
 10
207.570665
 20
17.897979
 42
0.009720
  0
VERTEX
  8
0
 10
207.526457
 20
18.036214
 42
0.115131
  0
VERTEX
  8
0
 10
207.496833
 20
18.083652
 42
-0.090776
  0
VERTEX
  8
0
 10
207.472426
 20
18.118841
 42
-0.035988
  0
VERTEX
  8
0
 10
207.451987
 20
18.174247
 42
-0.034130
  0
VERTEX
  8
0
 10
207.438018
 20
18.238755
 42
-0.036267
  0
VERTEX
  8
0
 10
207.433333
 20
18.303260
 42
0.040827
  0
VERTEX
  8
0
 10
207.427564
 20
18.373795
 42
0.023770
  0
VERTEX
  8
0
 10
207.409789
 20
18.456883
 42
0.023650
  0
VERTEX
  8
0
 10
207.383895
 20
18.538971
 42
0.036582
  0
VERTEX
  8
0
 10
207.353184
 20
18.606649
 42
-0.032338
  0
VERTEX
  8
0
 10
207.313725
 20
18.691682
 42
-0.006591
  0
VERTEX
  8
0
 10
207.255758
 20
18.847270
 42
-0.006920
  0
VERTEX
  8
0
 10
207.193153
 20
19.030273
 42
-0.006443
  0
VERTEX
  8
0
 10
207.134071
 20
19.219333
 42
0.029374
  0
VERTEX
  8
0
 10
206.793735
 20
20.155354
 42
0.025201
  0
VERTEX
  8
0
 10
206.330332
 20
21.095725
 42
0.025948
  0
VERTEX
  8
0
 10
205.822137
 20
21.906063
 42
0.065321
  0
VERTEX
  8
0
 10
205.351954
 20
22.418445
 42
0.011430
  0
VERTEX
  8
0
 10
204.991871
 20
22.706667
 42
0.030810
  0
VERTEX
  8
0
 10
204.719758
 20
22.889077
 42
0.033644
  0
VERTEX
  8
0
 10
204.441299
 20
23.027624
 42
0.016012
  0
VERTEX
  8
0
 10
204.066826
 20
23.169604
 42
0.062554
  0
VERTEX
  8
0
 10
203.598368
 20
23.267219
 42
0.016027
  0
VERTEX
  8
0
 10
202.823743
 20
23.304772
 42
0.010256
  0
VERTEX
  8
0
 10
202.041075
 20
23.301545
 42
0.192518
  0
VERTEX
  8
0
 10
201.819242
 20
23.206442
 42
-0.058445
  0
VERTEX
  8
0
 10
201.774255
 20
23.170900
 42
-0.038207
  0
VERTEX
  8
0
 10
201.715405
 20
23.140597
 42
-0.038189
  0
VERTEX
  8
0
 10
201.652578
 20
23.119583
 42
-0.058064
  0
VERTEX
  8
0
 10
201.595567
 20
23.112103
 42
0.107581
  0
VERTEX
  8
0
 10
201.336492
 20
23.051772
 42
0.015880
  0
VERTEX
  8
0
 10
200.855418
 20
22.804436
 42
0.018675
  0
VERTEX
  8
0
 10
200.341201
 20
22.493403
 42
0.024516
  0
VERTEX
  8
0
 10
199.898000
 20
22.170015
 42
0.023452
  0
VERTEX
  8
0
 10
199.438169
 20
21.761580
 42
0.012634
  0
VERTEX
  8
0
 10
198.909101
 20
21.218532
 42
0.009196
  0
VERTEX
  8
0
 10
198.430427
 20
20.682252
 42
0.093382
  0
VERTEX
  8
0
 10
198.281631
 20
20.424817
 42
-0.562291
  0
VERTEX
  8
0
 10
198.230847
 20
20.414074
 42
-0.121886
  0
VERTEX
  8
0
 10
198.175543
 20
20.512429
 42
-0.026695
  0
VERTEX
  8
0
 10
198.110076
 20
20.810390
 42
-0.005662
  0
VERTEX
  8
0
 10
198.029789
 20
21.336000
 42
0.000885
  0
VERTEX
  8
0
 10
197.954105
 20
21.865299
 42
0.000310
  0
VERTEX
  8
0
 10
197.843506
 20
22.625809
 42
0.000310
  0
VERTEX
  8
0
 10
197.731880
 20
23.386742
 42
0.000876
  0
VERTEX
  8
0
 10
197.652609
 20
23.918333
 42
0.012096
  0
VERTEX
  8
0
 10
197.627638
 20
24.060413
 42
0.010663
  0
VERTEX
  8
0
 10
197.594879
 20
24.207258
 42
0.010775
  0
VERTEX
  8
0
 10
197.559660
 20
24.338401
 42
0.031593
  0
VERTEX
  8
0
 10
197.527853
 20
24.426333
 42
-0.023784
  0
VERTEX
  8
0
 10
197.496437
 20
24.509121
 42
-0.010669
  0
VERTEX
  8
0
 10
197.462728
 20
24.620538
 42
-0.010534
  0
VERTEX
  8
0
 10
197.432040
 20
24.740028
 42
-0.014095
  0
VERTEX
  8
0
 10
197.409572
 20
24.849667
 42
0.012923
  0
VERTEX
  8
0
 10
197.346561
 20
25.160840
 42
0.005234
  0
VERTEX
  8
0
 10
197.245315
 20
25.581668
 42
0.004594
  0
VERTEX
  8
0
 10
197.139098
 20
25.987874
 42
0.024928
  0
VERTEX
  8
0
 10
197.068614
 20
26.204333
 42
0.001378
  0
VERTEX
  8
0
 10
197.038948
 20
26.281416
 42
0.000804
  0
VERTEX
  8
0
 10
197.002980
 20
26.373667
 42
0.000804
  0
VERTEX
  8
0
 10
196.966673
 20
26.465911
 42
0.001363
  0
VERTEX
  8
0
 10
196.935945
 20
26.543000
 42
-0.005826
  0
VERTEX
  8
0
 10
196.900181
 20
26.635104
 42
-0.001442
  0
VERTEX
  8
0
 10
196.843746
 20
26.786946
 42
-0.001475
  0
VERTEX
  8
0
 10
196.780145
 20
26.961174
 42
-0.001477
  0
VERTEX
  8
0
 10
196.717612
 20
27.135667
 42
0.042234
  0
VERTEX
  8
0
 10
196.329238
 20
27.992481
 42
0.032884
  0
VERTEX
  8
0
 10
195.772178
 20
28.850693
 42
0.032330
  0
VERTEX
  8
0
 10
195.094857
 20
29.644917
 42
0.036558
  0
VERTEX
  8
0
 10
194.346356
 20
30.310667
 42
0.059876
  0
VERTEX
  8
0
 10
193.912806
 20
30.567177
 42
0.041473
  0
VERTEX
  8
0
 10
193.373619
 20
30.752917
 42
0.036436
  0
VERTEX
  8
0
 10
192.738046
 20
30.865955
 42
0.025799
  0
VERTEX
  8
0
 10
192.014103
 20
30.903333
 42
0.010526
  0
VERTEX
  8
0
 10
191.464004
 20
30.891752
 42
0.032466
  0
VERTEX
  8
0
 10
191.094315
 20
30.852040
 42
0.030922
  0
VERTEX
  8
0
 10
190.723451
 20
30.763739
 42
0.008865
  0
VERTEX
  8
0
 10
190.161333
 20
30.581631
 42
0.043045
  0
VERTEX
  8
0
 10
189.726450
 20
30.388953
 42
0.017293
  0
VERTEX
  8
0
 10
189.167440
 20
30.055623
 42
0.016820
  0
VERTEX
  8
0
 10
188.580697
 20
29.649102
 42
0.019123
  0
VERTEX
  8
0
 10
188.047986
 20
29.220269
 42
0.006889
  0
VERTEX
  8
0
 10
187.712255
 20
28.919935
 42
0.011138
  0
VERTEX
  8
0
 10
187.436002
 20
28.654274
 42
0.009465
  0
VERTEX
  8
0
 10
187.142430
 20
28.347698
 42
0.003537
  0
VERTEX
  8
0
 10
186.741713
 20
27.906834
 42
0.043663
  0
VERTEX
  8
0
 10
186.299847
 20
27.317534
 42
0.008177
  0
VERTEX
  8
0
 10
185.605747
 20
26.158964
 42
0.004605
  0
VERTEX
  8
0
 10
184.918232
 20
24.941860
 42
0.126921
  0
VERTEX
  8
0
 10
184.827333
 20
24.589538
 42
-0.076085
  0
VERTEX
  8
0
 10
184.820265
 20
24.543359
 42
-0.089345
  0
VERTEX
  8
0
 10
184.799766
 20
24.504173
 42
-0.100742
  0
VERTEX
  8
0
 10
184.769277
 20
24.477977
 42
-0.127941
  0
VERTEX
  8
0
 10
184.733488
 20
24.468667
 42
-0.224962
  0
VERTEX
  8
0
 10
184.698261
 20
24.485361
 42
-0.139078
  0
VERTEX
  8
0
 10
184.679676
 20
24.528204
 42
-0.073261
  0
VERTEX
  8
0
 10
184.680637
 20
24.600273
 42
-0.025882
  0
VERTEX
  8
0
 10
184.702356
 20
24.701500
 42
0.038373
  0
VERTEX
  8
0
 10
184.730485
 20
24.850659
 42
0.003784
  0
VERTEX
  8
0
 10
184.767732
 20
25.214130
 42
0.004760
  0
VERTEX
  8
0
 10
184.804776
 20
25.648725
 42
0.003757
  0
VERTEX
  8
0
 10
184.836848
 20
26.119667
 42
-0.004106
  0
VERTEX
  8
0
 10
184.871061
 20
26.616944
 42
-0.003706
  0
VERTEX
  8
0
 10
184.914500
 20
27.130904
 42
-0.003713
  0
VERTEX
  8
0
 10
184.960260
 20
27.590876
 42
-0.011763
  0
VERTEX
  8
0
 10
185.000403
 20
27.897667
 42
0.007573
  0
VERTEX
  8
0
 10
185.038735
 20
28.172677
 42
0.004078
  0
VERTEX
  8
0
 10
185.078073
 20
28.512681
 42
0.004060
  0
VERTEX
  8
0
 10
185.112534
 20
28.859942
 42
0.006366
  0
VERTEX
  8
0
 10
185.135932
 20
29.159078
 42
0.010656
  0
VERTEX
  8
0
 10
185.152599
 20
29.537444
 42
0.040211
  0
VERTEX
  8
0
 10
185.138936
 20
29.774076
 42
0.053561
  0
VERTEX
  8
0
 10
185.090092
 20
29.969379
 42
0.030747
  0
VERTEX
  8
0
 10
184.992440
 20
30.191884
 42
0.029755
  0
VERTEX
  8
0
 10
184.824111
 20
30.476215
 42
0.047573
  0
VERTEX
  8
0
 10
184.644801
 20
30.693874
 42
0.044747
  0
VERTEX
  8
0
 10
184.419503
 20
30.882562
 42
0.022998
  0
VERTEX
  8
0
 10
184.107667
 20
31.078838
 42
0.038252
  0
VERTEX
  8
0
 10
183.898645
 20
31.177067
 42
0.045799
  0
VERTEX
  8
0
 10
183.689192
 20
31.235332
 42
0.032858
  0
VERTEX
  8
0
 10
183.422588
 20
31.265881
 42
0.009868
  0
VERTEX
  8
0
 10
183.014072
 20
31.277594
 42
0.007924
  0
VERTEX
  8
0
 10
182.661861
 20
31.275156
 42
0.025501
  0
VERTEX
  8
0
 10
182.428188
 20
31.257890
 42
0.034841
  0
VERTEX
  8
0
 10
182.276277
 20
31.227980
 42
0.251312
  0
VERTEX
  8
0
 10
182.223849
 20
31.178500
 42
-0.081923
  0
VERTEX
  8
0
 10
182.202514
 20
31.138050
 42
-0.068768
  0
VERTEX
  8
0
 10
182.168166
 20
31.103755
 42
-0.070049
  0
VERTEX
  8
0
 10
182.126515
 20
31.080597
 42
-0.092151
  0
VERTEX
  8
0
 10
182.083851
 20
31.072667
 42
0.205417
  0
VERTEX
  8
0
 10
181.781775
 20
30.943096
 42
0.029483
  0
VERTEX
  8
0
 10
181.338077
 20
30.417869
 42
0.032222
  0
VERTEX
  8
0
 10
180.955818
 20
29.831966
 42
0.129125
  0
VERTEX
  8
0
 10
180.848000
 20
29.421430
 42
-0.047448
  0
VERTEX
  8
0
 10
180.841876
 20
29.357045
 42
-0.022937
  0
VERTEX
  8
0
 10
180.822541
 20
29.276471
 42
-0.022511
  0
VERTEX
  8
0
 10
180.794519
 20
29.193690
 42
-0.030005
  0
VERTEX
  8
0
 10
180.761331
 20
29.121592
 42
0.095023
  0
VERTEX
  8
0
 10
180.724243
 20
29.002507
 42
0.004214
  0
VERTEX
  8
0
 10
180.679156
 20
28.570617
 42
0.006982
  0
VERTEX
  8
0
 10
180.636936
 20
28.054533
 42
0.004921
  0
VERTEX
  8
0
 10
180.603293
 20
27.473342
 42
-0.002804
  0
VERTEX
  8
0
 10
180.572549
 20
26.900207
 42
-0.004450
  0
VERTEX
  8
0
 10
180.539105
 20
26.409854
 42
-0.001176
  0
VERTEX
  8
0
 10
180.505226
 20
25.983801
 42
-0.177762
  0
VERTEX
  8
0
 10
180.485003
 20
25.940114
 42
-0.115720
  0
VERTEX
  8
0
 10
180.426030
 20
25.903552
 42
-0.011143
  0
VERTEX
  8
0
 10
180.263897
 20
25.852992
 42
-0.007623
  0
VERTEX
  8
0
 10
179.993324
 20
25.779636
 42
-0.001161
  0
VERTEX
  8
0
 10
179.451000
 20
25.642783
 42
-0.032673
  0
VERTEX
  8
0
 10
178.427718
 20
25.457064
 42
-0.023855
  0
VERTEX
  8
0
 10
177.274554
 20
25.380247
 42
-0.023299
  0
VERTEX
  8
0
 10
176.216558
 20
25.409642
 42
-0.081778
  0
VERTEX
  8
0
 10
175.556333
 20
25.569502
 42
0.017342
  0
VERTEX
  8
0
 10
175.476326
 20
25.600173
 42
0.009006
  0
VERTEX
  8
0
 10
175.374565
 20
25.633149
 42
0.008944
  0
VERTEX
  8
0
 10
175.268716
 20
25.663298
 42
0.013454
  0
VERTEX
  8
0
 10
175.175333
 20
25.685428
 42
-0.008947
  0
VERTEX
  8
0
 10
174.772778
 20
25.777001
 42
-0.016227
  0
VERTEX
  8
0
 10
174.447744
 20
25.868365
 42
-0.010904
  0
VERTEX
  8
0
 10
174.196367
 20
25.953984
 42
-0.315018
  0
VERTEX
  8
0
 10
174.159333
 20
26.006931
 42
0.159077
  0
VERTEX
  8
0
 10
174.150568
 20
26.033784
 42
0.096930
  0
VERTEX
  8
0
 10
174.125848
 20
26.056653
 42
0.078686
  0
VERTEX
  8
0
 10
174.088934
 20
26.072095
 42
0.059864
  0
VERTEX
  8
0
 10
174.045341
 20
26.077333
 42
-0.086983
  0
VERTEX
  8
0
 10
173.927536
 20
26.097984
 42
-0.012332
  0
VERTEX
  8
0
 10
173.697532
 20
26.187650
 42
-0.014273
  0
VERTEX
  8
0
 10
173.437782
 20
26.305187
 42
-0.014356
  0
VERTEX
  8
0
 10
173.185667
 20
26.437142
 42
0.003647
  0
VERTEX
  8
0
 10
173.089667
 20
26.490037
 42
0.000722
  0
VERTEX
  8
0
 10
172.916850
 20
26.583297
 42
0.000764
  0
VERTEX
  8
0
 10
172.715239
 20
26.691325
 42
0.000710
  0
VERTEX
  8
0
 10
172.508333
 20
26.801404
 42
-0.000614
  0
VERTEX
  8
0
 10
171.923918
 20
27.112186
 42
-0.003549
  0
VERTEX
  8
0
 10
171.616381
 20
27.279029
 42
-0.004047
  0
VERTEX
  8
0
 10
171.424032
 20
27.387194
 42
-0.066167
  0
VERTEX
  8
0
 10
171.365397
 20
27.432000
 42
0.056045
  0
VERTEX
  8
0
 10
171.335200
 20
27.456055
 42
0.004502
  0
VERTEX
  8
0
 10
171.248406
 20
27.509471
 42
0.006035
  0
VERTEX
  8
0
 10
171.143255
 20
27.571169
 42
0.004596
  0
VERTEX
  8
0
 10
171.026667
 20
27.636286
 42
-0.015028
  0
VERTEX
  8
0
 10
170.864359
 20
27.731433
 42
-0.003187
  0
VERTEX
  8
0
 10
170.587752
 20
27.907424
 42
-0.003333
  0
VERTEX
  8
0
 10
170.269630
 20
28.115706
 42
-0.003161
  0
VERTEX
  8
0
 10
169.948617
 20
28.331888
 42
0.014110
  0
VERTEX
  8
0
 10
169.586553
 20
28.564358
 42
0.013540
  0
VERTEX
  8
0
 10
169.207013
 20
28.779398
 42
0.014196
  0
VERTEX
  8
0
 10
168.843399
 20
28.959557
 42
0.024824
  0
VERTEX
  8
0
 10
168.531570
 20
29.084824
 42
0.017106
  0
VERTEX
  8
0
 10
168.134610
 20
29.206811
 42
0.039016
  0
VERTEX
  8
0
 10
167.826797
 20
29.264716
 42
0.028815
  0
VERTEX
  8
0
 10
167.461889
 20
29.283099
 42
0.005889
  0
VERTEX
  8
0
 10
166.815620
 20
29.270783
 42
0.012230
  0
VERTEX
  8
0
 10
166.095569
 20
29.230930
 42
0.020029
  0
VERTEX
  8
0
 10
165.489107
 20
29.157925
 42
0.020400
  0
VERTEX
  8
0
 10
165.020005
 20
29.062517
 42
0.129200
  0
VERTEX
  8
0
 10
164.807900
 20
28.947079
 42
-0.073746
  0
VERTEX
  8
0
 10
164.766161
 20
28.918021
 42
-0.036622
  0
VERTEX
  8
0
 10
164.706326
 20
28.893584
 42
-0.035347
  0
VERTEX
  8
0
 10
164.639318
 20
28.876911
 42
-0.043326
  0
VERTEX
  8
0
 10
164.575067
 20
28.871333
 42
0.053595
  0
VERTEX
  8
0
 10
164.516762
 20
28.865066
 42
0.073362
  0
VERTEX
  8
0
 10
164.467434
 20
28.846463
 42
0.093122
  0
VERTEX
  8
0
 10
164.434319
 20
28.818975
 42
0.174820
  0
VERTEX
  8
0
 10
164.422667
 20
28.786667
 42
-0.106250
  0
VERTEX
  8
0
 10
164.415724
 20
28.754363
 42
-0.099366
  0
VERTEX
  8
0
 10
164.396035
 20
28.726871
 42
-0.096093
  0
VERTEX
  8
0
 10
164.366615
 20
28.708441
 42
-0.092266
  0
VERTEX
  8
0
 10
164.332005
 20
28.702000
 42
0.172328
  0
VERTEX
  8
0
 10
164.008123
 20
28.586955
 42
0.010452
  0
VERTEX
  8
0
 10
163.210808
 20
27.910587
 42
0.016652
  0
VERTEX
  8
0
 10
162.408092
 20
27.151129
 42
0.028295
  0
VERTEX
  8
0
 10
161.796522
 20
26.458333
 42
-0.026306
  0
VERTEX
  8
0
 10
161.615097
 20
26.251157
 42
-0.103479
  0
VERTEX
  8
0
 10
161.475077
 20
26.156850
 42
-0.070200
  0
VERTEX
  8
0
 10
161.283170
 20
26.108594
 42
-0.008060
  0
VERTEX
  8
0
 10
160.838532
 20
26.068443
 42
0.012718
  0
VERTEX
  8
0
 10
160.536645
 20
26.038345
 42
0.009113
  0
VERTEX
  8
0
 10
160.200913
 20
25.989995
 42
0.009211
  0
VERTEX
  8
0
 10
159.882662
 20
25.932188
 42
0.019488
  0
VERTEX
  8
0
 10
159.639000
 20
25.873315
 42
-0.015210
  0
VERTEX
  8
0
 10
158.444646
 20
25.573904
 42
-0.027787
  0
VERTEX
  8
0
 10
157.453130
 20
25.414248
 42
-0.030667
  0
VERTEX
  8
0
 10
156.519424
 20
25.374283
 42
-0.024145
  0
VERTEX
  8
0
 10
155.509220
 20
25.441882
 42
-0.010847
  0
VERTEX
  8
0
 10
155.286115
 20
25.472593
 42
-0.015704
  0
VERTEX
  8
0
 10
155.090754
 20
25.510143
 42
-0.011289
  0
VERTEX
  8
0
 10
154.932728
 20
25.549464
 42
-0.189928
  0
VERTEX
  8
0
 10
154.890389
 20
25.581108
 42
0.126565
  0
VERTEX
  8
0
 10
154.861237
 20
25.609119
 42
0.046600
  0
VERTEX
  8
0
 10
154.808755
 20
25.632588
 42
0.042472
  0
VERTEX
  8
0
 10
154.743966
 20
25.648614
 42
0.039417
  0
VERTEX
  8
0
 10
154.675745
 20
25.654000
 42
-0.075215
  0
VERTEX
  8
0
 10
154.337095
 20
25.705233
 42
-0.012298
  0
VERTEX
  8
0
 10
153.706578
 20
25.917606
 42
-0.014466
  0
VERTEX
  8
0
 10
153.048271
 20
26.179332
 42
-0.025948
  0
VERTEX
  8
0
 10
152.527000
 20
26.437094
 42
0.003681
  0
VERTEX
  8
0
 10
152.430999
 20
26.490008
 42
0.000728
  0
VERTEX
  8
0
 10
152.258183
 20
26.583283
 42
0.000771
  0
VERTEX
  8
0
 10
152.056572
 20
26.691321
 42
0.000717
  0
VERTEX
  8
0
 10
151.849667
 20
26.801404
 42
-0.000885
  0
VERTEX
  8
0
 10
151.202430
 20
27.146043
 42
-0.008134
  0
VERTEX
  8
0
 10
150.924240
 20
27.300677
 42
-0.014194
  0
VERTEX
  8
0
 10
150.769241
 20
27.396131
 42
-0.144034
  0
VERTEX
  8
0
 10
150.720778
 20
27.453167
 42
0.095202
  0
VERTEX
  8
0
 10
150.703873
 20
27.477454
 42
0.062933
  0
VERTEX
  8
0
 10
150.676671
 20
27.498013
 42
0.060395
  0
VERTEX
  8
0
 10
150.643830
 20
27.511932
 42
0.070170
  0
VERTEX
  8
0
 10
150.610260
 20
27.516667
 42
-0.138954
  0
VERTEX
  8
0
 10
150.495065
 20
27.549310
 42
-0.001803
  0
VERTEX
  8
0
 10
149.851345
 20
27.949209
 42
-0.003961
  0
VERTEX
  8
0
 10
149.248814
 20
28.333214
 42
-0.047913
  0
VERTEX
  8
0
 10
149.033999
 20
28.503782
 42
0.041113
  0
VERTEX
  8
0
 10
148.981167
 20
28.546913
 42
0.021655
  0
VERTEX
  8
0
 10
148.909306
 20
28.591884
 42
0.021398
  0
VERTEX
  8
0
 10
148.831249
 20
28.631837
 42
0.030750
  0
VERTEX
  8
0
 10
148.758832
 20
28.659826
 42
-0.032892
  0
VERTEX
  8
0
 10
148.694197
 20
28.685125
 42
-0.043604
  0
VERTEX
  8
0
 10
148.639594
 20
28.716826
 42
-0.050301
  0
VERTEX
  8
0
 10
148.601423
 20
28.749880
 42
-0.191440
  0
VERTEX
  8
0
 10
148.590000
 20
28.778620
 42
0.282358
  0
VERTEX
  8
0
 10
148.570370
 20
28.810610
 42
0.012328
  0
VERTEX
  8
0
 10
148.446993
 20
28.869504
 42
0.017816
  0
VERTEX
  8
0
 10
148.289756
 20
28.933235
 42
0.011420
  0
VERTEX
  8
0
 10
148.103167
 20
28.996442
 42
-0.003940
  0
VERTEX
  8
0
 10
147.904096
 20
29.060573
 42
-0.004089
  0
VERTEX
  8
0
 10
147.708520
 20
29.127063
 42
-0.003943
  0
VERTEX
  8
0
 10
147.540238
 20
29.187307
 42
-0.017677
  0
VERTEX
  8
0
 10
147.443327
 20
29.226805
 42
0.115699
  0
VERTEX
  8
0
 10
146.948391
 20
29.323014
 42
0.011584
  0
VERTEX
  8
0
 10
145.737662
 20
29.248402
 42
0.009842
  0
VERTEX
  8
0
 10
144.518108
 20
29.120620
 42
0.159152
  0
VERTEX
  8
0
 10
144.149233
 20
28.947079
 42
-0.073746
  0
VERTEX
  8
0
 10
144.107494
 20
28.918021
 42
-0.036622
  0
VERTEX
  8
0
 10
144.047660
 20
28.893584
 42
-0.035347
  0
VERTEX
  8
0
 10
143.980651
 20
28.876911
 42
-0.043326
  0
VERTEX
  8
0
 10
143.916400
 20
28.871333
 42
0.040091
  0
VERTEX
  8
0
 10
143.858046
 20
28.866647
 42
0.059394
  0
VERTEX
  8
0
 10
143.808767
 20
28.852534
 42
0.078115
  0
VERTEX
  8
0
 10
143.775252
 20
28.831824
 42
0.218741
  0
VERTEX
  8
0
 10
143.764000
 20
28.807335
 42
-0.219886
  0
VERTEX
  8
0
 10
143.749493
 20
28.775942
 42
-0.025921
  0
VERTEX
  8
0
 10
143.686795
 20
28.727961
 42
-0.027150
  0
VERTEX
  8
0
 10
143.601852
 20
28.676223
 42
-0.019021
  0
VERTEX
  8
0
 10
143.501173
 20
28.626998
 42
0.055276
  0
VERTEX
  8
0
 10
143.195994
 20
28.449351
 42
0.012694
  0
VERTEX
  8
0
 10
142.725415
 20
28.081874
 42
0.013269
  0
VERTEX
  8
0
 10
142.214235
 20
27.638118
 42
0.014495
  0
VERTEX
  8
0
 10
141.742579
 20
27.180369
 42
0.035702
  0
VERTEX
  8
0
 10
141.211501
 20
26.549851
 42
0.017686
  0
VERTEX
  8
0
 10
140.626325
 20
25.682001
 42
0.017406
  0
VERTEX
  8
0
 10
140.077783
 20
24.730755
 42
0.023570
  0
VERTEX
  8
0
 10
139.654202
 20
23.833667
 42
-0.002574
  0
VERTEX
  8
0
 10
139.486710
 20
23.436580
 42
-0.011783
  0
VERTEX
  8
0
 10
139.382858
 20
23.208856
 42
-0.020263
  0
VERTEX
  8
0
 10
139.302284
 20
23.058505
 42
-0.037388
  0
VERTEX
  8
0
 10
139.223192
 20
22.944667
 42
0.045042
  0
VERTEX
  8
0
 10
139.058903
 20
22.700321
 42
0.011667
  0
VERTEX
  8
0
 10
138.840276
 20
22.278918
 42
0.011484
  0
VERTEX
  8
0
 10
138.641910
 20
21.848984
 42
0.048316
  0
VERTEX
  8
0
 10
138.554542
 20
21.578808
 42
-0.010620
  0
VERTEX
  8
0
 10
138.526334
 20
21.462250
 42
-0.009660
  0
VERTEX
  8
0
 10
138.492367
 20
21.343230
 42
-0.009719
  0
VERTEX
  8
0
 10
138.457869
 20
21.237989
 42
-0.030534
  0
VERTEX
  8
0
 10
138.429112
 20
21.169446
 42
0.012639
  0
VERTEX
  8
0
 10
138.371108
 20
21.043969
 42
0.005319
  0
VERTEX
  8
0
 10
138.299224
 20
20.872562
 42
0.003451
  0
VERTEX
  8
0
 10
138.200619
 20
20.625370
 42
0.000952
  0
VERTEX
  8
0
 10
138.049000
 20
20.235333
 42
-0.000090
  0
VERTEX
  8
0
 10
137.987783
 20
20.077047
 42
-0.000086
  0
VERTEX
  8
0
 10
137.925632
 20
19.916510
 42
-0.000085
  0
VERTEX
  8
0
 10
137.870746
 20
19.774884
 42
-0.000310
  0
VERTEX
  8
0
 10
137.835830
 20
19.685000
 42
-0.005146
  0
VERTEX
  8
0
 10
137.801381
 20
19.599106
 42
-0.001735
  0
VERTEX
  8
0
 10
137.749447
 20
19.474602
 42
-0.001725
  0
VERTEX
  8
0
 10
137.691059
 20
19.337307
 42
-0.001978
  0
VERTEX
  8
0
 10
137.634299
 20
19.206538
 42
0.005692
  0
VERTEX
  8
0
 10
137.582346
 20
19.084366
 42
0.007770
  0
VERTEX
  8
0
 10
137.538509
 20
18.973050
 42
0.005373
  0
VERTEX
  8
0
 10
137.504371
 20
18.879202
 42
0.084734
  0
VERTEX
  8
0
 10
137.498667
 20
18.845782
 42
-0.090738
  0
VERTEX
  8
0
 10
137.492295
 20
18.810959
 42
-0.003701
  0
VERTEX
  8
0
 10
137.446031
 20
18.691455
 42
-0.006356
  0
VERTEX
  8
0
 10
137.388131
 20
18.550387
 42
-0.004453
  0
VERTEX
  8
0
 10
137.319482
 20
18.392911
 42
0.001641
  0
VERTEX
  8
0
 10
137.241894
 20
18.217628
 42
0.001200
  0
VERTEX
  8
0
 10
137.156838
 20
18.022484
 42
0.001212
  0
VERTEX
  8
0
 10
137.077137
 20
17.837192
 42
0.002680
  0
VERTEX
  8
0
 10
137.017422
 20
17.695333
 42
-0.000072
  0
VERTEX
  8
0
 10
136.965211
 20
17.569467
 42
-0.000061
  0
VERTEX
  8
0
 10
136.909932
 20
17.436306
 42
-0.000061
  0
VERTEX
  8
0
 10
136.859484
 20
17.314866
 42
-0.000170
  0
VERTEX
  8
0
 10
136.824045
 20
17.229667
 42
-0.003164
  0
VERTEX
  8
0
 10
136.785536
 20
17.138800
 42
-0.000809
  0
VERTEX
  8
0
 10
136.722032
 20
16.992210
 42
-0.000824
  0
VERTEX
  8
0
 10
136.649002
 20
16.825126
 42
-0.000836
  0
VERTEX
  8
0
 10
136.575771
 20
16.659089
 42
0.005443
  0
VERTEX
  8
0
 10
136.507649
 20
16.500698
 42
0.007485
  0
VERTEX
  8
0
 10
136.450116
 20
16.356787
 42
0.005048
  0
VERTEX
  8
0
 10
136.405081
 20
16.235393
 42
0.085118
  0
VERTEX
  8
0
 10
136.397646
 20
16.193423
 42
-0.097377
  0
VERTEX
  8
0
 10
136.389142
 20
16.151394
 42
-0.005204
  0
VERTEX
  8
0
 10
136.335322
 20
16.025573
 42
-0.007995
  0
VERTEX
  8
0
 10
136.266954
 20
15.876732
 42
-0.005729
  0
VERTEX
  8
0
 10
136.185979
 20
15.712484
 42
0.006170
  0
VERTEX
  8
0
 10
136.105033
 20
15.547932
 42
0.008518
  0
VERTEX
  8
0
 10
136.036740
 20
15.398145
 42
0.005776
  0
VERTEX
  8
0
 10
135.983370
 20
15.271632
 42
0.097216
  0
VERTEX
  8
0
 10
135.974667
 20
15.227290
 42
-0.100157
  0
VERTEX
  8
0
 10
135.964962
 20
15.179329
 42
-0.002406
  0
VERTEX
  8
0
 10
135.875183
 20
14.969390
 42
-0.005172
  0
VERTEX
  8
0
 10
135.765775
 20
14.723910
 42
-0.003481
  0
VERTEX
  8
0
 10
135.636000
 20
14.445777
 42
0.002701
  0
VERTEX
  8
0
 10
135.506207
 20
14.168736
 42
0.004116
  0
VERTEX
  8
0
 10
135.396817
 20
13.926707
 42
0.001552
  0
VERTEX
  8
0
 10
135.305265
 20
13.717871
 42
0.102874
  0
VERTEX
  8
0
 10
135.297333
 20
13.679730
 42
-0.099934
  0
VERTEX
  8
0
 10
135.289686
 20
13.641850
 42
-0.001782
  0
VERTEX
  8
0
 10
135.208171
 20
13.450106
 42
-0.004382
  0
VERTEX
  8
0
 10
135.110123
 20
13.227149
 42
-0.002900
  0
VERTEX
  8
0
 10
134.993800
 20
12.972758
 42
0.000028
  0
VERTEX
  8
0
 10
134.863215
 20
12.691458
 42
0.000022
  0
VERTEX
  8
0
 10
134.721770
 20
12.386687
 42
0.000022
  0
VERTEX
  8
0
 10
134.590336
 20
12.103424
 42
0.000054
  0
VERTEX
  8
0
 10
134.493976
 20
11.895667
 42
-0.007506
  0
VERTEX
  8
0
 10
134.006764
 20
10.884959
 42
-0.016279
  0
VERTEX
  8
0
 10
133.595956
 20
10.127138
 42
-0.018642
  0
VERTEX
  8
0
 10
133.174477
 20
9.464601
 42
-0.013723
  0
VERTEX
  8
0
 10
132.660986
 20
8.762267
 42
-0.012026
  0
VERTEX
  8
0
 10
132.372089
 20
8.407056
 42
-0.023203
  0
VERTEX
  8
0
 10
132.121422
 20
8.139732
 42
-0.028654
  0
VERTEX
  8
0
 10
131.890627
 20
7.939805
 42
-0.041315
  0
VERTEX
  8
0
 10
131.663902
 20
7.793206
 42
-0.209926
  0
VERTEX
  8
0
 10
131.388119
 20
7.771775
 42
-0.130107
  0
VERTEX
  8
0
 10
131.114674
 20
7.956868
 42
-0.070055
  0
VERTEX
  8
0
 10
130.840262
 20
8.378367
 42
-0.023495
  0
VERTEX
  8
0
 10
130.560156
 20
9.059333
 42
0.001534
  0
VERTEX
  8
0
 10
130.514735
 20
9.185200
 42
0.001287
  0
VERTEX
  8
0
 10
130.465830
 20
9.318360
 42
0.001298
  0
VERTEX
  8
0
 10
130.420526
 20
9.439772
 42
0.003582
  0
VERTEX
  8
0
 10
130.387773
 20
9.525000
 42
-0.049437
  0
VERTEX
  8
0
 10
130.105080
 20
10.525881
 42
-0.021371
  0
VERTEX
  8
0
 10
129.920194
 20
11.899998
 42
-0.019818
  0
VERTEX
  8
0
 10
129.839226
 20
13.474490
 42
-0.017643
  0
VERTEX
  8
0
 10
129.877796
 20
15.113000
 42
-0.005994
  0
VERTEX
  8
0
 10
130.010963
 20
16.990587
 42
-0.008467
  0
VERTEX
  8
0
 10
130.177896
 20
18.658910
 42
-0.008799
  0
VERTEX
  8
0
 10
130.395465
 20
20.269673
 42
-0.007360
  0
VERTEX
  8
0
 10
130.681518
 20
21.971000
 42
0.000856
  0
VERTEX
  8
0
 10
130.738424
 20
22.284465
 42
0.000872
  0
VERTEX
  8
0
 10
130.793906
 20
22.596210
 42
0.000846
  0
VERTEX
  8
0
 10
130.841197
 20
22.867331
 42
0.003618
  0
VERTEX
  8
0
 10
130.867966
 20
23.029333
 42
-0.015077
  0
VERTEX
  8
0
 10
130.890567
 20
23.148990
 42
-0.016497
  0
VERTEX
  8
0
 10
130.919782
 20
23.263490
 42
-0.016126
  0
VERTEX
  8
0
 10
130.951024
 20
23.359349
 42
-0.075041
  0
VERTEX
  8
0
 10
130.978686
 20
23.410333
 42
0.091427
  0
VERTEX
  8
0
 10
131.006740
 20
23.466312
 42
0.012224
  0
VERTEX
  8
0
 10
131.040532
 20
23.594483
 42
0.013798
  0
VERTEX
  8
0
 10
131.072994
 20
23.750039
 42
0.011204
  0
VERTEX
  8
0
 10
131.099417
 20
23.918333
 42
-0.008643
  0
VERTEX
  8
0
 10
131.126370
 20
24.095932
 42
-0.007701
  0
VERTEX
  8
0
 10
131.160397
 20
24.279490
 42
-0.007750
  0
VERTEX
  8
0
 10
131.196093
 20
24.443583
 42
-0.023578
  0
VERTEX
  8
0
 10
131.227278
 20
24.553333
 42
0.007142
  0
VERTEX
  8
0
 10
131.261577
 20
24.660515
 42
0.002535
  0
VERTEX
  8
0
 10
131.307660
 20
24.814742
 42
0.002515
  0
VERTEX
  8
0
 10
131.356554
 20
24.984613
 42
0.002960
  0
VERTEX
  8
0
 10
131.401099
 20
25.146000
 42
-0.007170
  0
VERTEX
  8
0
 10
131.445523
 20
25.301819
 42
-0.007359
  0
VERTEX
  8
0
 10
131.494033
 20
25.454950
 42
-0.007166
  0
VERTEX
  8
0
 10
131.539952
 20
25.586503
 42
-0.030580
  0
VERTEX
  8
0
 10
131.573198
 20
25.662723
 42
0.047608
  0
VERTEX
  8
0
 10
131.603742
 20
25.739797
 42
0.011089
  0
VERTEX
  8
0
 10
131.639562
 20
25.874457
 42
0.011340
  0
VERTEX
  8
0
 10
131.673975
 20
26.031950
 42
0.010900
  0
VERTEX
  8
0
 10
131.701716
 20
26.192931
 42
-0.015630
  0
VERTEX
  8
0
 10
131.729840
 20
26.347392
 42
-0.020973
  0
VERTEX
  8
0
 10
131.765496
 20
26.485133
 42
-0.018677
  0
VERTEX
  8
0
 10
131.803344
 20
26.594703
 42
-0.163247
  0
VERTEX
  8
0
 10
131.835770
 20
26.633705
 42
0.139028
  0
VERTEX
  8
0
 10
131.864608
 20
26.665228
 42
0.042855
  0
VERTEX
  8
0
 10
131.888666
 20
26.725638
 42
0.039151
  0
VERTEX
  8
0
 10
131.905145
 20
26.801074
 42
0.034216
  0
VERTEX
  8
0
 10
131.910667
 20
26.881667
 42
-0.038534
  0
VERTEX
  8
0
 10
131.916921
 20
26.962700
 42
-0.041947
  0
VERTEX
  8
0
 10
131.935538
 20
27.039469
 42
-0.046040
  0
VERTEX
  8
0
 10
131.962789
 20
27.101528
 42
-0.128561
  0
VERTEX
  8
0
 10
131.995333
 20
27.135667
 42
0.128561
  0
VERTEX
  8
0
 10
132.027878
 20
27.169805
 42
0.046040
  0
VERTEX
  8
0
 10
132.055129
 20
27.231864
 42
0.041947
  0
VERTEX
  8
0
 10
132.073746
 20
27.308634
 42
0.038534
  0
VERTEX
  8
0
 10
132.080000
 20
27.389667
 42
-0.035283
  0
VERTEX
  8
0
 10
132.085702
 20
27.470367
 42
-0.039878
  0
VERTEX
  8
0
 10
132.102707
 20
27.546132
 42
-0.043714
  0
VERTEX
  8
0
 10
132.127550
 20
27.606938
 42
-0.136329
  0
VERTEX
  8
0
 10
132.157300
 20
27.639114
 42
0.149052
  0
VERTEX
  8
0
 10
132.190664
 20
27.677055
 42
0.022511
  0
VERTEX
  8
0
 10
132.228656
 20
27.772076
 42
0.023578
  0
VERTEX
  8
0
 10
132.264157
 20
27.891831
 42
0.018422
  0
VERTEX
  8
0
 10
132.291667
 20
28.024667
 42
-0.018422
  0
VERTEX
  8
0
 10
132.319176
 20
28.157503
 42
-0.023578
  0
VERTEX
  8
0
 10
132.354677
 20
28.277257
 42
-0.022511
  0
VERTEX
  8
0
 10
132.392669
 20
28.372278
 42
-0.149052
  0
VERTEX
  8
0
 10
132.426034
 20
28.410220
 42
0.136329
  0
VERTEX
  8
0
 10
132.455783
 20
28.442396
 42
0.043714
  0
VERTEX
  8
0
 10
132.480627
 20
28.503201
 42
0.039878
  0
VERTEX
  8
0
 10
132.497632
 20
28.578966
 42
0.035283
  0
VERTEX
  8
0
 10
132.503333
 20
28.659667
 42
-0.038534
  0
VERTEX
  8
0
 10
132.509588
 20
28.740700
 42
-0.041947
  0
VERTEX
  8
0
 10
132.528204
 20
28.817469
 42
-0.046040
  0
VERTEX
  8
0
 10
132.555455
 20
28.879528
 42
-0.128561
  0
VERTEX
  8
0
 10
132.588000
 20
28.913667
 42
0.212349
  0
VERTEX
  8
0
 10
132.621382
 20
28.962592
 42
0.014087
  0
VERTEX
  8
0
 10
132.647796
 20
29.134929
 42
0.018392
  0
VERTEX
  8
0
 10
132.666517
 20
29.349230
 42
0.012590
  0
VERTEX
  8
0
 10
132.672667
 20
29.593422
 42
0.013920
  0
VERTEX
  8
0
 10
132.663701
 20
29.915431
 42
0.032347
  0
VERTEX
  8
0
 10
132.634720
 20
30.155080
 42
0.040580
  0
VERTEX
  8
0
 10
132.580798
 20
30.352886
 42
0.039693
  0
VERTEX
  8
0
 10
132.495334
 20
30.540925
 42
0.075292
  0
VERTEX
  8
0
 10
132.030033
 20
31.145139
 42
0.089268
  0
VERTEX
  8
0
 10
131.430604
 20
31.543195
 42
0.070492
  0
VERTEX
  8
0
 10
130.617261
 20
31.766001
 42
0.029993
  0
VERTEX
  8
0
 10
129.487844
 20
31.841399
 42
-0.009127
  0
VERTEX
  8
0
 10
128.746839
 20
31.859887
 42
-0.010189
  0
VERTEX
  8
0
 10
128.033778
 20
31.905282
 42
-0.010305
  0
VERTEX
  8
0
 10
127.330529
 20
31.979086
 42
-0.009800
  0
VERTEX
  8
0
 10
126.619000
 20
32.082820
 42
0.003198
  0
VERTEX
  8
0
 10
126.376465
 20
32.121457
 42
0.001489
  0
VERTEX
  8
0
 10
126.061434
 20
32.168618
 42
0.001475
  0
VERTEX
  8
0
 10
125.730474
 20
32.216160
 42
0.002061
  0
VERTEX
  8
0
 10
125.434263
 20
32.256574
 42
-0.005546
  0
VERTEX
  8
0
 10
125.153395
 20
32.296891
 42
-0.005294
  0
VERTEX
  8
0
 10
124.869095
 20
32.344011
 42
-0.005255
  0
VERTEX
  8
0
 10
124.618926
 20
32.390917
 42
-0.018786
  0
VERTEX
  8
0
 10
124.460597
 20
32.428561
 42
0.021361
  0
VERTEX
  8
0
 10
124.324289
 20
32.460229
 42
0.012564
  0
VERTEX
  8
0
 10
124.159092
 20
32.486962
 42
0.012556
  0
VERTEX
  8
0
 10
123.992346
 20
32.505411
 42
0.020897
  0
VERTEX
  8
0
 10
123.851163
 20
32.511528
 42
-0.021811
  0
VERTEX
  8
0
 10
123.728178
 20
32.517081
 42
-0.028735
  0
VERTEX
  8
0
 10
123.617126
 20
32.533433
 42
-0.028846
  0
VERTEX
  8
0
 10
123.529461
 20
32.556878
 42
-0.176350
  0
VERTEX
  8
0
 10
123.493274
 20
32.585436
 42
0.160088
  0
VERTEX
  8
0
 10
123.455781
 20
32.616999
 42
0.020335
  0
VERTEX
  8
0
 10
123.354948
 20
32.652849
 42
0.022165
  0
VERTEX
  8
0
 10
123.227973
 20
32.686166
 42
0.016755
  0
VERTEX
  8
0
 10
123.086111
 20
32.711802
 42
-0.005792
  0
VERTEX
  8
0
 10
122.901576
 20
32.740988
 42
-0.001921
  0
VERTEX
  8
0
 10
122.631639
 20
32.787959
 42
-0.001912
  0
VERTEX
  8
0
 10
122.332851
 20
32.842314
 42
-0.002174
  0
VERTEX
  8
0
 10
122.047000
 20
32.896732
 42
0.015872
  0
VERTEX
  8
0
 10
120.625499
 20
33.127197
 42
0.058218
  0
VERTEX
  8
0
 10
119.715249
 20
33.138743
 42
0.091281
  0
VERTEX
  8
0
 10
119.056508
 20
32.945262
 42
0.086354
  0
VERTEX
  8
0
 10
118.495262
 20
32.527374
 42
0.057148
  0
VERTEX
  8
0
 10
118.118345
 20
32.025680
 42
0.073831
  0
VERTEX
  8
0
 10
117.903469
 20
31.491983
 42
0.046992
  0
VERTEX
  8
0
 10
117.797858
 20
30.750338
 42
0.010713
  0
VERTEX
  8
0
 10
117.764707
 20
29.480999
 42
-0.004212
  0
VERTEX
  8
0
 10
117.756361
 20
28.844350
 42
-0.002611
  0
VERTEX
  8
0
 10
117.736358
 20
28.096864
 42
-0.002618
  0
VERTEX
  8
0
 10
117.708891
 20
27.359048
 42
-0.004719
  0
VERTEX
  8
0
 10
117.677505
 20
26.754667
 42
-0.002331
  0
VERTEX
  8
0
 10
117.619270
 20
25.873414
 42
-0.003928
  0
VERTEX
  8
0
 10
117.561162
 20
25.134727
 42
-0.003150
  0
VERTEX
  8
0
 10
117.482978
 20
24.293348
 42
-0.000977
  0
VERTEX
  8
0
 10
117.354989
 20
23.029333
 42
0.000000
  0
VERTEX
  8
0
 10
117.263217
 20
22.140333
 42
0.000000
  0
VERTEX
  8
0
 10
116.861109
 20
21.754898
 42
-0.008142
  0
VERTEX
  8
0
 10
116.682421
 20
21.589118
 42
-0.005843
  0
VERTEX
  8
0
 10
116.477636
 20
21.409517
 42
-0.005902
  0
VERTEX
  8
0
 10
116.278605
 20
21.243067
 42
-0.012635
  0
VERTEX
  8
0
 10
116.120333
 20
21.120380
 42
0.002115
  0
VERTEX
  8
0
 10
115.987523
 20
21.021832
 42
0.002885
  0
VERTEX
  8
0
 10
115.868715
 20
20.931818
 42
0.001896
  0
VERTEX
  8
0
 10
115.769715
 20
20.855310
 42
0.033042
  0
VERTEX
  8
0
 10
115.739333
 20
20.828242
 42
-0.056744
  0
VERTEX
  8
0
 10
115.583473
 20
20.702080
 42
-0.003385
  0
VERTEX
  8
0
 10
115.069971
 20
20.379894
 42
-0.005669
  0
VERTEX
  8
0
 10
114.524923
 20
20.051517
 42
-0.009461
  0
VERTEX
  8
0
 10
114.058036
 20
19.789147
 42
-0.005109
  0
VERTEX
  8
0
 10
113.146874
 20
19.311492
 42
-0.002388
  0
VERTEX
  8
0
 10
111.957579
 20
18.710589
 42
-0.001464
  0
VERTEX
  8
0
 10
110.792502
 20
18.133147
 42
-0.022756
  0
VERTEX
  8
0
 10
110.383838
 20
17.954697
 42
0.017706
  0
VERTEX
  8
0
 10
110.262324
 20
17.903091
 42
0.025970
  0
VERTEX
  8
0
 10
110.159836
 20
17.848563
 42
0.023978
  0
VERTEX
  8
0
 10
110.083500
 20
17.797582
 42
0.237845
  0
VERTEX
  8
0
 10
110.066667
 20
17.764197
 42
-0.184321
  0
VERTEX
  8
0
 10
110.056635
 20
17.737909
 42
-0.090357
  0
VERTEX
  8
0
 10
110.027929
 20
17.715562
 42
-0.070222
  0
VERTEX
  8
0
 10
109.985256
 20
17.700417
 42
-0.050247
  0
VERTEX
  8
0
 10
109.934794
 20
17.695333
 42
0.080851
  0
VERTEX
  8
0
 10
109.862377
 20
17.683546
 42
0.015596
  0
VERTEX
  8
0
 10
109.737389
 20
17.637370
 42
0.016228
  0
VERTEX
  8
0
 10
109.593528
 20
17.573550
 42
0.014344
  0
VERTEX
  8
0
 10
109.447960
 20
17.498011
 42
-0.012642
  0
VERTEX
  8
0
 10
109.281612
 20
17.410968
 42
-0.006844
  0
VERTEX
  8
0
 10
109.072915
 20
17.311924
 42
-0.006814
  0
VERTEX
  8
0
 10
108.857571
 20
17.216842
 42
-0.010682
  0
VERTEX
  8
0
 10
108.669667
 20
17.141616
 42
0.010191
  0
VERTEX
  8
0
 10
108.476061
 20
17.064329
 42
0.005603
  0
VERTEX
  8
0
 10
108.242229
 20
16.962307
 42
0.005583
  0
VERTEX
  8
0
 10
108.007203
 20
16.853443
 42
0.008899
  0
VERTEX
  8
0
 10
107.809029
 20
16.754580
 42
-0.012337
  0
VERTEX
  8
0
 10
107.622447
 20
16.663097
 42
-0.010847
  0
VERTEX
  8
0
 10
107.423456
 20
16.576728
 42
-0.010965
  0
VERTEX
  8
0
 10
107.240495
 20
16.506630
 42
-0.031947
  0
VERTEX
  8
0
 10
107.110529
 20
16.469247
 42
0.026761
  0
VERTEX
  8
0
 10
107.010486
 20
16.441590
 42
0.038706
  0
VERTEX
  8
0
 10
106.926060
 20
16.405836
 42
0.043788
  0
VERTEX
  8
0
 10
106.866035
 20
16.367743
 42
0.233560
  0
VERTEX
  8
0
 10
106.849333
 20
16.333939
 42
-0.143079
  0
VERTEX
  8
0
 10
106.840651
 20
16.304218
 42
-0.099600
  0
VERTEX
  8
0
 10
106.816242
 20
16.278895
 42
-0.084187
  0
VERTEX
  8
0
 10
106.779743
 20
16.261833
 42
-0.067424
  0
VERTEX
  8
0
 10
106.736682
 20
16.256000
 42
0.084392
  0
VERTEX
  8
0
 10
106.670446
 20
16.244740
 42
0.010790
  0
VERTEX
  8
0
 10
106.534771
 20
16.193927
 42
0.012375
  0
VERTEX
  8
0
 10
106.375249
 20
16.125601
 42
0.010018
  0
VERTEX
  8
0
 10
106.207516
 20
16.044688
 42
-0.012987
  0
VERTEX
  8
0
 10
106.037187
 20
15.963765
 42
-0.014731
  0
VERTEX
  8
0
 10
105.869828
 20
15.895344
 42
-0.014017
  0
VERTEX
  8
0
 10
105.725039
 20
15.845654
 42
-0.075185
  0
VERTEX
  8
0
 10
105.642833
 20
15.833021
 42
0.043710
  0
VERTEX
  8
0
 10
105.586114
 20
15.827916
 42
0.063389
  0
VERTEX
  8
0
 10
105.538191
 20
15.812896
 42
0.082994
  0
VERTEX
  8
0
 10
105.505754
 20
15.790897
 42
0.205117
  0
VERTEX
  8
0
 10
105.494667
 20
15.765009
 42
-0.245186
  0
VERTEX
  8
0
 10
105.477801
 20
15.732682
 42
-0.024417
  0
VERTEX
  8
0
 10
105.401401
 20
15.684762
 42
-0.026322
  0
VERTEX
  8
0
 10
105.298811
 20
15.634094
 42
-0.017791
  0
VERTEX
  8
0
 10
105.177167
 20
15.586837
 42
0.009808
  0
VERTEX
  8
0
 10
105.022983
 20
15.529756
 42
0.004032
  0
VERTEX
  8
0
 10
104.816143
 20
15.446600
 42
0.003987
  0
VERTEX
  8
0
 10
104.595532
 20
15.353771
 42
0.005106
  0
VERTEX
  8
0
 10
104.394000
 20
15.264622
 42
-0.001136
  0
VERTEX
  8
0
 10
104.203301
 20
15.178449
 42
-0.001195
  0
VERTEX
  8
0
 10
104.015381
 20
15.094585
 42
-0.001143
  0
VERTEX
  8
0
 10
103.852909
 20
15.022986
 42
-0.005369
  0
VERTEX
  8
0
 10
103.759000
 20
14.983054
 42
0.006899
  0
VERTEX
  8
0
 10
103.660940
 20
14.941002
 42
0.001144
  0
VERTEX
  8
0
 10
103.473464
 20
14.857009
 42
0.001256
  0
VERTEX
  8
0
 10
103.253447
 20
14.757167
 42
0.001111
  0
VERTEX
  8
0
 10
103.024748
 20
14.652077
 42
-0.032336
  0
VERTEX
  8
0
 10
102.577015
 20
14.479286
 42
-0.154023
  0
VERTEX
  8
0
 10
102.306049
 20
14.479824
 42
-0.118923
  0
VERTEX
  8
0
 10
102.047027
 20
14.636629
 42
-0.015960
  0
VERTEX
  8
0
 10
101.605838
 20
15.102883
 42
0.003570
  0
VERTEX
  8
0
 10
101.195998
 20
15.558086
 42
0.000664
  0
VERTEX
  8
0
 10
100.436200
 20
16.387743
 42
0.000542
  0
VERTEX
  8
0
 10
99.669414
 20
17.220984
 42
0.005658
  0
VERTEX
  8
0
 10
99.350408
 20
17.559125
 42
-0.022963
  0
VERTEX
  8
0
 10
99.092158
 20
17.852574
 42
-0.003832
  0
VERTEX
  8
0
 10
98.626964
 20
18.442048
 42
-0.003704
  0
VERTEX
  8
0
 10
98.170580
 20
19.038635
 42
-0.025064
  0
VERTEX
  8
0
 10
97.962098
 20
19.346333
 42
0.004215
  0
VERTEX
  8
0
 10
97.879977
 20
19.479138
 42
0.005664
  0
VERTEX
  8
0
 10
97.803220
 20
19.597952
 42
0.003981
  0
VERTEX
  8
0
 10
97.737107
 20
19.696086
 42
0.058736
  0
VERTEX
  8
0
 10
97.709803
 20
19.727333
 42
-0.053115
  0
VERTEX
  8
0
 10
97.686126
 20
19.753824
 42
-0.010199
  0
VERTEX
  8
0
 10
97.649543
 20
19.806973
 42
-0.010760
  0
VERTEX
  8
0
 10
97.609276
 20
19.871067
 42
-0.009730
  0
VERTEX
  8
0
 10
97.570386
 20
19.939000
 42
-0.000045
  0
VERTEX
  8
0
 10
97.528234
 20
20.016086
 42
-0.000027
  0
VERTEX
  8
0
 10
97.477808
 20
20.108333
 42
-0.000027
  0
VERTEX
  8
0
 10
97.427395
 20
20.200581
 42
-0.000045
  0
VERTEX
  8
0
 10
97.385283
 20
20.277667
 42
-0.052027
  0
VERTEX
  8
0
 10
96.749297
 20
21.799052
 42
-0.064259
  0
VERTEX
  8
0
 10
96.499134
 20
23.314021
 42
-0.069747
  0
VERTEX
  8
0
 10
96.647676
 20
24.737712
 42
-0.080293
  0
VERTEX
  8
0
 10
97.183407
 20
25.992667
 42
-0.040044
  0
VERTEX
  8
0
 10
97.574610
 20
26.513989
 42
-0.022077
  0
VERTEX
  8
0
 10
98.128523
 20
27.087570
 42
-0.016391
  0
VERTEX
  8
0
 10
98.688223
 20
27.584352
 42
-0.175039
  0
VERTEX
  8
0
 10
98.969684
 20
27.686000
 42
0.092633
  0
VERTEX
  8
0
 10
99.004161
 20
27.692443
 42
0.096207
  0
VERTEX
  8
0
 10
99.033470
 20
27.710871
 42
0.099299
  0
VERTEX
  8
0
 10
99.053085
 20
27.738362
 42
0.105836
  0
VERTEX
  8
0
 10
99.060000
 20
27.770667
 42
-0.096242
  0
VERTEX
  8
0
 10
99.066278
 20
27.802982
 42
-0.097244
  0
VERTEX
  8
0
 10
99.084191
 20
27.830463
 42
-0.098575
  0
VERTEX
  8
0
 10
99.110927
 20
27.848861
 42
-0.101907
  0
VERTEX
  8
0
 10
99.142352
 20
27.855333
 42
0.086876
  0
VERTEX
  8
0
 10
99.194659
 20
27.864491
 42
0.006365
  0
VERTEX
  8
0
 10
99.331765
 20
27.915998
 42
0.008722
  0
VERTEX
  8
0
 10
99.494375
 20
27.982752
 42
0.006494
  0
VERTEX
  8
0
 10
99.671519
 20
28.061853
 42
-0.005838
  0
VERTEX
  8
0
 10
100.190818
 20
28.294555
 42
-0.018612
  0
VERTEX
  8
0
 10
100.544730
 20
28.432797
 42
-0.027810
  0
VERTEX
  8
0
 10
100.808502
 20
28.508520
 42
-0.056047
  0
VERTEX
  8
0
 10
101.023239
 20
28.532667
 42
0.031581
  0
VERTEX
  8
0
 10
101.131477
 20
28.539510
 42
0.022781
  0
VERTEX
  8
0
 10
101.250706
 20
28.560202
 42
0.023137
  0
VERTEX
  8
0
 10
101.362687
 20
28.590431
 42
0.045399
  0
VERTEX
  8
0
 10
101.447617
 20
28.626405
 42
-0.115685
  0
VERTEX
  8
0
 10
101.732330
 20
28.702465
 42
-0.006580
  0
VERTEX
  8
0
 10
102.647745
 20
28.718526
 42
-0.006646
  0
VERTEX
  8
0
 10
103.562544
 20
28.710376
 42
-0.113840
  0
VERTEX
  8
0
 10
103.851457
 20
28.636941
 42
0.027718
  0
VERTEX
  8
0
 10
103.944590
 20
28.595329
 42
0.005591
  0
VERTEX
  8
0
 10
104.114772
 20
28.532516
 42
0.005886
  0
VERTEX
  8
0
 10
104.314667
 20
28.463906
 42
0.005475
  0
VERTEX
  8
0
 10
104.521000
 20
28.398287
 42
-0.005463
  0
VERTEX
  8
0
 10
104.718706
 20
28.335417
 42
-0.007857
  0
VERTEX
  8
0
 10
104.892210
 20
28.275109
 42
-0.004598
  0
VERTEX
  8
0
 10
105.036371
 20
28.220940
 42
-0.113921
  0
VERTEX
  8
0
 10
105.071333
 20
28.197251
 42
0.064165
  0
VERTEX
  8
0
 10
105.102400
 20
28.171390
 42
0.004733
  0
VERTEX
  8
0
 10
105.196603
 20
28.112777
 42
0.006522
  0
VERTEX
  8
0
 10
105.310896
 20
28.045183
 42
0.004898
  0
VERTEX
  8
0
 10
105.438335
 20
27.973691
 42
-0.042737
  0
VERTEX
  8
0
 10
105.876247
 20
27.682471
 42
-0.026482
  0
VERTEX
  8
0
 10
106.338777
 20
27.272497
 42
-0.025836
  0
VERTEX
  8
0
 10
106.772458
 20
26.798439
 42
-0.031583
  0
VERTEX
  8
0
 10
107.124500
 20
26.311671
 42
-0.006250
  0
VERTEX
  8
0
 10
107.278577
 20
26.060646
 42
-0.008919
  0
VERTEX
  8
0
 10
107.408530
 20
25.833763
 42
-0.005509
  0
VERTEX
  8
0
 10
107.511581
 20
25.641170
 42
-0.120653
  0
VERTEX
  8
0
 10
107.526667
 20
25.579562
 42
0.065643
  0
VERTEX
  8
0
 10
107.531450
 20
25.543285
 42
0.082978
  0
VERTEX
  8
0
 10
107.545466
 20
25.512542
 42
0.099132
  0
VERTEX
  8
0
 10
107.566259
 20
25.491979
 42
0.146590
  0
VERTEX
  8
0
 10
107.590665
 20
25.484667
 42
-0.210730
  0
VERTEX
  8
0
 10
107.621602
 20
25.471022
 42
-0.029828
  0
VERTEX
  8
0
 10
107.666413
 20
25.415653
 42
-0.029749
  0
VERTEX
  8
0
 10
107.714159
 20
25.339712
 42
-0.021271
  0
VERTEX
  8
0
 10
107.758658
 20
25.249727
 42
0.067583
  0
VERTEX
  8
0
 10
107.967055
 20
24.911101
 42
0.036267
  0
VERTEX
  8
0
 10
108.305417
 20
24.554488
 42
0.036210
  0
VERTEX
  8
0
 10
108.693802
 20
24.248831
 42
0.064493
  0
VERTEX
  8
0
 10
109.056722
 20
24.066500
 42
0.063757
  0
VERTEX
  8
0
 10
109.557150
 20
23.960142
 42
0.049833
  0
VERTEX
  8
0
 10
110.113057
 20
23.969877
 42
0.051238
  0
VERTEX
  8
0
 10
110.635951
 20
24.086520
 42
0.083666
  0
VERTEX
  8
0
 10
111.036080
 20
24.299333
 42
0.029197
  0
VERTEX
  8
0
 10
111.357186
 20
24.577648
 42
0.049128
  0
VERTEX
  8
0
 10
111.586782
 20
24.850173
 42
0.047511
  0
VERTEX
  8
0
 10
111.763733
 20
25.168772
 42
0.025388
  0
VERTEX
  8
0
 10
111.923082
 20
25.590500
 42
0.063712
  0
VERTEX
  8
0
 10
111.971592
 20
25.852256
 42
0.067404
  0
VERTEX
  8
0
 10
111.951082
 20
26.112638
 42
0.041633
  0
VERTEX
  8
0
 10
111.848664
 20
26.447963
 42
0.009742
  0
VERTEX
  8
0
 10
111.620127
 20
26.989814
 42
-0.002975
  0
VERTEX
  8
0
 10
111.543946
 20
27.163820
 42
-0.004464
  0
VERTEX
  8
0
 10
111.479729
 20
27.316650
 42
-0.001908
  0
VERTEX
  8
0
 10
111.426587
 20
27.447775
 42
-0.095596
  0
VERTEX
  8
0
 10
111.421333
 20
27.475004
 42
0.132063
  0
VERTEX
  8
0
 10
111.414168
 20
27.501660
 42
0.002095
  0
VERTEX
  8
0
 10
111.334285
 20
27.638184
 42
0.005365
  0
VERTEX
  8
0
 10
111.238570
 20
27.796307
 42
0.003511
  0
VERTEX
  8
0
 10
111.125000
 20
27.976622
 42
-0.007428
  0
VERTEX
  8
0
 10
111.011484
 20
28.160023
 42
-0.010327
  0
VERTEX
  8
0
 10
110.915715
 20
28.327781
 42
-0.007111
  0
VERTEX
  8
0
 10
110.841016
 20
28.469922
 42
-0.117951
  0
VERTEX
  8
0
 10
110.828667
 20
28.521544
 42
0.072160
  0
VERTEX
  8
0
 10
110.823831
 20
28.554878
 42
0.061284
  0
VERTEX
  8
0
 10
110.809622
 20
28.587519
 42
0.063515
  0
VERTEX
  8
0
 10
110.788629
 20
28.614578
 42
0.093656
  0
VERTEX
  8
0
 10
110.763835
 20
28.631444
 42
-0.108850
  0
VERTEX
  8
0
 10
110.726790
 20
28.658308
 42
-0.007097
  0
VERTEX
  8
0
 10
110.639598
 20
28.759271
 42
-0.010051
  0
VERTEX
  8
0
 10
110.538963
 20
28.884217
 42
-0.007317
  0
VERTEX
  8
0
 10
110.431942
 20
29.026968
 42
0.026515
  0
VERTEX
  8
0
 10
109.986401
 20
29.576025
 42
0.015603
  0
VERTEX
  8
0
 10
109.400293
 20
30.185427
 42
0.015596
  0
VERTEX
  8
0
 10
108.793366
 20
30.742380
 42
0.034118
  0
VERTEX
  8
0
 10
108.288667
 20
31.120577
 42
-0.002691
  0
VERTEX
  8
0
 10
108.139634
 20
31.218273
 42
-0.003729
  0
VERTEX
  8
0
 10
108.007150
 20
31.307575
 42
-0.002339
  0
VERTEX
  8
0
 10
107.896756
 20
31.383951
 42
-0.046222
  0
VERTEX
  8
0
 10
107.865333
 20
31.410541
 42
0.079852
  0
VERTEX
  8
0
 10
107.729030
 20
31.511033
 42
0.006895
  0
VERTEX
  8
0
 10
107.341029
 20
31.704307
 42
0.005796
  0
VERTEX
  8
0
 10
106.943038
 20
31.890104
 42
0.106696
  0
VERTEX
  8
0
 10
106.807620
 20
31.919333
 42
-0.064522
  0
VERTEX
  8
0
 10
106.758830
 20
31.925656
 42
-0.082190
  0
VERTEX
  8
0
 10
106.717488
 20
31.944204
 42
-0.098790
  0
VERTEX
  8
0
 10
106.689832
 20
31.971712
 42
-0.148876
  0
VERTEX
  8
0
 10
106.680000
 20
32.004000
 42
0.174820
  0
VERTEX
  8
0
 10
106.668348
 20
32.036308
 42
0.093122
  0
VERTEX
  8
0
 10
106.635233
 20
32.063796
 42
0.073362
  0
VERTEX
  8
0
 10
106.585904
 20
32.082399
 42
0.053595
  0
VERTEX
  8
0
 10
106.527600
 20
32.088667
 42
-0.041733
  0
VERTEX
  8
0
 10
106.463349
 20
32.094039
 42
-0.034229
  0
VERTEX
  8
0
 10
106.396340
 20
32.110101
 42
-0.035468
  0
VERTEX
  8
0
 10
106.336481
 20
32.133636
 42
-0.072945
  0
VERTEX
  8
0
 10
106.294767
 20
32.161635
 42
0.111033
  0
VERTEX
  8
0
 10
106.156942
 20
32.239747
 42
0.006119
  0
VERTEX
  8
0
 10
105.677515
 20
32.378759
 42
0.008771
  0
VERTEX
  8
0
 10
105.075500
 20
32.534041
 42
0.005178
  0
VERTEX
  8
0
 10
104.351667
 20
32.699356
 42
0.045873
  0
VERTEX
  8
0
 10
103.757870
 20
32.772464
 42
0.007640
  0
VERTEX
  8
0
 10
102.606805
 20
32.790354
 42
0.008329
  0
VERTEX
  8
0
 10
101.449616
 20
32.771378
 42
0.034353
  0
VERTEX
  8
0
 10
100.753333
 20
32.700298
 42
0.007882
  0
VERTEX
  8
0
 10
100.086753
 20
32.574743
 42
0.010942
  0
VERTEX
  8
0
 10
99.494157
 20
32.439847
 42
0.012219
  0
VERTEX
  8
0
 10
98.969644
 20
32.294603
 42
0.017130
  0
VERTEX
  8
0
 10
98.509667
 20
32.137648
 42
0.041307
  0
VERTEX
  8
0
 10
96.782681
 20
31.312644
 42
0.045536
  0
VERTEX
  8
0
 10
95.274274
 20
30.237519
 42
0.047341
  0
VERTEX
  8
0
 10
94.036087
 20
28.950186
 42
0.052573
  0
VERTEX
  8
0
 10
93.111016
 20
27.495060
 42
0.004824
  0
VERTEX
  8
0
 10
92.958141
 20
27.179858
 42
0.005778
  0
VERTEX
  8
0
 10
92.820521
 20
26.880082
 42
0.005011
  0
VERTEX
  8
0
 10
92.710133
 20
26.625263
 42
0.037639
  0
VERTEX
  8
0
 10
92.668353
 20
26.500667
 42
-0.009710
  0
VERTEX
  8
0
 10
92.642738
 20
26.407283
 42
-0.006497
  0
VERTEX
  8
0
 10
92.609981
 20
26.301435
 42
-0.006543
  0
VERTEX
  8
0
 10
92.575549
 20
26.199654
 42
-0.012790
  0
VERTEX
  8
0
 10
92.544996
 20
26.119667
 42
0.051016
  0
VERTEX
  8
0
 10
92.311053
 20
25.331422
 42
0.023927
  0
VERTEX
  8
0
 10
92.163801
 20
24.276757
 42
0.023859
  0
VERTEX
  8
0
 10
92.118215
 20
23.221430
 42
0.055602
  0
VERTEX
  8
0
 10
92.209365
 20
22.436667
 42
0.000000
  0
VERTEX
  8
0
 10
92.297256
 20
22.055667
 42
0.000000
  0
VERTEX
  8
0
 10
91.847461
 20
21.650406
 42
-0.021620
  0
VERTEX
  8
0
 10
91.269685
 20
21.173421
 42
-0.011372
  0
VERTEX
  8
0
 10
90.513999
 20
20.629178
 42
-0.011367
  0
VERTEX
  8
0
 10
89.738828
 20
20.122775
 42
-0.022881
  0
VERTEX
  8
0
 10
89.101622
 20
19.766187
 42
0.002408
  0
VERTEX
  8
0
 10
88.842847
 20
19.634981
 42
0.003591
  0
VERTEX
  8
0
 10
88.617914
 20
19.517520
 42
0.001563
  0
VERTEX
  8
0
 10
88.426972
 20
19.415290
 42
0.074109
  0
VERTEX
  8
0
 10
88.392000
 20
19.389108
 42
-0.079437
  0
VERTEX
  8
0
 10
88.354887
 20
19.361932
 42
-0.000542
  0
VERTEX
  8
0
 10
88.001475
 20
19.181334
 42
-0.002107
  0
VERTEX
  8
0
 10
87.595630
 20
18.976648
 42
-0.001344
  0
VERTEX
  8
0
 10
87.122000
 20
18.741860
 42
-0.001461
  0
VERTEX
  8
0
 10
86.307700
 20
18.343870
 42
-0.002291
  0
VERTEX
  8
0
 10
85.605055
 20
18.006958
 42
-0.002199
  0
VERTEX
  8
0
 10
84.879089
 20
17.666848
 42
-0.001215
  0
VERTEX
  8
0
 10
83.989333
 20
17.257390
 42
-0.000158
  0
VERTEX
  8
0
 10
83.208273
 20
16.900548
 42
-0.001385
  0
VERTEX
  8
0
 10
82.861682
 20
16.743493
 42
-0.003106
  0
VERTEX
  8
0
 10
82.655357
 20
16.652223
 42
-0.008431
  0
VERTEX
  8
0
 10
82.507667
 20
16.590925
 42
0.007051
  0
VERTEX
  8
0
 10
82.411925
 20
16.551498
 42
0.001341
  0
VERTEX
  8
0
 10
82.238850
 20
16.476802
 42
0.001431
  0
VERTEX
  8
0
 10
82.037239
 20
16.388462
 42
0.001314
  0
VERTEX
  8
0
 10
81.830333
 20
16.296445
 42
-0.001040
  0
VERTEX
  8
0
 10
81.623428
 20
16.204291
 42
-0.001130
  0
VERTEX
  8
0
 10
81.421817
 20
16.115543
 42
-0.001060
  0
VERTEX
  8
0
 10
81.248772
 20
16.040273
 42
-0.005549
  0
VERTEX
  8
0
 10
81.153000
 20
16.000111
 42
0.004930
  0
VERTEX
  8
0
 10
81.057214
 20
15.960083
 42
0.000944
  0
VERTEX
  8
0
 10
80.884183
 20
15.885376
 42
0.001006
  0
VERTEX
  8
0
 10
80.682572
 20
15.797395
 42
0.000926
  0
VERTEX
  8
0
 10
80.475667
 20
15.706151
 42
-0.000213
  0
VERTEX
  8
0
 10
80.262548
 20
15.611802
 42
-0.000193
  0
VERTEX
  8
0
 10
80.042279
 20
15.514502
 42
-0.000193
  0
VERTEX
  8
0
 10
79.845071
 20
15.427571
 42
-0.000620
  0
VERTEX
  8
0
 10
79.713667
 20
15.369901
 42
0.001927
  0
VERTEX
  8
0
 10
79.378035
 20
15.221554
 42
0.000749
  0
VERTEX
  8
0
 10
78.914788
 20
15.013833
 42
0.000753
  0
VERTEX
  8
0
 10
78.449592
 20
14.803556
 42
0.001798
  0
VERTEX
  8
0
 10
78.105000
 20
14.645672
 42
-0.030745
  0
VERTEX
  8
0
 10
77.625852
 20
14.458858
 42
-0.188713
  0
VERTEX
  8
0
 10
77.366188
 20
14.475173
 42
-0.094967
  0
VERTEX
  8
0
 10
77.098776
 20
14.668170
 42
-0.004923
  0
VERTEX
  8
0
 10
76.374080
 20
15.451667
 42
0.002006
  0
VERTEX
  8
0
 10
76.149713
 20
15.697095
 42
0.000861
  0
VERTEX
  8
0
 10
75.848330
 20
16.022996
 42
0.000852
  0
VERTEX
  8
0
 10
75.526100
 20
16.369053
 42
0.001125
  0
VERTEX
  8
0
 10
75.231201
 20
16.683257
 42
-0.008980
  0
VERTEX
  8
0
 10
74.364423
 20
17.636347
 42
-0.011989
  0
VERTEX
  8
0
 10
73.614481
 20
18.533844
 42
-0.013192
  0
VERTEX
  8
0
 10
73.021493
 20
19.320866
 42
-0.036452
  0
VERTEX
  8
0
 10
72.661122
 20
19.913348
 42
0.002401
  0
VERTEX
  8
0
 10
72.580747
 20
20.068343
 42
0.001982
  0
VERTEX
  8
0
 10
72.493616
 20
20.232825
 42
0.002001
  0
VERTEX
  8
0
 10
72.412463
 20
20.383116
 42
0.005354
  0
VERTEX
  8
0
 10
72.353074
 20
20.489333
 42
-0.014101
  0
VERTEX
  8
0
 10
72.208956
 20
20.758016
 42
-0.014965
  0
VERTEX
  8
0
 10
72.083213
 20
21.029180
 42
-0.013353
  0
VERTEX
  8
0
 10
71.988924
 20
21.266923
 42
-0.087942
  0
VERTEX
  8
0
 10
71.966667
 20
21.392490
 42
0.048945
  0
VERTEX
  8
0
 10
71.961316
 20
21.447021
 42
0.022003
  0
VERTEX
  8
0
 10
71.944220
 20
21.516995
 42
0.021534
  0
VERTEX
  8
0
 10
71.919510
 20
21.589923
 42
0.027404
  0
VERTEX
  8
0
 10
71.890252
 20
21.654649
 42
-0.081178
  0
VERTEX
  8
0
 10
71.692367
 20
22.257163
 42
-0.023921
  0
VERTEX
  8
0
 10
71.587708
 20
23.226992
 42
-0.023761
  0
VERTEX
  8
0
 10
71.575884
 20
24.199963
 42
-0.084830
  0
VERTEX
  8
0
 10
71.701924
 20
24.807333
 42
-0.012236
  0
VERTEX
  8
0
 10
71.995958
 20
25.506019
 42
-0.031533
  0
VERTEX
  8
0
 10
72.251527
 20
25.989981
 42
-0.035455
  0
VERTEX
  8
0
 10
72.547317
 20
26.404497
 42
-0.019450
  0
VERTEX
  8
0
 10
72.963228
 20
26.869660
 42
-0.051987
  0
VERTEX
  8
0
 10
73.634253
 20
27.433096
 42
-0.028246
  0
VERTEX
  8
0
 10
74.559788
 20
27.985508
 42
-0.027346
  0
VERTEX
  8
0
 10
75.492411
 20
28.409793
 42
-0.093338
  0
VERTEX
  8
0
 10
76.144897
 20
28.532667
 42
0.033119
  0
VERTEX
  8
0
 10
76.247892
 20
28.539496
 42
0.022993
  0
VERTEX
  8
0
 10
76.362718
 20
28.560202
 42
0.023271
  0
VERTEX
  8
0
 10
76.471600
 20
28.590444
 42
0.043513
  0
VERTEX
  8
0
 10
76.555617
 20
28.626405
 42
-0.115785
  0
VERTEX
  8
0
 10
76.839740
 20
28.702247
 42
-0.006324
  0
VERTEX
  8
0
 10
77.770556
 20
28.718688
 42
-0.005031
  0
VERTEX
  8
0
 10
78.718545
 20
28.713903
 42
-0.164008
  0
VERTEX
  8
0
 10
78.932061
 20
28.638318
 42
0.064155
  0
VERTEX
  8
0
 10
78.991085
 20
28.603161
 42
0.018512
  0
VERTEX
  8
0
 10
79.090192
 20
28.564485
 42
0.018294
  0
VERTEX
  8
0
 10
79.206194
 20
28.528797
 42
0.018553
  0
VERTEX
  8
0
 10
79.323955
 20
28.501873
 42
-0.052969
  0
VERTEX
  8
0
 10
79.636527
 20
28.407401
 42
-0.012312
  0
VERTEX
  8
0
 10
80.137305
 20
28.181378
 42
-0.012960
  0
VERTEX
  8
0
 10
80.632093
 20
27.927227
 42
-0.040628
  0
VERTEX
  8
0
 10
80.944184
 20
27.722021
 42
-0.028079
  0
VERTEX
  8
0
 10
81.274775
 20
27.432655
 42
-0.016003
  0
VERTEX
  8
0
 10
81.642131
 20
27.048963
 42
-0.015920
  0
VERTEX
  8
0
 10
81.974206
 20
26.654558
 42
-0.037976
  0
VERTEX
  8
0
 10
82.187773
 20
26.337007
 42
0.009257
  0
VERTEX
  8
0
 10
82.712419
 20
25.451062
 42
0.022082
  0
VERTEX
  8
0
 10
83.142443
 20
24.818877
 42
0.024251
  0
VERTEX
  8
0
 10
83.491752
 20
24.395622
 42
0.211139
  0
VERTEX
  8
0
 10
83.709609
 20
24.299333
 42
-0.059386
  0
VERTEX
  8
0
 10
83.751826
 20
24.294301
 42
-0.078305
  0
VERTEX
  8
0
 10
83.787573
 20
24.279459
 42
-0.096696
  0
VERTEX
  8
0
 10
83.811514
 20
24.257482
 42
-0.160191
  0
VERTEX
  8
0
 10
83.820000
 20
24.231675
 42
0.310976
  0
VERTEX
  8
0
 10
83.885652
 20
24.136326
 42
0.030098
  0
VERTEX
  8
0
 10
84.168132
 20
24.047507
 42
0.032495
  0
VERTEX
  8
0
 10
84.526799
 20
23.982429
 42
0.028639
  0
VERTEX
  8
0
 10
84.906434
 20
23.960667
 42
0.069199
  0
VERTEX
  8
0
 10
85.542204
 20
24.049080
 42
0.075770
  0
VERTEX
  8
0
 10
86.108591
 20
24.307199
 42
0.076993
  0
VERTEX
  8
0
 10
86.565293
 20
24.718008
 42
0.074837
  0
VERTEX
  8
0
 10
86.881609
 20
25.251525
 42
0.036799
  0
VERTEX
  8
0
 10
86.987520
 20
25.579659
 42
0.056302
  0
VERTEX
  8
0
 10
87.025098
 20
25.875936
 42
0.054230
  0
VERTEX
  8
0
 10
86.996119
 20
26.181105
 42
0.031351
  0
VERTEX
  8
0
 10
86.899193
 20
26.537256
 42
0.032557
  0
VERTEX
  8
0
 10
86.652922
 20
27.130481
 42
0.013690
  0
VERTEX
  8
0
 10
86.249262
 20
27.894689
 42
0.013765
  0
VERTEX
  8
0
 10
85.798909
 20
28.644519
 42
0.028561
  0
VERTEX
  8
0
 10
85.399363
 20
29.197718
 42
0.024361
  0
VERTEX
  8
0
 10
84.863756
 20
29.794629
 42
0.014850
  0
VERTEX
  8
0
 10
84.177719
 20
30.448067
 42
0.014565
  0
VERTEX
  8
0
 10
83.490678
 20
31.029390
 42
0.042236
  0
VERTEX
  8
0
 10
82.973333
 20
31.374800
 42
-0.005579
  0
VERTEX
  8
0
 10
82.856752
 20
31.440843
 42
-0.007266
  0
VERTEX
  8
0
 10
82.751613
 20
31.504027
 42
-0.005575
  0
VERTEX
  8
0
 10
82.665195
 20
31.559028
 42
-0.064322
  0
VERTEX
  8
0
 10
82.634667
 20
31.585078
 42
0.096390
  0
VERTEX
  8
0
 10
82.541622
 20
31.654745
 42
0.008263
  0
VERTEX
  8
0
 10
82.270377
 20
31.780453
 42
0.008262
  0
VERTEX
  8
0
 10
81.995126
 20
31.897131
 42
0.096399
  0
VERTEX
  8
0
 10
81.881038
 20
31.919333
 42
-0.078913
  0
VERTEX
  8
0
 10
81.845498
 20
31.924978
 42
-0.090782
  0
VERTEX
  8
0
 10
81.815330
 20
31.941305
 42
-0.100777
  0
VERTEX
  8
0
 10
81.795161
 20
31.965604
 42
-0.123601
  0
VERTEX
  8
0
 10
81.788000
 20
31.994130
 42
0.197041
  0
VERTEX
  8
0
 10
81.774859
 20
32.026181
 42
0.055435
  0
VERTEX
  8
0
 10
81.732041
 20
32.060937
 42
0.046844
  0
VERTEX
  8
0
 10
81.670430
 20
32.092814
 42
0.034762
  0
VERTEX
  8
0
 10
81.597500
 20
32.116526
 42
-0.006421
  0
VERTEX
  8
0
 10
81.494580
 20
32.143652
 42
-0.001579
  0
VERTEX
  8
0
 10
81.326170
 20
32.190931
 42
-0.001616
  0
VERTEX
  8
0
 10
81.133586
 20
32.246328
 42
-0.001616
  0
VERTEX
  8
0
 10
80.941333
 20
32.302977
 42
0.008059
  0
VERTEX
  8
0
 10
79.947576
 20
32.581933
 42
0.026995
  0
VERTEX
  8
0
 10
79.285206
 20
32.718667
 42
0.028550
  0
VERTEX
  8
0
 10
78.631269
 20
32.779336
 42
0.009846
  0
VERTEX
  8
0
 10
77.681667
 20
32.794279
 42
0.006870
  0
VERTEX
  8
0
 10
76.743066
 20
32.777667
 42
0.013186
  0
VERTEX
  8
0
 10
75.991474
 20
32.734170
 42
0.010562
  0
VERTEX
  8
0
 10
75.412156
 20
32.672940
 42
0.158066
  0
VERTEX
  8
0
 10
75.230567
 20
32.587459
 42
-0.089238
  0
VERTEX
  8
0
 10
75.185832
 20
32.558437
 42
-0.033670
  0
VERTEX
  8
0
 10
75.115013
 20
32.534166
 42
-0.032040
  0
VERTEX
  8
0
 10
75.032608
 20
32.517564
 42
-0.033699
  0
VERTEX
  8
0
 10
74.950142
 20
32.512000
 42
0.057467
  0
VERTEX
  8
0
 10
74.731632
 20
32.486803
 42
0.011159
  0
VERTEX
  8
0
 10
74.346454
 20
32.387658
 42
0.012025
  0
VERTEX
  8
0
 10
73.962326
 20
32.269549
 42
0.042122
  0
VERTEX
  8
0
 10
73.724649
 20
32.167223
 42
-0.038729
  0
VERTEX
  8
0
 10
73.655989
 20
32.137110
 42
-0.023341
  0
VERTEX
  8
0
 10
73.570738
 20
32.111743
 42
-0.023302
  0
VERTEX
  8
0
 10
73.483124
 20
32.094351
 42
-0.037357
  0
VERTEX
  8
0
 10
73.407149
 20
32.088667
 42
0.036178
  0
VERTEX
  8
0
 10
73.341857
 20
32.083936
 42
0.054693
  0
VERTEX
  8
0
 10
73.286746
 20
32.069634
 42
0.071614
  0
VERTEX
  8
0
 10
73.248995
 20
32.048706
 42
0.234572
  0
VERTEX
  8
0
 10
73.236667
 20
32.023873
 42
-0.265025
  0
VERTEX
  8
0
 10
73.218391
 20
31.991815
 42
-0.015277
  0
VERTEX
  8
0
 10
73.115518
 20
31.935084
 42
-0.019983
  0
VERTEX
  8
0
 10
72.982294
 20
31.873426
 42
-0.013057
  0
VERTEX
  8
0
 10
72.824245
 20
31.812600
 42
0.054497
  0
VERTEX
  8
0
 10
71.913188
 20
31.372331
 42
0.026213
  0
VERTEX
  8
0
 10
70.849491
 20
30.626580
 42
0.025742
  0
VERTEX
  8
0
 10
69.816909
 20
29.729407
 42
0.034963
  0
VERTEX
  8
0
 10
68.990006
 20
28.812965
 42
0.027099
  0
VERTEX
  8
0
 10
68.678303
 20
28.366986
 42
0.012239
  0
VERTEX
  8
0
 10
68.316727
 20
27.751768
 42
0.012257
  0
VERTEX
  8
0
 10
67.976850
 20
27.102657
 42
0.020926
  0
VERTEX
  8
0
 10
67.729608
 20
26.543000
 42
0.023329
  0
VERTEX
  8
0
 10
67.658743
 20
26.334411
 42
0.006157
  0
VERTEX
  8
0
 10
67.565253
 20
25.994668
 42
0.006124
  0
VERTEX
  8
0
 10
67.466546
 20
25.598146
 42
0.005641
  0
VERTEX
  8
0
 10
67.374714
 20
25.188333
 42
0.044259
  0
VERTEX
  8
0
 10
67.307063
 20
24.630557
 42
0.007483
  0
VERTEX
  8
0
 10
67.288509
 20
23.556378
 42
0.008170
  0
VERTEX
  8
0
 10
67.303679
 20
22.475599
 42
0.032768
  0
VERTEX
  8
0
 10
67.366948
 20
21.817793
 42
-0.018515
  0
VERTEX
  8
0
 10
67.404731
 20
21.515572
 42
-0.065321
  0
VERTEX
  8
0
 10
67.396312
 20
21.320418
 42
-0.058026
  0
VERTEX
  8
0
 10
67.337343
 20
21.122438
 42
-0.012542
  0
VERTEX
  8
0
 10
67.188016
 20
20.797266
 42
0.003629
  0
VERTEX
  8
0
 10
67.077416
 20
20.567321
 42
0.002744
  0
VERTEX
  8
0
 10
66.959204
 20
20.313316
 42
0.002773
  0
VERTEX
  8
0
 10
66.850807
 20
20.073516
 42
0.006432
  0
VERTEX
  8
0
 10
66.772808
 20
19.892140
 42
-0.001572
  0
VERTEX
  8
0
 10
66.704309
 20
19.728492
 42
-0.001163
  0
VERTEX
  8
0
 10
66.627548
 20
19.547884
 42
-0.001175
  0
VERTEX
  8
0
 10
66.554237
 20
19.377611
 42
-0.002641
  0
VERTEX
  8
0
 10
66.497641
 20
19.248871
 42
0.006267
  0
VERTEX
  8
0
 10
66.452071
 20
19.143140
 42
0.008418
  0
VERTEX
  8
0
 10
66.413615
 20
19.046175
 42
0.006116
  0
VERTEX
  8
0
 10
66.383921
 20
18.964448
 42
0.084267
  0
VERTEX
  8
0
 10
66.378667
 20
18.933491
 42
-0.104267
  0
VERTEX
  8
0
 10
66.365085
 20
18.869071
 42
-0.000786
  0
VERTEX
  8
0
 10
66.145416
 20
18.373362
 42
-0.003361
  0
VERTEX
  8
0
 10
65.926348
 20
17.889876
 42
-0.005835
  0
VERTEX
  8
0
 10
65.737091
 20
17.491825
 42
0.016407
  0
VERTEX
  8
0
 10
65.690995
 20
17.389342
 42
0.016731
  0
VERTEX
  8
0
 10
65.652041
 20
17.284715
 42
0.016741
  0
VERTEX
  8
0
 10
65.624361
 20
17.191777
 42
0.064086
  0
VERTEX
  8
0
 10
65.616667
 20
17.131992
 42
-0.072631
  0
VERTEX
  8
0
 10
65.610306
 20
17.088433
 42
-0.087428
  0
VERTEX
  8
0
 10
65.591796
 20
17.051485
 42
-0.100491
  0
VERTEX
  8
0
 10
65.564287
 20
17.026785
 42
-0.133622
  0
VERTEX
  8
0
 10
65.532000
 20
17.018000
 42
0.169981
  0
VERTEX
  8
0
 10
65.499616
 20
17.006663
 42
0.093519
  0
VERTEX
  8
0
 10
65.471905
 20
16.974476
 42
0.074395
  0
VERTEX
  8
0
 10
65.452980
 20
16.926512
 42
0.055156
  0
VERTEX
  8
0
 10
65.446314
 20
16.869833
 42
-0.078931
  0
VERTEX
  8
0
 10
65.433044
 20
16.789855
 42
-0.016722
  0
VERTEX
  8
0
 10
65.383716
 20
16.656951
 42
-0.017113
  0
VERTEX
  8
0
 10
65.315358
 20
16.505129
 42
-0.015513
  0
VERTEX
  8
0
 10
65.234647
 20
16.353191
 42
0.012660
  0
VERTEX
  8
0
 10
65.153997
 20
16.203438
 42
0.015083
  0
VERTEX
  8
0
 10
65.085878
 20
16.058188
 42
0.013914
  0
VERTEX
  8
0
 10
65.035939
 20
15.933353
 42
0.088407
  0
VERTEX
  8
0
 10
65.024000
 20
15.866358
 42
-0.069825
  0
VERTEX
  8
0
 10
65.017652
 20
15.821123
 42
-0.085735
  0
VERTEX
  8
0
 10
64.999129
 20
15.782768
 42
-0.100094
  0
VERTEX
  8
0
 10
64.971620
 20
15.757124
 42
-0.138577
  0
VERTEX
  8
0
 10
64.939333
 20
15.748000
 42
0.128685
  0
VERTEX
  8
0
 10
64.907045
 20
15.739550
 42
0.100722
  0
VERTEX
  8
0
 10
64.879537
 20
15.715777
 42
0.089095
  0
VERTEX
  8
0
 10
64.861041
 20
15.680216
 42
0.075617
  0
VERTEX
  8
0
 10
64.854667
 20
15.638306
 42
-0.113140
  0
VERTEX
  8
0
 10
64.823532
 20
15.502476
 42
-0.002550
  0
VERTEX
  8
0
 10
64.527943
 20
14.899426
 42
-0.005996
  0
VERTEX
  8
0
 10
64.187006
 20
14.232934
 42
-0.005367
  0
VERTEX
  8
0
 10
63.817594
 20
13.549537
 42
0.000220
  0
VERTEX
  8
0
 10
63.711351
 20
13.357740
 42
0.000231
  0
VERTEX
  8
0
 10
63.606965
 20
13.168891
 42
0.000221
  0
VERTEX
  8
0
 10
63.517001
 20
13.005786
 42
0.001031
  0
VERTEX
  8
0
 10
63.465394
 20
12.911667
 42
-0.007935
  0
VERTEX
  8
0
 10
63.426916
 20
12.843733
 42
-0.008902
  0
VERTEX
  8
0
 10
63.387705
 20
12.779640
 42
-0.008301
  0
VERTEX
  8
0
 10
63.352509
 20
12.726319
 42
-0.046374
  0
VERTEX
  8
0
 10
63.330667
 20
12.700000
 42
0.062939
  0
VERTEX
  8
0
 10
63.306818
 20
12.669251
 42
0.004644
  0
VERTEX
  8
0
 10
63.253328
 20
12.576836
 42
0.006401
  0
VERTEX
  8
0
 10
63.191778
 20
12.464861
 42
0.004810
  0
VERTEX
  8
0
 10
63.126834
 20
12.340167
 42
-0.016661
  0
VERTEX
  8
0
 10
63.059776
 20
12.218538
 42
-0.023895
  0
VERTEX
  8
0
 10
62.991821
 20
12.115932
 42
-0.021342
  0
VERTEX
  8
0
 10
62.930319
 20
12.039162
 42
-0.216462
  0
VERTEX
  8
0
 10
62.894001
 20
12.022667
 42
0.122921
  0
VERTEX
  8
0
 10
62.866795
 20
12.015876
 42
0.100769
  0
VERTEX
  8
0
 10
62.843621
 20
11.996746
 42
0.091005
  0
VERTEX
  8
0
 10
62.828051
 20
11.968133
 42
0.079373
  0
VERTEX
  8
0
 10
62.822667
 20
11.934427
 42
-0.104260
  0
VERTEX
  8
0
 10
62.806200
 20
11.856315
 42
-0.050744
  0
VERTEX
  8
0
 10
62.755588
 20
11.767287
 42
-0.019791
  0
VERTEX
  8
0
 10
62.647403
 20
11.627291
 42
-0.001963
  0
VERTEX
  8
0
 10
62.373468
 20
11.303000
 42
0.009384
  0
VERTEX
  8
0
 10
62.255745
 20
11.159365
 42
0.008712
  0
VERTEX
  8
0
 10
62.140476
 20
11.007857
 42
0.008729
  0
VERTEX
  8
0
 10
62.042669
 20
10.869544
 42
0.028810
  0
VERTEX
  8
0
 10
61.985240
 20
10.773833
 42
-0.023349
  0
VERTEX
  8
0
 10
61.942572
 20
10.700932
 42
-0.031330
  0
VERTEX
  8
0
 10
61.896933
 20
10.639487
 42
-0.032325
  0
VERTEX
  8
0
 10
61.854381
 20
10.595262
 42
-0.189978
  0
VERTEX
  8
0
 10
61.824854
 20
10.583994
 42
-0.276016
  0
VERTEX
  8
0
 10
61.741980
 20
10.634752
 42
-0.031546
  0
VERTEX
  8
0
 10
61.648931
 20
10.843357
 42
-0.035959
  0
VERTEX
  8
0
 10
61.576618
 20
11.090539
 42
-0.053230
  0
VERTEX
  8
0
 10
61.552667
 20
11.314883
 42
0.025577
  0
VERTEX
  8
0
 10
61.547112
 20
11.423391
 42
0.032310
  0
VERTEX
  8
0
 10
61.530423
 20
11.522465
 42
0.033927
  0
VERTEX
  8
0
 10
61.506256
 20
11.600781
 42
0.163966
  0
VERTEX
  8
0
 10
61.476944
 20
11.636139
 42
-0.191292
  0
VERTEX
  8
0
 10
61.421566
 20
11.710641
 42
-0.021373
  0
VERTEX
  8
0
 10
61.374861
 20
11.921035
 42
-0.011804
  0
VERTEX
  8
0
 10
61.317729
 20
12.293752
 42
-0.001402
  0
VERTEX
  8
0
 10
61.212907
 20
13.123333
 42
-0.030416
  0
VERTEX
  8
0
 10
61.120776
 20
14.605688
 42
-0.004453
  0
VERTEX
  8
0
 10
61.143825
 20
17.619467
 42
-0.005447
  0
VERTEX
  8
0
 10
61.231984
 20
20.830644
 42
-0.009442
  0
VERTEX
  8
0
 10
61.384612
 20
23.495000
 42
0.004155
  0
VERTEX
  8
0
 10
61.490481
 20
25.054199
 42
0.004295
  0
VERTEX
  8
0
 10
61.569114
 20
26.597867
 42
0.003267
  0
VERTEX
  8
0
 10
61.617135
 20
27.939776
 42
0.033377
  0
VERTEX
  8
0
 10
61.596289
 20
28.495537
 42
0.022458
  0
VERTEX
  8
0
 10
61.554228
 20
28.775484
 42
0.046115
  0
VERTEX
  8
0
 10
61.491684
 20
28.988017
 42
0.046217
  0
VERTEX
  8
0
 10
61.391344
 20
29.185191
 42
0.022655
  0
VERTEX
  8
0
 10
61.230137
 20
29.416630
 42
0.045882
  0
VERTEX
  8
0
 10
60.852021
 20
29.826268
 42
0.085666
  0
VERTEX
  8
0
 10
60.471342
 20
30.066410
 42
0.068358
  0
VERTEX
  8
0
 10
59.975164
 20
30.195941
 42
0.020784
  0
VERTEX
  8
0
 10
59.198736
 20
30.256072
 42
-0.007444
  0
VERTEX
  8
0
 10
58.801949
 20
30.276174
 42
-0.009834
  0
VERTEX
  8
0
 10
58.441275
 20
30.306969
 42
-0.007544
  0
VERTEX
  8
0
 10
58.142219
 20
30.343007
 42
-0.089576
  0
VERTEX
  8
0
 10
58.031628
 20
30.378883
 42
0.031087
  0
VERTEX
  8
0
 10
57.519023
 20
30.614107
 42
0.018929
  0
VERTEX
  8
0
 10
56.888415
 20
30.830251
 42
0.018270
  0
VERTEX
  8
0
 10
56.207871
 20
31.008245
 42
0.020465
  0
VERTEX
  8
0
 10
55.541333
 20
31.128403
 42
0.032178
  0
VERTEX
  8
0
 10
54.611547
 20
31.196489
 42
0.012278
  0
VERTEX
  8
0
 10
53.312481
 20
31.175977
 42
0.005107
  0
VERTEX
  8
0
 10
51.988590
 20
31.108988
 42
0.243777
  0
VERTEX
  8
0
 10
51.766264
 20
30.976023
 42
-0.170634
  0
VERTEX
  8
0
 10
51.731349
 20
30.947834
 42
-0.031307
  0
VERTEX
  8
0
 10
51.650424
 20
30.924686
 42
-0.030453
  0
VERTEX
  8
0
 10
51.547927
 20
30.908658
 42
-0.023562
  0
VERTEX
  8
0
 10
51.435000
 20
30.903333
 42
0.023836
  0
VERTEX
  8
0
 10
51.322035
 20
30.897945
 42
0.030712
  0
VERTEX
  8
0
 10
51.219421
 20
30.881729
 42
0.031675
  0
VERTEX
  8
0
 10
51.138394
 20
30.858302
 42
0.169709
  0
VERTEX
  8
0
 10
51.103207
 20
30.829788
 42
-0.149716
  0
VERTEX
  8
0
 10
51.067161
 20
30.798173
 42
-0.022868
  0
VERTEX
  8
0
 10
50.977288
 20
30.762585
 42
-0.023864
  0
VERTEX
  8
0
 10
50.863996
 20
30.729565
 42
-0.018656
  0
VERTEX
  8
0
 10
50.738376
 20
30.704288
 42
0.059373
  0
VERTEX
  8
0
 10
50.382130
 20
30.601899
 42
0.009598
  0
VERTEX
  8
0
 10
49.721632
 20
30.308782
 42
0.011373
  0
VERTEX
  8
0
 10
49.038327
 20
29.970571
 42
0.022009
  0
VERTEX
  8
0
 10
48.511244
 20
29.664311
 42
0.026664
  0
VERTEX
  8
0
 10
47.555214
 20
28.976447
 42
0.018948
  0
VERTEX
  8
0
 10
46.557857
 20
28.110653
 42
0.019156
  0
VERTEX
  8
0
 10
45.675723
 20
27.218400
 42
0.042322
  0
VERTEX
  8
0
 10
45.091402
 20
26.460507
 42
-0.010628
  0
VERTEX
  8
0
 10
45.018619
 20
26.352611
 42
-0.007910
  0
VERTEX
  8
0
 10
44.933918
 20
26.236570
 42
-0.008002
  0
VERTEX
  8
0
 10
44.850521
 20
26.129635
 42
-0.017919
  0
VERTEX
  8
0
 10
44.783049
 20
26.051799
 42
0.067681
  0
VERTEX
  8
0
 10
44.603356
 20
25.797343
 42
0.003354
  0
VERTEX
  8
0
 10
44.135397
 20
24.882919
 42
0.003966
  0
VERTEX
  8
0
 10
43.686875
 20
23.973905
 42
0.052359
  0
VERTEX
  8
0
 10
43.560089
 20
23.622000
 42
-0.010209
  0
VERTEX
  8
0
 10
43.535086
 20
23.528616
 42
-0.006825
  0
VERTEX
  8
0
 10
43.502845
 20
23.422769
 42
-0.006874
  0
VERTEX
  8
0
 10
43.468770
 20
23.320990
 42
-0.013410
  0
VERTEX
  8
0
 10
43.438329
 20
23.241000
 42
0.017869
  0
VERTEX
  8
0
 10
43.404956
 20
23.150894
 42
0.005165
  0
VERTEX
  8
0
 10
43.359870
 20
23.009490
 42
0.005187
  0
VERTEX
  8
0
 10
43.312323
 20
22.848953
 42
0.005511
  0
VERTEX
  8
0
 10
43.269103
 20
22.690667
 42
-0.003196
  0
VERTEX
  8
0
 10
43.225015
 20
22.526205
 42
-0.002448
  0
VERTEX
  8
0
 10
43.174792
 20
22.346973
 42
-0.002475
  0
VERTEX
  8
0
 10
43.126130
 20
22.179669
 42
-0.005855
  0
VERTEX
  8
0
 10
43.087811
 20
22.055667
 42
0.047329
  0
VERTEX
  8
0
 10
43.053107
 20
21.898132
 42
0.006038
  0
VERTEX
  8
0
 10
43.014925
 20
21.552958
 42
0.007026
  0
VERTEX
  8
0
 10
42.980226
 20
21.141043
 42
0.005797
  0
VERTEX
  8
0
 10
42.954501
 20
20.701000
 42
-0.005083
  0
VERTEX
  8
0
 10
42.930098
 20
20.273098
 42
-0.007536
  0
VERTEX
  8
0
 10
42.899259
 20
19.898783
 42
-0.003839
  0
VERTEX
  8
0
 10
42.866079
 20
19.583807
 42
-0.134691
  0
VERTEX
  8
0
 10
42.838831
 20
19.515667
 42
0.031935
  0
VERTEX
  8
0
 10
42.722433
 20
19.339669
 42
0.010992
  0
VERTEX
  8
0
 10
42.576430
 20
19.071451
 42
0.006872
  0
VERTEX
  8
0
 10
42.440531
 20
18.799052
 42
0.112729
  0
VERTEX
  8
0
 10
42.418000
 20
18.700387
 42
-0.080038
  0
VERTEX
  8
0
 10
42.403868
 20
18.612668
 42
-0.015966
  0
VERTEX
  8
0
 10
42.349077
 20
18.463219
 42
-0.008141
  0
VERTEX
  8
0
 10
42.243199
 20
18.212523
 42
-0.001027
  0
VERTEX
  8
0
 10
42.004518
 20
17.675089
 42
0.005473
  0
VERTEX
  8
0
 10
41.935854
 20
17.516698
 42
0.007530
  0
VERTEX
  8
0
 10
41.877865
 20
17.372787
 42
0.005075
  0
VERTEX
  8
0
 10
41.832467
 20
17.251383
 42
0.085757
  0
VERTEX
  8
0
 10
41.824979
 20
17.209423
 42
-0.097377
  0
VERTEX
  8
0
 10
41.816475
 20
17.167394
 42
-0.005204
  0
VERTEX
  8
0
 10
41.762656
 20
17.041573
 42
-0.007995
  0
VERTEX
  8
0
 10
41.694288
 20
16.892732
 42
-0.005729
  0
VERTEX
  8
0
 10
41.613312
 20
16.728484
 42
0.007438
  0
VERTEX
  8
0
 10
41.532379
 20
16.562898
 42
0.009894
  0
VERTEX
  8
0
 10
41.464073
 20
16.409925
 42
0.007490
  0
VERTEX
  8
0
 10
41.411709
 20
16.280774
 42
0.092819
  0
VERTEX
  8
0
 10
41.402000
 20
16.228923
 42
-0.086728
  0
VERTEX
  8
0
 10
41.392856
 20
16.176601
 42
-0.006780
  0
VERTEX
  8
0
 10
41.342793
 20
16.043439
 42
-0.009080
  0
VERTEX
  8
0
 10
41.277642
 20
15.885536
 42
-0.006816
  0
VERTEX
  8
0
 10
41.200445
 20
15.714106
 42
0.002658
  0
VERTEX
  8
0
 10
41.112960
 20
15.524067
 42
0.001877
  0
VERTEX
  8
0
 10
41.016615
 20
15.309683
 42
0.001894
  0
VERTEX
  8
0
 10
40.926059
 20
15.104047
 42
0.003995
  0
VERTEX
  8
0
 10
40.857676
 20
14.943667
 42
-0.004274
  0
VERTEX
  8
0
 10
40.797702
 20
14.803224
 42
-0.004052
  0
VERTEX
  8
0
 10
40.734279
 20
14.661297
 42
-0.004025
  0
VERTEX
  8
0
 10
40.676143
 20
14.536647
 42
-0.014213
  0
VERTEX
  8
0
 10
40.635898
 20
14.457982
 42
0.031059
  0
VERTEX
  8
0
 10
40.605047
 20
14.392313
 42
0.023074
  0
VERTEX
  8
0
 10
40.578999
 20
14.316507
 42
0.023498
  0
VERTEX
  8
0
 10
40.561038
 20
14.242419
 42
0.047749
  0
VERTEX
  8
0
 10
40.555333
 20
14.182816
 42
-0.064244
  0
VERTEX
  8
0
 10
40.549012
 20
14.133822
 42
-0.081991
  0
VERTEX
  8
0
 10
40.530462
 20
14.092310
 42
-0.098698
  0
VERTEX
  8
0
 10
40.502955
 20
14.064538
 42
-0.149454
  0
VERTEX
  8
0
 10
40.470667
 20
14.054667
 42
0.149454
  0
VERTEX
  8
0
 10
40.438378
 20
14.044795
 42
0.098698
  0
VERTEX
  8
0
 10
40.410871
 20
14.017023
 42
0.081991
  0
VERTEX
  8
0
 10
40.392321
 20
13.975512
 42
0.064244
  0
VERTEX
  8
0
 10
40.386000
 20
13.926518
 42
-0.047749
  0
VERTEX
  8
0
 10
40.380295
 20
13.866914
 42
-0.023498
  0
VERTEX
  8
0
 10
40.362334
 20
13.792826
 42
-0.023074
  0
VERTEX
  8
0
 10
40.336287
 20
13.717020
 42
-0.031059
  0
VERTEX
  8
0
 10
40.305435
 20
13.651351
 42
0.012041
  0
VERTEX
  8
0
 10
40.264775
 20
13.572719
 42
0.003382
  0
VERTEX
  8
0
 10
40.205103
 20
13.448037
 42
0.003408
  0
VERTEX
  8
0
 10
40.139531
 20
13.306109
 42
0.003585
  0
VERTEX
  8
0
 10
40.077013
 20
13.165667
 42
-0.006482
  0
VERTEX
  8
0
 10
40.016972
 20
13.032865
 42
-0.008663
  0
VERTEX
  8
0
 10
39.958858
 20
12.914048
 42
-0.006388
  0
VERTEX
  8
0
 10
39.907473
 20
12.816540
 42
-0.084477
  0
VERTEX
  8
0
 10
39.882411
 20
12.784667
 42
0.076713
  0
VERTEX
  8
0
 10
39.856077
 20
12.752217
 42
0.004619
  0
VERTEX
  8
0
 10
39.793545
 20
12.642850
 42
0.006830
  0
VERTEX
  8
0
 10
39.721768
 20
12.510360
 42
0.004988
  0
VERTEX
  8
0
 10
39.645530
 20
12.361333
 42
-0.023098
  0
VERTEX
  8
0
 10
39.186037
 20
11.538076
 42
-0.026732
  0
VERTEX
  8
0
 10
38.672630
 20
10.801483
 42
-0.028746
  0
VERTEX
  8
0
 10
38.124968
 20
10.176604
 42
-0.039951
  0
VERTEX
  8
0
 10
37.562661
 20
9.689537
 42
-0.095146
  0
VERTEX
  8
0
 10
37.118337
 20
9.478051
 42
-0.108867
  0
VERTEX
  8
0
 10
36.648958
 20
9.460374
 42
-0.094846
  0
VERTEX
  8
0
 10
36.166213
 20
9.646706
 42
-0.057038
  0
VERTEX
  8
0
 10
35.683931
 20
10.029931
 42
-0.042635
  0
VERTEX
  8
0
 10
35.444530
 20
10.314055
 42
-0.006410
  0
VERTEX
  8
0
 10
35.022021
 20
10.928807
 42
-0.002975
  0
VERTEX
  8
0
 10
34.588211
 20
11.586097
 42
-0.145366
  0
VERTEX
  8
0
 10
34.544000
 20
11.734952
 42
0.106726
  0
VERTEX
  8
0
 10
34.539101
 20
11.757640
 42
0.000560
  0
VERTEX
  8
0
 10
34.444517
 20
11.965843
 42
0.002450
  0
VERTEX
  8
0
 10
34.335154
 20
12.202777
 42
0.001548
  0
VERTEX
  8
0
 10
34.205333
 20
12.478223
 42
-0.004766
  0
VERTEX
  8
0
 10
34.075584
 20
12.758175
 42
-0.006795
  0
VERTEX
  8
0
 10
33.966150
 20
13.009358
 42
-0.004009
  0
VERTEX
  8
0
 10
33.878859
 20
13.222159
 42
-0.095602
  0
VERTEX
  8
0
 10
33.866667
 20
13.285344
 42
0.054850
  0
VERTEX
  8
0
 10
33.861571
 20
13.331658
 42
0.020344
  0
VERTEX
  8
0
 10
33.844698
 20
13.395121
 42
0.019873
  0
VERTEX
  8
0
 10
33.820507
 20
13.463443
 42
0.022644
  0
VERTEX
  8
0
 10
33.791878
 20
13.526649
 42
-0.009137
  0
VERTEX
  8
0
 10
33.755989
 20
13.600508
 42
-0.003443
  0
VERTEX
  8
0
 10
33.708385
 20
13.705093
 42
-0.003409
  0
VERTEX
  8
0
 10
33.658126
 20
13.819646
 42
-0.004145
  0
VERTEX
  8
0
 10
33.612667
 20
13.927667
 42
0.003996
  0
VERTEX
  8
0
 10
33.567323
 20
14.035502
 42
0.003321
  0
VERTEX
  8
0
 10
33.517416
 20
14.149492
 42
0.003352
  0
VERTEX
  8
0
 10
33.470308
 20
14.253296
 42
0.009059
  0
VERTEX
  8
0
 10
33.435047
 20
14.326136
 42
-0.041111
  0
VERTEX
  8
0
 10
33.403196
 20
14.404334
 42
-0.011997
  0
VERTEX
  8
0
 10
33.367182
 20
14.529287
 42
-0.011968
  0
VERTEX
  8
0
 10
33.333253
 20
14.672456
 42
-0.012549
  0
VERTEX
  8
0
 10
33.306804
 20
14.814845
 42
0.017381
  0
VERTEX
  8
0
 10
33.280347
 20
14.949992
 42
0.022666
  0
VERTEX
  8
0
 10
33.246324
 20
15.071317
 42
0.021151
  0
VERTEX
  8
0
 10
33.209961
 20
15.167623
 42
0.154691
  0
VERTEX
  8
0
 10
33.178212
 20
15.204540
 42
-0.135370
  0
VERTEX
  8
0
 10
33.149912
 20
15.235033
 42
-0.044014
  0
VERTEX
  8
0
 10
33.126271
 20
15.292377
 42
-0.040136
  0
VERTEX
  8
0
 10
33.110093
 20
15.363769
 42
-0.035669
  0
VERTEX
  8
0
 10
33.104667
 20
15.439730
 42
0.033044
  0
VERTEX
  8
0
 10
33.099470
 20
15.518271
 42
0.030791
  0
VERTEX
  8
0
 10
33.083958
 20
15.597359
 42
0.032222
  0
VERTEX
  8
0
 10
33.061280
 20
15.665864
 42
0.084092
  0
VERTEX
  8
0
 10
33.034167
 20
15.709900
 42
-0.102316
  0
VERTEX
  8
0
 10
32.999847
 20
15.770437
 42
-0.006560
  0
VERTEX
  8
0
 10
32.939729
 20
15.965673
 42
-0.009378
  0
VERTEX
  8
0
 10
32.875031
 20
16.202354
 42
-0.006834
  0
VERTEX
  8
0
 10
32.811673
 20
16.467667
 42
0.003776
  0
VERTEX
  8
0
 10
32.748534
 20
16.739410
 42
0.004443
  0
VERTEX
  8
0
 10
32.684510
 20
16.995775
 42
0.003914
  0
VERTEX
  8
0
 10
32.626842
 20
17.211297
 42
0.027469
  0
VERTEX
  8
0
 10
32.592217
 20
17.314333
 42
-0.027967
  0
VERTEX
  8
0
 10
32.534504
 20
17.486635
 42
-0.013208
  0
VERTEX
  8
0
 10
32.478546
 20
17.714442
 42
-0.008092
  0
VERTEX
  8
0
 10
32.411386
 20
18.048713
 42
-0.001978
  0
VERTEX
  8
0
 10
32.311849
 20
18.601564
 42
-0.019064
  0
VERTEX
  8
0
 10
32.256299
 20
19.007329
 42
-0.067839
  0
VERTEX
  8
0
 10
32.266122
 20
19.268899
 42
-0.139115
  0
VERTEX
  8
0
 10
32.337204
 20
19.416250
 42
-0.214418
  0
VERTEX
  8
0
 10
32.464196
 20
19.473333
 42
0.067888
  0
VERTEX
  8
0
 10
32.523426
 20
19.481413
 42
0.017643
  0
VERTEX
  8
0
 10
32.615321
 20
19.510486
 42
0.017608
  0
VERTEX
  8
0
 10
32.718678
 20
19.551399
 42
0.017153
  0
VERTEX
  8
0
 10
32.819822
 20
19.599812
 42
-0.021857
  0
VERTEX
  8
0
 10
32.923543
 20
19.648264
 42
-0.019755
  0
VERTEX
  8
0
 10
33.034620
 20
19.689290
 42
-0.020209
  0
VERTEX
  8
0
 10
33.137045
 20
19.718066
 42
-0.057552
  0
VERTEX
  8
0
 10
33.210500
 20
19.726812
 42
0.055175
  0
VERTEX
  8
0
 10
33.267179
 20
19.733287
 42
0.074587
  0
VERTEX
  8
0
 10
33.315143
 20
19.752051
 42
0.093877
  0
VERTEX
  8
0
 10
33.347324
 20
19.779655
 42
0.170265
  0
VERTEX
  8
0
 10
33.358667
 20
19.812000
 42
-0.191087
  0
VERTEX
  8
0
 10
33.371492
 20
19.844333
 42
-0.088204
  0
VERTEX
  8
0
 10
33.408408
 20
19.871796
 42
-0.068025
  0
VERTEX
  8
0
 10
33.463195
 20
19.890427
 42
-0.048028
  0
VERTEX
  8
0
 10
33.528000
 20
19.896667
 42
0.048028
  0
VERTEX
  8
0
 10
33.592805
 20
19.902906
 42
0.068025
  0
VERTEX
  8
0
 10
33.647592
 20
19.921537
 42
0.088204
  0
VERTEX
  8
0
 10
33.684508
 20
19.949001
 42
0.191087
  0
VERTEX
  8
0
 10
33.697333
 20
19.981333
 42
-0.103937
  0
VERTEX
  8
0
 10
33.704122
 20
20.013640
 42
-0.098969
  0
VERTEX
  8
0
 10
33.723399
 20
20.041129
 42
-0.096718
  0
VERTEX
  8
0
 10
33.752196
 20
20.059551
 42
-0.094347
  0
VERTEX
  8
0
 10
33.786067
 20
20.066000
 42
0.132731
  0
VERTEX
  8
0
 10
33.881133
 20
20.091689
 42
0.003248
  0
VERTEX
  8
0
 10
34.274604
 20
20.324528
 42
0.007719
  0
VERTEX
  8
0
 10
34.653479
 20
20.560100
 42
0.021027
  0
VERTEX
  8
0
 10
34.911599
 20
20.741952
 42
0.018831
  0
VERTEX
  8
0
 10
35.436957
 20
21.178616
 42
0.011117
  0
VERTEX
  8
0
 10
36.032061
 20
21.736750
 42
0.011083
  0
VERTEX
  8
0
 10
36.607032
 20
22.326104
 42
0.017399
  0
VERTEX
  8
0
 10
37.071511
 20
22.859886
 42
-0.001747
  0
VERTEX
  8
0
 10
37.196379
 20
23.012797
 42
-0.002033
  0
VERTEX
  8
0
 10
37.316185
 20
23.157265
 42
-0.001804
  0
VERTEX
  8
0
 10
37.418489
 20
23.278720
 42
-0.012211
  0
VERTEX
  8
0
 10
37.470777
 20
23.337378
 42
0.031940
  0
VERTEX
  8
0
 10
37.525318
 20
23.403648
 42
0.002542
  0
VERTEX
  8
0
 10
37.657310
 20
23.588663
 42
0.003436
  0
VERTEX
  8
0
 10
37.812255
 20
23.811437
 42
0.002627
  0
VERTEX
  8
0
 10
37.978777
 20
24.057158
 42
-0.004603
  0
VERTEX
  8
0
 10
38.143385
 20
24.298000
 42
-0.006837
  0
VERTEX
  8
0
 10
38.292329
 20
24.505566
 42
-0.003367
  0
VERTEX
  8
0
 10
38.421812
 20
24.678450
 42
-0.126419
  0
VERTEX
  8
0
 10
38.459833
 20
24.708556
 42
0.129210
  0
VERTEX
  8
0
 10
38.484171
 20
24.728045
 42
0.058488
  0
VERTEX
  8
0
 10
38.504680
 20
24.763721
 42
0.052342
  0
VERTEX
  8
0
 10
38.518624
 20
24.808748
 42
0.048968
  0
VERTEX
  8
0
 10
38.523333
 20
24.856722
 42
-0.068857
  0
VERTEX
  8
0
 10
38.529677
 20
24.902566
 42
-0.085122
  0
VERTEX
  8
0
 10
38.548204
 20
24.941433
 42
-0.099913
  0
VERTEX
  8
0
 10
38.575713
 20
24.967421
 42
-0.140362
  0
VERTEX
  8
0
 10
38.608000
 20
24.976667
 42
0.103937
  0
VERTEX
  8
0
 10
38.640306
 20
24.983456
 42
0.098969
  0
VERTEX
  8
0
 10
38.667796
 20
25.002732
 42
0.096718
  0
VERTEX
  8
0
 10
38.686218
 20
25.031530
 42
0.094347
  0
VERTEX
  8
0
 10
38.692667
 20
25.065400
 42
-0.112308
  0
VERTEX
  8
0
 10
38.705150
 20
25.120276
 42
-0.008492
  0
VERTEX
  8
0
 10
38.773854
 20
25.257446
 42
-0.011371
  0
VERTEX
  8
0
 10
38.863188
 20
25.419400
 42
-0.008401
  0
VERTEX
  8
0
 10
38.969050
 20
25.594567
 42
0.021014
  0
VERTEX
  8
0
 10
39.359678
 20
26.279366
 42
0.007153
  0
VERTEX
  8
0
 10
39.870283
 20
27.304633
 42
0.005785
  0
VERTEX
  8
0
 10
40.345467
 20
28.324052
 42
0.044708
  0
VERTEX
  8
0
 10
40.518421
 20
28.820457
 42
-0.024597
  0
VERTEX
  8
0
 10
40.545268
 20
28.908780
 42
-0.027445
  0
VERTEX
  8
0
 10
40.579854
 20
28.990778
 42
-0.028293
  0
VERTEX
  8
0
 10
40.616702
 20
29.056561
 42
-0.112990
  0
VERTEX
  8
0
 10
40.649379
 20
29.088797
 42
0.121756
  0
VERTEX
  8
0
 10
40.678292
 20
29.118322
 42
0.047879
  0
VERTEX
  8
0
 10
40.702551
 20
29.170270
 42
0.043722
  0
VERTEX
  8
0
 10
40.719098
 20
29.234056
 42
0.041633
  0
VERTEX
  8
0
 10
40.724667
 20
29.300812
 42
-0.038817
  0
VERTEX
  8
0
 10
40.730424
 20
29.374863
 42
-0.023638
  0
VERTEX
  8
0
 10
40.748080
 20
29.460873
 42
-0.023619
  0
VERTEX
  8
0
 10
40.773823
 20
29.545000
 42
-0.038169
  0
VERTEX
  8
0
 10
40.804370
 20
29.613316
 42
0.036460
  0
VERTEX
  8
0
 10
40.843579
 20
29.700203
 42
0.006698
  0
VERTEX
  8
0
 10
40.901913
 20
29.866372
 42
0.007165
  0
VERTEX
  8
0
 10
40.964894
 20
30.063065
 42
0.006463
  0
VERTEX
  8
0
 10
41.024505
 20
30.268333
 42
-0.003785
  0
VERTEX
  8
0
 10
41.083392
 20
30.475238
 42
-0.004035
  0
VERTEX
  8
0
 10
41.144195
 20
30.676850
 42
-0.003839
  0
VERTEX
  8
0
 10
41.199215
 20
30.849409
 42
-0.018690
  0
VERTEX
  8
0
 10
41.234758
 20
30.945667
 42
0.018839
  0
VERTEX
  8
0
 10
41.265285
 20
31.028420
 42
0.008311
  0
VERTEX
  8
0
 10
41.299653
 20
31.139871
 42
0.008212
  0
VERTEX
  8
0
 10
41.332219
 20
31.259362
 42
0.010933
  0
VERTEX
  8
0
 10
41.357633
 20
31.369000
 42
-0.000890
  0
VERTEX
  8
0
 10
41.386272
 20
31.504899
 42
-0.000234
  0
VERTEX
  8
0
 10
41.432637
 20
31.722483
 42
-0.000238
  0
VERTEX
  8
0
 10
41.485652
 20
31.970133
 42
-0.000244
  0
VERTEX
  8
0
 10
41.538461
 20
32.215667
 42
0.007019
  0
VERTEX
  8
0
 10
41.724598
 20
33.141980
 42
0.009388
  0
VERTEX
  8
0
 10
41.865815
 20
33.987501
 42
0.008977
  0
VERTEX
  8
0
 10
41.979663
 20
34.866800
 42
0.005632
  0
VERTEX
  8
0
 10
42.082719
 20
35.898667
 42
0.017801
  0
VERTEX
  8
0
 10
42.131194
 20
36.817998
 42
0.011181
  0
VERTEX
  8
0
 10
42.125512
 20
37.894361
 42
0.010618
  0
VERTEX
  8
0
 10
42.076284
 20
38.900747
 42
0.038972
  0
VERTEX
  8
0
 10
41.982287
 20
39.531148
 42
0.002517
  0
VERTEX
  8
0
 10
41.862912
 20
40.038797
 42
0.008251
  0
VERTEX
  8
0
 10
41.776820
 20
40.372489
 42
0.011771
  0
VERTEX
  8
0
 10
41.707723
 20
40.601917
 42
0.040838
  0
VERTEX
  8
0
 10
41.647748
 20
40.744684
 42
-0.026186
  0
VERTEX
  8
0
 10
41.618492
 20
40.808988
 42
-0.021229
  0
VERTEX
  8
0
 10
41.593780
 20
40.880629
 42
-0.021725
  0
VERTEX
  8
0
 10
41.576650
 20
40.948774
 42
-0.050750
  0
VERTEX
  8
0
 10
41.571333
 20
41.001024
 42
0.114284
  0
VERTEX
  8
0
 10
41.531377
 20
41.173555
 42
0.004592
  0
VERTEX
  8
0
 10
41.241526
 20
41.752249
 42
0.007808
  0
VERTEX
  8
0
 10
40.946817
 20
42.305914
 42
0.042240
  0
VERTEX
  8
0
 10
40.757730
 20
42.588816
 42
0.027030
  0
VERTEX
  8
0
 10
40.372201
 20
43.021644
 42
0.017959
  0
VERTEX
  8
0
 10
39.887088
 20
43.476454
 42
0.012099
  0
VERTEX
  8
0
 10
39.413004
 20
43.870179
 42
0.168792
  0
VERTEX
  8
0
 10
39.206316
 20
43.942000
 42
-0.092633
  0
VERTEX
  8
0
 10
39.171839
 20
43.948443
 42
-0.096207
  0
VERTEX
  8
0
 10
39.142530
 20
43.966871
 42
-0.099299
  0
VERTEX
  8
0
 10
39.122915
 20
43.994362
 42
-0.105836
  0
VERTEX
  8
0
 10
39.116000
 20
44.026667
 42
0.149454
  0
VERTEX
  8
0
 10
39.106128
 20
44.058955
 42
0.098698
  0
VERTEX
  8
0
 10
39.078356
 20
44.086462
 42
0.081991
  0
VERTEX
  8
0
 10
39.036845
 20
44.105012
 42
0.064244
  0
VERTEX
  8
0
 10
38.987851
 20
44.111333
 42
-0.047243
  0
VERTEX
  8
0
 10
38.928247
 20
44.116978
 42
-0.023281
  0
VERTEX
  8
0
 10
38.854160
 20
44.134746
 42
-0.022868
  0
VERTEX
  8
0
 10
38.778353
 20
44.160515
 42
-0.030857
  0
VERTEX
  8
0
 10
38.712684
 20
44.191037
 42
0.069346
  0
VERTEX
  8
0
 10
38.198086
 20
44.383743
 42
0.025173
  0
VERTEX
  8
0
 10
37.428033
 20
44.515538
 42
0.025186
  0
VERTEX
  8
0
 10
36.594475
 20
44.572986
 42
0.036263
  0
SEQEND
  0
POLYLINE
  8
0
 66
1
 70
1
  0
VERTEX
  8
0
 10
37.176711
 20
40.237833
 42
-0.030092
  0
VERTEX
  8
0
 10
37.328075
 20
40.024149
 42
-0.034905
  0
VERTEX
  8
0
 10
37.444542
 20
39.803869
 42
-0.032251
  0
VERTEX
  8
0
 10
37.535913
 20
39.555180
 42
-0.020262
  0
VERTEX
  8
0
 10
37.611695
 20
39.254766
 42
-0.041387
  0
VERTEX
  8
0
 10
37.693521
 20
38.597498
 42
-0.005504
  0
VERTEX
  8
0
 10
37.735704
 20
37.197622
 42
-0.004114
  0
VERTEX
  8
0
 10
37.751249
 20
35.770090
 42
-0.070025
  0
VERTEX
  8
0
 10
37.687192
 20
35.306000
 42
0.018726
  0
VERTEX
  8
0
 10
37.649124
 20
35.150128
 42
0.005617
  0
VERTEX
  8
0
 10
37.602766
 20
34.910183
 42
0.005623
  0
VERTEX
  8
0
 10
37.556757
 20
34.639514
 42
0.006068
  0
VERTEX
  8
0
 10
37.518086
 20
34.374667
 42
-0.004856
  0
VERTEX
  8
0
 10
37.478741
 20
34.100563
 42
-0.003725
  0
VERTEX
  8
0
 10
37.430617
 20
33.801844
 42
-0.003767
  0
VERTEX
  8
0
 10
37.381399
 20
33.523006
 42
-0.008916
  0
VERTEX
  8
0
 10
37.339488
 20
33.316333
 42
0.001364
  0
VERTEX
  8
0
 10
37.299996
 20
33.135642
 42
0.001125
  0
VERTEX
  8
0
 10
37.258841
 20
32.942742
 42
0.001136
  0
VERTEX
  8
0
 10
37.221869
 20
32.765524
 42
0.003037
  0
VERTEX
  8
0
 10
37.196573
 20
32.639000
 42
-0.015855
  0
VERTEX
  8
0
 10
37.173117
 20
32.535549
 42
-0.016294
  0
VERTEX
  8
0
 10
37.143336
 20
32.434742
 42
-0.016248
  0
VERTEX
  8
0
 10
37.111893
 20
32.349223
 42
-0.063788
  0
VERTEX
  8
0
 10
37.084403
 20
32.300333
 42
0.077291
  0
VERTEX
  8
0
 10
37.056585
 20
32.247592
 42
0.013825
  0
VERTEX
  8
0
 10
37.023227
 20
32.141054
 42
0.014640
  0
VERTEX
  8
0
 10
36.990972
 20
32.012867
 42
0.012756
  0
VERTEX
  8
0
 10
36.964600
 20
31.877000
 42
-0.016289
  0
VERTEX
  8
0
 10
36.916204
 20
31.636749
 42
-0.015275
  0
VERTEX
  8
0
 10
36.851372
 20
31.394896
 42
-0.014124
  0
VERTEX
  8
0
 10
36.766770
 20
31.140195
 42
-0.010190
  0
VERTEX
  8
0
 10
36.658698
 20
30.861000
 42
0.008662
  0
VERTEX
  8
0
 10
36.622704
 20
30.768851
 42
0.002163
  0
VERTEX
  8
0
 10
36.567169
 20
30.617054
 42
0.002209
  0
VERTEX
  8
0
 10
36.505148
 20
30.442826
 42
0.002220
  0
VERTEX
  8
0
 10
36.444770
 20
30.268333
 42
-0.012498
  0
VERTEX
  8
0
 10
36.328105
 20
29.952345
 42
-0.007771
  0
VERTEX
  8
0
 10
36.176323
 20
29.587481
 42
-0.005551
  0
VERTEX
  8
0
 10
35.965249
 20
29.115924
 42
-0.001986
  0
VERTEX
  8
0
 10
35.654111
 20
28.448000
 42
-0.023662
  0
VERTEX
  8
0
 10
35.117135
 20
27.434509
 42
-0.020840
  0
VERTEX
  8
0
 10
34.465134
 20
26.431074
 42
-0.021103
  0
VERTEX
  8
0
 10
33.742400
 20
25.500009
 42
-0.026443
  0
VERTEX
  8
0
 10
32.993270
 20
24.704150
 42
0.000000
  0
VERTEX
  8
0
 10
32.309474
 20
24.050634
 42
0.000000
  0
VERTEX
  8
0
 10
32.190036
 20
24.407817
 42
0.026401
  0
VERTEX
  8
0
 10
32.125359
 20
24.571890
 42
0.013267
  0
VERTEX
  8
0
 10
32.027506
 20
24.771996
 42
0.013136
  0
VERTEX
  8
0
 10
31.915106
 20
24.974069
 42
0.018962
  0
VERTEX
  8
0
 10
31.804465
 20
25.146000
 42
-0.020409
  0
VERTEX
  8
0
 10
31.645929
 20
25.393932
 42
-0.082470
  0
VERTEX
  8
0
 10
31.582322
 20
25.561126
 42
-0.064459
  0
VERTEX
  8
0
 10
31.568387
 20
25.759227
 42
-0.009420
  0
VERTEX
  8
0
 10
31.599606
 20
26.162000
 42
0.004388
  0
VERTEX
  8
0
 10
31.628808
 20
26.495189
 42
0.001280
  0
VERTEX
  8
0
 10
31.667929
 20
27.008402
 42
0.001286
  0
VERTEX
  8
0
 10
31.709009
 20
27.586453
 42
0.001378
  0
VERTEX
  8
0
 10
31.746151
 20
28.151667
 42
-0.003213
  0
VERTEX
  8
0
 10
31.784947
 20
28.710665
 42
-0.003197
  0
VERTEX
  8
0
 10
31.830983
 20
29.270060
 42
-0.003132
  0
VERTEX
  8
0
 10
31.877407
 20
29.758458
 42
-0.012508
  0
VERTEX
  8
0
 10
31.915195
 20
30.056667
 42
-0.000329
  0
VERTEX
  8
0
 10
31.979049
 20
30.474303
 42
-0.000296
  0
VERTEX
  8
0
 10
32.045720
 20
30.906752
 42
-0.000212
  0
VERTEX
  8
0
 10
32.130512
 20
31.453049
 42
-0.000069
  0
VERTEX
  8
0
 10
32.255914
 20
32.258000
 42
-0.006396
  0
VERTEX
  8
0
 10
32.299114
 20
32.513531
 42
-0.007354
  0
VERTEX
  8
0
 10
32.347040
 20
32.756210
 42
-0.006689
  0
VERTEX
  8
0
 10
32.393378
 20
32.960486
 42
-0.041620
  0
VERTEX
  8
0
 10
32.427088
 20
33.062333
 42
0.019109
  0
VERTEX
  8
0
 10
32.457627
 20
33.142348
 42
0.009976
  0
VERTEX
  8
0
 10
32.489824
 20
33.244102
 42
0.009907
  0
VERTEX
  8
0
 10
32.518740
 20
33.349951
 42
0.014928
  0
VERTEX
  8
0
 10
32.539329
 20
33.443333
 42
-0.015281
  0
VERTEX
  8
0
 10
32.638463
 20
33.891442
 42
-0.006820
  0
VERTEX
  8
0
 10
32.794939
 20
34.475141
 42
-0.002758
  0
VERTEX
  8
0
 10
32.964585
 20
35.062719
 42
-0.117779
  0
VERTEX
  8
0
 10
33.028898
 20
35.174767
 42
0.086257
  0
VERTEX
  8
0
 10
33.058021
 20
35.218885
 42
0.034500
  0
VERTEX
  8
0
 10
33.082409
 20
35.287308
 42
0.032857
  0
VERTEX
  8
0
 10
33.099079
 20
35.366395
 42
0.035526
  0
VERTEX
  8
0
 10
33.104667
 20
35.444937
 42
-0.040867
  0
VERTEX
  8
0
 10
33.110927
 20
35.521401
 42
-0.043300
  0
VERTEX
  8
0
 10
33.129537
 20
35.594309
 42
-0.047457
  0
VERTEX
  8
0
 10
33.156812
 20
35.653575
 42
-0.123387
  0
VERTEX
  8
0
 10
33.189333
 20
35.687000
 42
0.093165
  0
VERTEX
  8
0
 10
33.221757
 20
35.716568
 42
0.052970
  0
VERTEX
  8
0
 10
33.249129
 20
35.762253
 42
0.050373
  0
VERTEX
  8
0
 10
33.267719
 20
35.815950
 42
0.058224
  0
VERTEX
  8
0
 10
33.274000
 20
35.869701
 42
-0.078311
  0
VERTEX
  8
0
 10
33.293879
 20
35.995846
 42
-0.017637
  0
VERTEX
  8
0
 10
33.368172
 20
36.200724
 42
-0.011046
  0
VERTEX
  8
0
 10
33.502215
 20
36.513193
 42
-0.002355
  0
VERTEX
  8
0
 10
33.749778
 20
37.050106
 42
0.004746
  0
VERTEX
  8
0
 10
33.826997
 20
37.219705
 42
0.006754
  0
VERTEX
  8
0
 10
33.892126
 20
37.371943
 42
0.004012
  0
VERTEX
  8
0
 10
33.944028
 20
37.500868
 42
0.093949
  0
VERTEX
  8
0
 10
33.951333
 20
37.539405
 42
-0.135800
  0
VERTEX
  8
0
 10
33.962529
 20
37.579866
 42
-0.001553
  0
VERTEX
  8
0
 10
34.108541
 20
37.821800
 42
-0.004625
  0
VERTEX
  8
0
 10
34.281386
 20
38.100355
 42
-0.002984
  0
VERTEX
  8
0
 10
34.486508
 20
38.419966
 42
-0.020291
  0
VERTEX
  8
0
 10
34.921983
 20
39.033675
 42
-0.019012
  0
VERTEX
  8
0
 10
35.414897
 20
39.623988
 42
-0.017522
  0
VERTEX
  8
0
 10
35.881368
 20
40.106224
 42
-0.096108
  0
VERTEX
  8
0
 10
36.183870
 20
40.302408
 42
-0.065521
  0
VERTEX
  8
0
 10
36.447999
 20
40.370657
 42
-0.046773
  0
VERTEX
  8
0
 10
36.753619
 20
40.379379
 42
-0.047895
  0
VERTEX
  8
0
 10
37.026699
 20
40.335123
 42
-0.160850
  0
SEQEND
  0
POLYLINE
  8
0
 66
1
 70
1
  0
VERTEX
  8
0
 10
55.160333
 20
27.008667
 42
0.104737
  0
VERTEX
  8
0
 10
55.191320
 20
26.976214
 42
0.051495
  0
VERTEX
  8
0
 10
55.241742
 20
26.948871
 42
0.047900
  0
VERTEX
  8
0
 10
55.302222
 20
26.930277
 42
0.050680
  0
VERTEX
  8
0
 10
55.363989
 20
26.924000
 42
-0.074938
  0
VERTEX
  8
0
 10
55.493355
 20
26.904502
 42
-0.017708
  0
VERTEX
  8
0
 10
55.700226
 20
26.832577
 42
-0.016744
  0
VERTEX
  8
0
 10
55.947574
 20
26.726977
 42
-0.011775
  0
VERTEX
  8
0
 10
56.218667
 20
26.592484
 42
-0.152479
  0
VERTEX
  8
0
 10
56.315954
 20
26.494942
 42
-0.081084
  0
VERTEX
  8
0
 10
56.370062
 20
26.331472
 42
-0.072578
  0
VERTEX
  8
0
 10
56.372544
 20
26.139463
 42
-0.076978
  0
VERTEX
  8
0
 10
56.319510
 20
25.958864
 42
0.005012
  0
VERTEX
  8
0
 10
56.170630
 20
25.633600
 42
0.009631
  0
VERTEX
  8
0
 10
56.058965
 20
25.369466
 42
0.008724
  0
VERTEX
  8
0
 10
55.980537
 20
25.163148
 42
0.086670
  0
VERTEX
  8
0
 10
55.964667
 20
25.072280
 42
-0.089335
  0
VERTEX
  8
0
 10
55.955309
 20
25.020325
 42
-0.012855
  0
VERTEX
  8
0
 10
55.914925
 20
24.919830
 42
-0.014245
  0
VERTEX
  8
0
 10
55.860168
 20
24.802394
 42
-0.011742
  0
VERTEX
  8
0
 10
55.795333
 20
24.680333
 42
0.012289
  0
VERTEX
  8
0
 10
55.730501
 20
24.557954
 42
0.014701
  0
VERTEX
  8
0
 10
55.675742
 20
24.439557
 42
0.013478
  0
VERTEX
  8
0
 10
55.635532
 20
24.337956
 42
0.087697
  0
VERTEX
  8
0
 10
55.626000
 20
24.284030
 42
-0.085543
  0
VERTEX
  8
0
 10
55.615778
 20
24.224719
 42
-0.007117
  0
VERTEX
  8
0
 10
55.561216
 20
24.077796
 42
-0.009332
  0
VERTEX
  8
0
 10
55.489926
 20
23.903606
 42
-0.007066
  0
VERTEX
  8
0
 10
55.405460
 20
23.715106
 42
0.001645
  0
VERTEX
  8
0
 10
55.316025
 20
23.521176
 42
0.001748
  0
VERTEX
  8
0
 10
55.229667
 20
23.330527
 42
0.001663
  0
VERTEX
  8
0
 10
55.156447
 20
23.165904
 42
0.008059
  0
VERTEX
  8
0
 10
55.116709
 20
23.071667
 42
-0.015347
  0
VERTEX
  8
0
 10
54.822011
 20
22.400298
 42
-0.001453
  0
VERTEX
  8
0
 10
54.045419
 20
20.781177
 42
-0.000300
  0
VERTEX
  8
0
 10
53.183004
 20
18.999176
 42
-0.103344
  0
VERTEX
  8
0
 10
53.091542
 20
18.880667
 42
0.079827
  0
VERTEX
  8
0
 10
53.064441
 20
18.848746
 42
0.006128
  0
VERTEX
  8
0
 10
53.007082
 20
18.751377
 42
0.008282
  0
VERTEX
  8
0
 10
52.941679
 20
18.632659
 42
0.006219
  0
VERTEX
  8
0
 10
52.873523
 20
18.499978
 42
-0.024770
  0
VERTEX
  8
0
 10
52.553172
 20
17.929448
 42
-0.011177
  0
VERTEX
  8
0
 10
52.080253
 20
17.213117
 42
-0.010934
  0
VERTEX
  8
0
 10
51.586445
 20
16.532605
 42
-0.032192
  0
VERTEX
  8
0
 10
51.207889
 20
16.095694
 42
-0.023828
  0
VERTEX
  8
0
 10
50.818813
 20
15.736974
 42
-0.023076
  0
VERTEX
  8
0
 10
50.393319
 20
15.412815
 42
-0.023964
  0
VERTEX
  8
0
 10
49.990178
 20
15.161762
 42
-0.067459
  0
VERTEX
  8
0
 10
49.681697
 20
15.040570
 42
-0.109566
  0
VERTEX
  8
0
 10
49.402041
 20
15.034594
 42
-0.062031
  0
VERTEX
  8
0
 10
49.078974
 20
15.141942
 42
-0.056317
  0
VERTEX
  8
0
 10
48.758115
 20
15.341863
 42
-0.053699
  0
VERTEX
  8
0
 10
48.484212
 20
15.611219
 42
-0.032092
  0
VERTEX
  8
0
 10
48.191998
 20
16.018541
 42
-0.018516
  0
VERTEX
  8
0
 10
47.891497
 20
16.542014
 42
-0.017901
  0
VERTEX
  8
0
 10
47.643237
 20
17.058199
 42
-0.058620
  0
VERTEX
  8
0
 10
47.533188
 20
17.419857
 42
0.013185
  0
VERTEX
  8
0
 10
47.506646
 20
17.547737
 42
0.014793
  0
VERTEX
  8
0
 10
47.474261
 20
17.669181
 42
0.014168
  0
VERTEX
  8
0
 10
47.440856
 20
17.770485
 42
0.073189
  0
VERTEX
  8
0
 10
47.413002
 20
17.822333
 42
-0.121133
  0
VERTEX
  8
0
 10
47.339091
 20
17.998132
 42
-0.011873
  0
VERTEX
  8
0
 10
47.277562
 20
18.457463
 42
-0.014715
  0
VERTEX
  8
0
 10
47.233364
 20
19.008843
 42
-0.012027
  0
VERTEX
  8
0
 10
47.217681
 20
19.600333
 42
-0.048384
  0
VERTEX
  8
0
 10
47.366658
 20
21.176498
 42
-0.051831
  0
VERTEX
  8
0
 10
47.815686
 20
22.656879
 42
-0.052303
  0
VERTEX
  8
0
 10
48.554858
 20
24.001670
 42
-0.050973
  0
VERTEX
  8
0
 10
49.562599
 20
25.176603
 42
-0.026624
  0
VERTEX
  8
0
 10
50.092272
 20
25.628892
 42
-0.020255
  0
VERTEX
  8
0
 10
50.716575
 20
26.068039
 42
-0.016799
  0
VERTEX
  8
0
 10
51.305698
 20
26.420310
 42
-0.127007
  0
VERTEX
  8
0
 10
51.616944
 20
26.500667
 42
0.072366
  0
VERTEX
  8
0
 10
51.660656
 20
26.507027
 42
0.087273
  0
VERTEX
  8
0
 10
51.697731
 20
26.525537
 42
0.100461
  0
VERTEX
  8
0
 10
51.722517
 20
26.553046
 42
0.134076
  0
VERTEX
  8
0
 10
51.731333
 20
26.585333
 42
-0.137356
  0
VERTEX
  8
0
 10
51.740373
 20
26.617620
 42
-0.100206
  0
VERTEX
  8
0
 10
51.765784
 20
26.645129
 42
-0.086153
  0
VERTEX
  8
0
 10
51.803790
 20
26.663649
 42
-0.070500
  0
VERTEX
  8
0
 10
51.848611
 20
26.670000
 42
0.064867
  0
VERTEX
  8
0
 10
51.996247
 20
26.689234
 42
0.004812
  0
VERTEX
  8
0
 10
52.389234
 20
26.797460
 42
0.007185
  0
VERTEX
  8
0
 10
52.781448
 20
26.915667
 42
0.021678
  0
VERTEX
  8
0
 10
53.043667
 20
27.011516
 42
-0.091905
  0
VERTEX
  8
0
 10
53.344180
 20
27.075724
 42
-0.007137
  0
VERTEX
  8
0
 10
54.170014
 20
27.086400
 42
-0.003741
  0
VERTEX
  8
0
 10
55.037014
 20
27.078746
 42
-0.255585
  0
SEQEND
  0
POLYLINE
  8
0
 66
1
 70
1
  0
VERTEX
  8
0
 10
146.502871
 20
25.017702
 42
-0.062052
  0
VERTEX
  8
0
 10
146.900946
 20
24.761321
 42
-0.046511
  0
VERTEX
  8
0
 10
147.268620
 20
24.390928
 42
-0.042377
  0
VERTEX
  8
0
 10
147.592825
 20
23.921139
 42
-0.033977
  0
VERTEX
  8
0
 10
147.860994
 20
23.368000
 42
0.003349
  0
VERTEX
  8
0
 10
147.925420
 20
23.211352
 42
0.003359
  0
VERTEX
  8
0
 10
147.991878
 20
23.055732
 42
0.003282
  0
VERTEX
  8
0
 10
148.051652
 20
22.920757
 42
0.013382
  0
VERTEX
  8
0
 10
148.090692
 20
22.839982
 42
-0.038096
  0
VERTEX
  8
0
 10
148.119818
 20
22.771250
 42
-0.022655
  0
VERTEX
  8
0
 10
148.144349
 20
22.685734
 42
-0.022597
  0
VERTEX
  8
0
 10
148.161167
 20
22.597751
 42
-0.035937
  0
VERTEX
  8
0
 10
148.166667
 20
22.521333
 42
0.038769
  0
VERTEX
  8
0
 10
148.172601
 20
22.444916
 42
0.024207
  0
VERTEX
  8
0
 10
148.190748
 20
22.356932
 42
0.024243
  0
VERTEX
  8
0
 10
148.217223
 20
22.271433
 42
0.039998
  0
VERTEX
  8
0
 10
148.248645
 20
22.202684
 42
-0.086387
  0
VERTEX
  8
0
 10
148.340062
 20
21.941198
 42
-0.009554
  0
VERTEX
  8
0
 10
148.431884
 20
21.311807
 42
-0.010352
  0
VERTEX
  8
0
 10
148.517940
 20
20.495708
 42
-0.005636
  0
VERTEX
  8
0
 10
148.591523
 20
19.490688
 42
-0.019216
  0
VERTEX
  8
0
 10
148.624473
 20
18.081902
 42
-0.022277
  0
VERTEX
  8
0
 10
148.544595
 20
16.743023
 42
-0.024275
  0
VERTEX
  8
0
 10
148.361616
 20
15.553879
 42
-0.043239
  0
VERTEX
  8
0
 10
148.080894
 20
14.605000
 42
0.004064
  0
VERTEX
  8
0
 10
148.048233
 20
14.519768
 42
0.001475
  0
VERTEX
  8
0
 10
148.003246
 20
14.398360
 42
0.001463
  0
VERTEX
  8
0
 10
147.954792
 20
14.265200
 42
0.001744
  0
VERTEX
  8
0
 10
147.909904
 20
14.139333
 42
-0.021773
  0
VERTEX
  8
0
 10
147.739481
 20
13.715878
 42
-0.006827
  0
VERTEX
  8
0
 10
147.448347
 20
13.097173
 42
-0.002102
  0
VERTEX
  8
0
 10
147.128778
 20
12.448371
 42
-0.182085
  0
VERTEX
  8
0
 10
147.050291
 20
12.375444
 42
0.125340
  0
VERTEX
  8
0
 10
147.023883
 20
12.355871
 42
0.062074
  0
VERTEX
  8
0
 10
147.001590
 20
12.320279
 42
0.055753
  0
VERTEX
  8
0
 10
146.986457
 20
12.275249
 42
0.053252
  0
VERTEX
  8
0
 10
146.981333
 20
12.227278
 42
-0.050933
  0
VERTEX
  8
0
 10
146.976642
 20
12.181340
 42
-0.070455
  0
VERTEX
  8
0
 10
146.962680
 20
12.142397
 42
-0.090074
  0
VERTEX
  8
0
 10
146.942075
 20
12.116097
 42
-0.181310
  0
VERTEX
  8
0
 10
146.917833
 20
12.106755
 42
0.195366
  0
VERTEX
  8
0
 10
146.883175
 20
12.092306
 42
0.015435
  0
VERTEX
  8
0
 10
146.813162
 20
12.018507
 42
0.019148
  0
VERTEX
  8
0
 10
146.733315
 20
11.921745
 42
0.013431
  0
VERTEX
  8
0
 10
146.650677
 20
11.807149
 42
-0.031564
  0
VERTEX
  8
0
 10
146.543186
 20
11.668936
 42
-0.013429
  0
VERTEX
  8
0
 10
146.383106
 20
11.497438
 42
-0.013225
  0
VERTEX
  8
0
 10
146.201984
 20
11.323031
 42
-0.016912
  0
VERTEX
  8
0
 10
146.025784
 20
11.172727
 42
-0.055953
  0
VERTEX
  8
0
 10
145.633149
 20
10.926216
 42
-0.093484
  0
VERTEX
  8
0
 10
145.257624
 20
10.825344
 42
-0.102757
  0
VERTEX
  8
0
 10
144.896471
 20
10.872121
 42
-0.079669
  0
VERTEX
  8
0
 10
144.546285
 20
11.060077
 42
-0.062335
  0
VERTEX
  8
0
 10
144.300098
 20
11.301733
 42
-0.012282
  0
VERTEX
  8
0
 10
143.926864
 20
11.797197
 42
-0.008262
  0
VERTEX
  8
0
 10
143.568096
 20
12.316546
 42
-0.148069
  0
VERTEX
  8
0
 10
143.510000
 20
12.508423
 42
0.087144
  0
VERTEX
  8
0
 10
143.501852
 20
12.554820
 42
0.007878
  0
VERTEX
  8
0
 10
143.459824
 20
12.665318
 42
0.010037
  0
VERTEX
  8
0
 10
143.404606
 20
12.796184
 42
0.007681
  0
VERTEX
  8
0
 10
143.339188
 20
12.937068
 42
-0.024332
  0
VERTEX
  8
0
 10
143.269907
 20
13.100286
 42
-0.014668
  0
VERTEX
  8
0
 10
143.203077
 20
13.299655
 42
-0.014677
  0
VERTEX
  8
0
 10
143.148176
 20
13.502161
 42
-0.024800
  0
VERTEX
  8
0
 10
143.115696
 20
13.674949
 42
0.015801
  0
VERTEX
  8
0
 10
143.090203
 20
13.825433
 42
0.021255
  0
VERTEX
  8
0
 10
143.057094
 20
13.959614
 42
0.018975
  0
VERTEX
  8
0
 10
143.021455
 20
14.066313
 42
0.165721
  0
VERTEX
  8
0
 10
142.990175
 20
14.104308
 42
-0.178262
  0
VERTEX
  8
0
 10
142.961862
 20
14.140459
 42
-0.028229
  0
VERTEX
  8
0
 10
142.938731
 20
14.229144
 42
-0.028314
  0
VERTEX
  8
0
 10
142.922661
 20
14.341482
 42
-0.021371
  0
VERTEX
  8
0
 10
142.917333
 20
14.466063
 42
0.025051
  0
VERTEX
  8
0
 10
142.910935
 20
14.593696
 42
0.028011
  0
VERTEX
  8
0
 10
142.891784
 20
14.715308
 42
0.028959
  0
VERTEX
  8
0
 10
142.863971
 20
14.815766
 42
0.114851
  0
VERTEX
  8
0
 10
142.830358
 20
14.869776
 42
-0.190327
  0
VERTEX
  8
0
 10
142.736609
 20
15.085919
 42
-0.002707
  0
VERTEX
  8
0
 10
142.696815
 20
16.523434
 42
-0.007647
  0
VERTEX
  8
0
 10
142.687361
 20
17.880385
 42
-0.030369
  0
VERTEX
  8
0
 10
142.744826
 20
18.711333
 42
-0.001623
  0
VERTEX
  8
0
 10
142.847897
 20
19.481664
 42
-0.012815
  0
VERTEX
  8
0
 10
142.905963
 20
19.837219
 42
-0.023370
  0
VERTEX
  8
0
 10
142.954101
 20
20.038947
 42
-0.186169
  0
VERTEX
  8
0
 10
143.010944
 20
20.113861
 42
0.139442
  0
VERTEX
  8
0
 10
143.040102
 20
20.145786
 42
0.042721
  0
VERTEX
  8
0
 10
143.064423
 20
20.207099
 42
0.039039
  0
VERTEX
  8
0
 10
143.081085
 20
20.283687
 42
0.034055
  0
VERTEX
  8
0
 10
143.086667
 20
20.365548
 42
-0.067957
  0
VERTEX
  8
0
 10
143.117920
 20
20.594434
 42
-0.006329
  0
VERTEX
  8
0
 10
143.278013
 20
21.142767
 42
-0.008921
  0
VERTEX
  8
0
 10
143.461841
 20
21.707750
 42
-0.018482
  0
VERTEX
  8
0
 10
143.629310
 20
22.140333
 42
0.003475
  0
VERTEX
  8
0
 10
143.679332
 20
22.258853
 42
0.001829
  0
VERTEX
  8
0
 10
143.739921
 20
22.406769
 42
0.001819
  0
VERTEX
  8
0
 10
143.800874
 20
22.558725
 42
0.002801
  0
VERTEX
  8
0
 10
143.852389
 20
22.690667
 42
-0.032246
  0
VERTEX
  8
0
 10
144.124199
 20
23.281611
 42
-0.024222
  0
VERTEX
  8
0
 10
144.494747
 20
23.894197
 42
-0.024341
  0
VERTEX
  8
0
 10
144.890453
 20
24.424436
 42
-0.067991
  0
VERTEX
  8
0
 10
145.230741
 20
24.738433
 42
0.006484
  0
VERTEX
  8
0
 10
145.336817
 20
24.814552
 42
0.008122
  0
VERTEX
  8
0
 10
145.433105
 20
24.888000
 42
0.006718
  0
VERTEX
  8
0
 10
145.511793
 20
24.951804
 42
0.061017
  0
VERTEX
  8
0
 10
145.542000
 20
24.983960
 42
-0.139768
  0
VERTEX
  8
0
 10
145.604169
 20
25.032288
 42
-0.026780
  0
VERTEX
  8
0
 10
145.740777
 20
25.079003
 42
-0.027457
  0
VERTEX
  8
0
 10
145.906952
 20
25.116347
 42
-0.025879
  0
VERTEX
  8
0
 10
146.079538
 20
25.136179
 42
-0.062444
  0
VERTEX
  8
0
 10
146.157830
 20
25.131313
 42
-0.021526
  0
VERTEX
  8
0
 10
146.268464
 20
25.105427
 42
-0.021003
  0
VERTEX
  8
0
 10
146.389238
 20
25.066089
 42
-0.022843
  0
SEQEND
  0
POLYLINE
  8
0
 66
1
 70
1
  0
VERTEX
  8
0
 10
167.196637
 20
25.015137
 42
-0.044149
  0
VERTEX
  8
0
 10
167.339677
 20
24.939937
 42
-0.019973
  0
VERTEX
  8
0
 10
167.513113
 20
24.818149
 42
-0.019594
  0
VERTEX
  8
0
 10
167.687071
 20
24.674188
 42
-0.025336
  0
VERTEX
  8
0
 10
167.834193
 20
24.528304
 42
-0.040418
  0
VERTEX
  8
0
 10
168.094678
 20
24.191402
 42
-0.020014
  0
VERTEX
  8
0
 10
168.371534
 20
23.726757
 42
-0.017021
  0
VERTEX
  8
0
 10
168.600733
 20
23.267957
 42
-0.107728
  0
VERTEX
  8
0
 10
168.656000
 20
23.014424
 42
0.052946
  0
VERTEX
  8
0
 10
168.662279
 20
22.955296
 42
0.048732
  0
VERTEX
  8
0
 10
168.680871
 20
22.897049
 42
0.052063
  0
VERTEX
  8
0
 10
168.708224
 20
22.848193
 42
0.101041
  0
VERTEX
  8
0
 10
168.740667
 20
22.817667
 42
-0.144823
  0
VERTEX
  8
0
 10
168.773301
 20
22.781169
 42
-0.040930
  0
VERTEX
  8
0
 10
168.800463
 20
22.709034
 42
-0.037579
  0
VERTEX
  8
0
 10
168.819099
 20
22.618576
 42
-0.032024
  0
VERTEX
  8
0
 10
168.825333
 20
22.521333
 42
0.028711
  0
VERTEX
  8
0
 10
168.830899
 20
22.424491
 42
0.034995
  0
VERTEX
  8
0
 10
168.847577
 20
22.335256
 42
0.037589
  0
VERTEX
  8
0
 10
168.871812
 20
22.264474
 42
0.154257
  0
VERTEX
  8
0
 10
168.901056
 20
22.230527
 42
-0.233012
  0
VERTEX
  8
0
 10
169.053057
 20
21.987741
 42
-0.003187
  0
VERTEX
  8
0
 10
169.223976
 20
20.196655
 42
-0.008488
  0
VERTEX
  8
0
 10
169.345255
 20
18.510178
 42
-0.042968
  0
VERTEX
  8
0
 10
169.315983
 20
17.568333
 42
-0.002689
  0
VERTEX
  8
0
 10
169.175867
 20
16.428641
 42
-0.009870
  0
VERTEX
  8
0
 10
169.069089
 20
15.709709
 42
-0.008295
  0
VERTEX
  8
0
 10
168.977629
 20
15.217649
 42
-0.207101
  0
VERTEX
  8
0
 10
168.900645
 20
15.107219
 42
0.138556
  0
VERTEX
  8
0
 10
168.871650
 20
15.075582
 42
0.043007
  0
VERTEX
  8
0
 10
168.847456
 20
15.015104
 42
0.039279
  0
VERTEX
  8
0
 10
168.830886
 20
14.939611
 42
0.034401
  0
VERTEX
  8
0
 10
168.825333
 20
14.859000
 42
-0.033698
  0
VERTEX
  8
0
 10
168.819899
 20
14.778460
 42
-0.038789
  0
VERTEX
  8
0
 10
168.803675
 20
14.703183
 42
-0.042419
  0
VERTEX
  8
0
 10
168.779998
 20
14.642963
 42
-0.140368
  0
VERTEX
  8
0
 10
168.751602
 20
14.611759
 42
0.132304
  0
VERTEX
  8
0
 10
168.719764
 20
14.577866
 42
0.025997
  0
VERTEX
  8
0
 10
168.683926
 20
14.501558
 42
0.025922
  0
VERTEX
  8
0
 10
168.650499
 20
14.405618
 42
0.021512
  0
VERTEX
  8
0
 10
168.624753
 20
14.300596
 42
-0.056084
  0
VERTEX
  8
0
 10
168.492861
 20
13.888072
 42
-0.010201
  0
VERTEX
  8
0
 10
168.148955
 20
13.161154
 42
-0.011452
  0
VERTEX
  8
0
 10
167.766117
 20
12.435036
 42
-0.033221
  0
VERTEX
  8
0
 10
167.457735
 20
11.958673
 42
-0.020180
  0
VERTEX
  8
0
 10
167.299670
 20
11.763722
 42
-0.012151
  0
VERTEX
  8
0
 10
167.097611
 20
11.545057
 42
-0.012162
  0
VERTEX
  8
0
 10
166.885841
 20
11.337135
 42
-0.020756
  0
VERTEX
  8
0
 10
166.697948
 20
11.175506
 42
-0.016656
  0
VERTEX
  8
0
 10
166.449815
 20
10.992458
 42
-0.055645
  0
VERTEX
  8
0
 10
166.271681
 20
10.897191
 42
-0.065447
  0
VERTEX
  8
0
 10
166.092838
 20
10.851675
 42
-0.029635
  0
VERTEX
  8
0
 10
165.851081
 20
10.837333
 42
-0.027726
  0
VERTEX
  8
0
 10
165.597630
 20
10.851398
 42
-0.087678
  0
VERTEX
  8
0
 10
165.435111
 20
10.899151
 42
-0.070008
  0
VERTEX
  8
0
 10
165.279574
 20
11.005669
 42
-0.013483
  0
VERTEX
  8
0
 10
165.033184
 20
11.243266
 42
-0.019094
  0
VERTEX
  8
0
 10
164.868066
 20
11.424677
 42
-0.014728
  0
VERTEX
  8
0
 10
164.701754
 20
11.634265
 42
-0.014964
  0
VERTEX
  8
0
 10
164.557846
 20
11.839555
 42
-0.034138
  0
VERTEX
  8
0
 10
164.465000
 20
12.004294
 42
0.013512
  0
VERTEX
  8
0
 10
164.395510
 20
12.140423
 42
0.020027
  0
VERTEX
  8
0
 10
164.326755
 20
12.255366
 42
0.015807
  0
VERTEX
  8
0
 10
164.264981
 20
12.343616
 42
0.232341
  0
VERTEX
  8
0
 10
164.232167
 20
12.360362
 42
-0.229645
  0
VERTEX
  8
0
 10
164.207830
 20
12.372625
 42
-0.071577
  0
VERTEX
  8
0
 10
164.187320
 20
12.409322
 42
-0.054986
  0
VERTEX
  8
0
 10
164.173307
 20
12.462665
 42
-0.036774
  0
VERTEX
  8
0
 10
164.168667
 20
12.525670
 42
0.041796
  0
VERTEX
  8
0
 10
164.163114
 20
12.591977
 42
0.043810
  0
VERTEX
  8
0
 10
164.146615
 20
12.655361
 42
0.047966
  0
VERTEX
  8
0
 10
164.122425
 20
12.707003
 42
0.121414
  0
VERTEX
  8
0
 10
164.093598
 20
12.736401
 42
-0.144330
  0
VERTEX
  8
0
 10
164.060948
 20
12.772845
 42
-0.022622
  0
VERTEX
  8
0
 10
164.023100
 20
12.862708
 42
-0.023561
  0
VERTEX
  8
0
 10
163.987304
 20
12.975906
 42
-0.018607
  0
VERTEX
  8
0
 10
163.959022
 20
13.101232
 42
0.013943
  0
VERTEX
  8
0
 10
163.931362
 20
13.229351
 42
0.015589
  0
VERTEX
  8
0
 10
163.897473
 20
13.350997
 42
0.015021
  0
VERTEX
  8
0
 10
163.862434
 20
13.452335
 42
0.075772
  0
VERTEX
  8
0
 10
163.833061
 20
13.504333
 42
-0.066751
  0
VERTEX
  8
0
 10
163.804222
 20
13.553312
 42
-0.017456
  0
VERTEX
  8
0
 10
163.771681
 20
13.638742
 42
-0.017418
  0
VERTEX
  8
0
 10
163.741138
 20
13.739549
 42
-0.017028
  0
VERTEX
  8
0
 10
163.717427
 20
13.843000
 42
0.002944
  0
VERTEX
  8
0
 10
163.692155
 20
13.969525
 42
0.001101
  0
VERTEX
  8
0
 10
163.655265
 20
14.146742
 42
0.001091
  0
VERTEX
  8
0
 10
163.614226
 20
14.339642
 42
0.001323
  0
VERTEX
  8
0
 10
163.574872
 20
14.520333
 42
-0.027894
  0
VERTEX
  8
0
 10
163.423650
 20
15.449593
 42
-0.016484
  0
VERTEX
  8
0
 10
163.342125
 20
16.570835
 42
-0.016443
  0
VERTEX
  8
0
 10
163.334500
 20
17.703354
 42
-0.026169
  0
VERTEX
  8
0
 10
163.410435
 20
18.669000
 42
-0.001161
  0
VERTEX
  8
0
 10
163.517899
 20
19.471479
 42
-0.010761
  0
VERTEX
  8
0
 10
163.572637
 20
19.817332
 42
-0.022786
  0
VERTEX
  8
0
 10
163.616711
 20
20.010744
 42
-0.122460
  0
VERTEX
  8
0
 10
163.669339
 20
20.104100
 42
0.098354
  0
VERTEX
  8
0
 10
163.698620
 20
20.150705
 42
0.031592
  0
VERTEX
  8
0
 10
163.723010
 20
20.229077
 42
0.030124
  0
VERTEX
  8
0
 10
163.739733
 20
20.321861
 42
0.029531
  0
VERTEX
  8
0
 10
163.745333
 20
20.416603
 42
-0.029307
  0
VERTEX
  8
0
 10
163.750741
 20
20.508776
 42
-0.035479
  0
VERTEX
  8
0
 10
163.766937
 20
20.593855
 42
-0.038230
  0
VERTEX
  8
0
 10
163.790486
 20
20.661397
 42
-0.152497
  0
VERTEX
  8
0
 10
163.818879
 20
20.694127
 42
0.154691
  0
VERTEX
  8
0
 10
163.850628
 20
20.731044
 42
0.021151
  0
VERTEX
  8
0
 10
163.886990
 20
20.827349
 42
0.022666
  0
VERTEX
  8
0
 10
163.921013
 20
20.948674
 42
0.017381
  0
VERTEX
  8
0
 10
163.947471
 20
21.083821
 42
-0.012549
  0
VERTEX
  8
0
 10
163.973920
 20
21.226211
 42
-0.011968
  0
VERTEX
  8
0
 10
164.007849
 20
21.369379
 42
-0.011997
  0
VERTEX
  8
0
 10
164.043863
 20
21.494332
 42
-0.041111
  0
VERTEX
  8
0
 10
164.075714
 20
21.572531
 42
0.008467
  0
VERTEX
  8
0
 10
164.109821
 20
21.642775
 42
0.003733
  0
VERTEX
  8
0
 10
164.152646
 20
21.736739
 42
0.003693
  0
VERTEX
  8
0
 10
164.196579
 20
21.837059
 42
0.004955
  0
VERTEX
  8
0
 10
164.234823
 20
21.928667
 42
-0.000776
  0
VERTEX
  8
0
 10
164.276392
 20
22.030629
 42
-0.000343
  0
VERTEX
  8
0
 10
164.331609
 20
22.165204
 42
-0.000340
  0
VERTEX
  8
0
 10
164.390317
 20
22.307732
 42
-0.000458
  0
VERTEX
  8
0
 10
164.443667
 20
22.436667
 42
0.002093
  0
VERTEX
  8
0
 10
164.498972
 20
22.571576
 42
0.001238
  0
VERTEX
  8
0
 10
164.563895
 20
22.733000
 42
0.001239
  0
VERTEX
  8
0
 10
164.627898
 20
22.894442
 42
0.002128
  0
VERTEX
  8
0
 10
164.680326
 20
23.029333
 42
-0.008382
  0
VERTEX
  8
0
 10
164.727323
 20
23.145912
 42
-0.010869
  0
VERTEX
  8
0
 10
164.774493
 20
23.251054
 42
-0.008730
  0
VERTEX
  8
0
 10
164.817127
 20
23.336909
 42
-0.090421
  0
VERTEX
  8
0
 10
164.841193
 20
23.368000
 42
0.072743
  0
VERTEX
  8
0
 10
164.867173
 20
23.399233
 42
0.005823
  0
VERTEX
  8
0
 10
164.922175
 20
23.491626
 42
0.007776
  0
VERTEX
  8
0
 10
164.985061
 20
23.604113
 42
0.005887
  0
VERTEX
  8
0
 10
165.050680
 20
23.729407
 42
-0.060627
  0
VERTEX
  8
0
 10
165.372901
 20
24.208812
 42
-0.039671
  0
VERTEX
  8
0
 10
165.847546
 20
24.677065
 42
-0.039536
  0
VERTEX
  8
0
 10
166.348402
 20
25.034848
 42
-0.132894
  0
VERTEX
  8
0
 10
166.732553
 20
25.144072
 42
-0.055454
  0
VERTEX
  8
0
 10
166.811118
 20
25.136347
 42
-0.015546
  0
VERTEX
  8
0
 10
166.931118
 20
25.106993
 42
-0.015477
  0
VERTEX
  8
0
 10
167.065659
 20
25.065088
 42
-0.015722
  0
SEQEND
  0
POLYLINE
  8
0
 66
1
 70
1
  0
VERTEX
  8
0
 10
76.376058
 20
8.487833
 42
0.006470
  0
VERTEX
  8
0
 10
76.425128
 20
8.395580
 42
0.007989
  0
VERTEX
  8
0
 10
76.473327
 20
8.310959
 42
0.006738
  0
VERTEX
  8
0
 10
76.515778
 20
8.241284
 42
0.057034
  0
VERTEX
  8
0
 10
76.538667
 20
8.212667
 42
-0.075553
  0
VERTEX
  8
0
 10
76.581079
 20
8.155435
 42
-0.007585
  0
VERTEX
  8
0
 10
76.658561
 20
8.003567
 42
-0.006702
  0
VERTEX
  8
0
 10
76.766401
 20
7.776389
 42
-0.001855
  0
VERTEX
  8
0
 10
76.929614
 20
7.416800
 42
-0.067915
  0
VERTEX
  8
0
 10
77.044631
 20
7.026752
 42
-0.043842
  0
VERTEX
  8
0
 10
77.074565
 20
6.555990
 42
-0.044389
  0
VERTEX
  8
0
 10
77.022780
 20
6.099036
 42
-0.083481
  0
VERTEX
  8
0
 10
76.889474
 20
5.753441
 42
-0.051938
  0
VERTEX
  8
0
 10
76.648009
 20
5.428113
 42
-0.076900
  0
VERTEX
  8
0
 10
76.371199
 20
5.206541
 42
-0.073328
  0
VERTEX
  8
0
 10
76.030269
 20
5.072294
 42
-0.042851
  0
VERTEX
  8
0
 10
75.594816
 20
5.009561
 42
-0.011644
  0
VERTEX
  8
0
 10
75.242964
 20
4.997544
 42
-0.074013
  0
VERTEX
  8
0
 10
75.066255
 20
5.021889
 42
-0.091820
  0
VERTEX
  8
0
 10
74.921258
 20
5.095139
 42
-0.022730
  0
VERTEX
  8
0
 10
74.716083
 20
5.266686
 42
-0.026180
  0
VERTEX
  8
0
 10
74.545602
 20
5.440184
 42
-0.068431
  0
VERTEX
  8
0
 10
74.448909
 20
5.585340
 42
-0.065922
  0
VERTEX
  8
0
 10
74.393008
 20
5.754410
 42
-0.022974
  0
VERTEX
  8
0
 10
74.356711
 20
6.008783
 42
-0.020939
  0
VERTEX
  8
0
 10
74.344066
 20
6.243058
 42
-0.041036
  0
VERTEX
  8
0
 10
74.357118
 20
6.429273
 42
-0.046426
  0
VERTEX
  8
0
 10
74.398567
 20
6.595202
 42
-0.036317
  0
VERTEX
  8
0
 10
74.472633
 20
6.765531
 42
-0.005455
  0
VERTEX
  8
0
 10
74.536979
 20
6.885102
 42
-0.007160
  0
VERTEX
  8
0
 10
74.598466
 20
6.992762
 42
-0.005400
  0
VERTEX
  8
0
 10
74.652051
 20
7.081342
 42
-0.065641
  0
VERTEX
  8
0
 10
74.677145
 20
7.112000
 42
0.045778
  0
VERTEX
  8
0
 10
74.702315
 20
7.140379
 42
0.005337
  0
VERTEX
  8
0
 10
74.751870
 20
7.209301
 42
0.006373
  0
VERTEX
  8
0
 10
74.809008
 20
7.292830
 42
0.005170
  0
VERTEX
  8
0
 10
74.868196
 20
7.383791
 42
-0.039324
  0
VERTEX
  8
0
 10
75.112563
 20
7.708512
 42
-0.010458
  0
VERTEX
  8
0
 10
75.552035
 20
8.185343
 42
-0.004645
  0
VERTEX
  8
0
 10
76.023580
 20
8.666936
 42
-0.199238
  0
VERTEX
  8
0
 10
76.153067
 20
8.720667
 42
-0.159321
  0
VERTEX
  8
0
 10
76.200802
 20
8.705060
 42
-0.043781
  0
VERTEX
  8
0
 10
76.261052
 20
8.652272
 42
-0.039577
  0
VERTEX
  8
0
 10
76.322548
 20
8.576952
 42
-0.032431
  0
SEQEND
  0
POLYLINE
  8
0
 66
1
 70
1
  0
VERTEX
  8
0
 10
101.378021
 20
8.336576
 42
0.004174
  0
VERTEX
  8
0
 10
101.449927
 20
8.205321
 42
0.005612
  0
VERTEX
  8
0
 10
101.517371
 20
8.087731
 42
0.003938
  0
VERTEX
  8
0
 10
101.575662
 20
7.990452
 42
0.058335
  0
VERTEX
  8
0
 10
101.600135
 20
7.959194
 42
-0.081069
  0
VERTEX
  8
0
 10
101.660668
 20
7.874226
 42
-0.010738
  0
VERTEX
  8
0
 10
101.754175
 20
7.673397
 42
-0.012832
  0
VERTEX
  8
0
 10
101.850070
 20
7.439184
 42
-0.013668
  0
VERTEX
  8
0
 10
101.931687
 20
7.205199
 42
-0.071933
  0
VERTEX
  8
0
 10
102.017182
 20
6.690697
 42
-0.070820
  0
VERTEX
  8
0
 10
101.954228
 20
6.170169
 42
-0.071249
  0
VERTEX
  8
0
 10
101.749196
 20
5.690605
 42
-0.074311
  0
VERTEX
  8
0
 10
101.420083
 20
5.295579
 42
-0.041131
  0
VERTEX
  8
0
 10
101.265234
 20
5.178932
 42
-0.054082
  0
VERTEX
  8
0
 10
101.106452
 20
5.101184
 42
-0.045076
  0
VERTEX
  8
0
 10
100.913216
 20
5.050362
 42
-0.019168
  0
VERTEX
  8
0
 10
100.647540
 20
5.015963
 42
-0.046130
  0
VERTEX
  8
0
 10
100.227190
 20
5.016705
 42
-0.080021
  0
VERTEX
  8
0
 10
99.890029
 20
5.104113
 42
-0.088263
  0
VERTEX
  8
0
 10
99.619707
 20
5.284888
 42
-0.068167
  0
VERTEX
  8
0
 10
99.399395
 20
5.563447
 42
-0.106249
  0
VERTEX
  8
0
 10
99.258508
 20
5.986684
 42
-0.093712
  0
VERTEX
  8
0
 10
99.294452
 20
6.451109
 42
-0.070018
  0
VERTEX
  8
0
 10
99.520062
 20
6.978939
 42
-0.031972
  0
VERTEX
  8
0
 10
99.949000
 20
7.595728
 42
-0.017407
  0
VERTEX
  8
0
 10
100.282984
 20
7.987145
 42
-0.016538
  0
VERTEX
  8
0
 10
100.648946
 20
8.361342
 42
-0.009025
  0
VERTEX
  8
0
 10
100.993291
 20
8.679186
 42
-0.268459
  0
VERTEX
  8
0
 10
101.105123
 20
8.702181
 42
-0.133469
  0
VERTEX
  8
0
 10
101.151559
 20
8.671283
 42
-0.019276
  0
VERTEX
  8
0
 10
101.223754
 20
8.581962
 42
-0.020716
  0
VERTEX
  8
0
 10
101.302408
 20
8.466942
 42
-0.016386
  0
SEQEND
  0
ENDSEC
  0
EOF
